"category";"question";"answer";"source_name";"source_url";"checked_at"
"Выбор и подготовка";"С какой олимпиады начать, если опыта пока нет?";"Выберите интересный предмет и попробуйте задания прошлых лет для своего класса. Если цель — поступление, отдельно проверьте, какие олимпиады учитывает нужная программа вуза. Для первого знакомства подойдёт школьный этап ВсОШ: желание участвовать можно сообщить ответственному за олимпиады в школе.";"Сириус, архив олимпиадных заданий | Минобрнауки России, приказ № 821 от 27.11.2024, ред. 26.11.2025; копия на сайте Университета прокуратуры РФ | Центр олимпиадного движения, официальный методический сайт ВсОШ";"https://siriusolymp.ru/school2026/archive | https://agprf.org/userfiles/ufiles/3%20821%20%D0%BE%D1%82%2027.11.2024%20%D0%9E%D0%B1%20%D1%83%D1%82%D0%B2%20%D0%BF%D0%BE%D1%80%D1%8F%D0%B4%D0%BA%D0%B0%20%D0%BF%D1%80%D0%B8%D0%B5%D0%BC%D0%B0%20%D0%BD%D0%B0%20%D0%9E%D0%9F%20%D0%92%D0%9E_1.pdf | https://vserosolimp.edsoo.ru/";"2026-09-28"
"Выбор и подготовка";"Что можно получить от участия, кроме диплома?";"Олимпиады помогают попробовать исследовательские и нестандартные задачи, углубить знания и понять, какое направление вам интересно. Льгота при поступлении — отдельная возможность: она зависит от соревнования, результата и правил выбранного вуза.";"Минобрнауки России, приказ № 16 от 16.01.2026; копия на сайте Кировского ГМУ | Минобрнауки России, приказ № 821 от 27.11.2024, ред. 26.11.2025; копия на сайте Университета прокуратуры РФ";"https://kirovgma.ru/sites/default/files/priemdocs/2026/prikaz_minobrnauki_rossii_ot_16_01_2026_n_16_ob_utverzhdenii-07-04-2026-115317.pdf | https://agprf.org/userfiles/ufiles/3%20821%20%D0%BE%D1%82%2027.11.2024%20%D0%9E%D0%B1%20%D1%83%D1%82%D0%B2%20%D0%BF%D0%BE%D1%80%D1%8F%D0%B4%D0%BA%D0%B0%20%D0%BF%D1%80%D0%B8%D0%B5%D0%BC%D0%B0%20%D0%BD%D0%B0%20%D0%9E%D0%9F%20%D0%92%D0%9E_1.pdf";"2026-09-28"
"Выбор и подготовка";"Где искать задания для самостоятельной подготовки?";"Начните с официального архива выбранной олимпиады: там можно увидеть формат и требования к решениям. У «Сириуса» есть архив заданий, а в онлайн-школе «Сириус.Курсы» — бесплатные курсы. Практический подход: сначала решить вариант самостоятельно, затем разобрать ошибки и вернуться к трудным темам.";"Сириус, архив олимпиадных заданий | Сириус.Курсы, официальный канал онлайн-школы: бесплатные курсы";"https://siriusolymp.ru/school2026/archive | https://telegram.me/s/sirius_courses";"2026-09-28"
"Выбор и подготовка";"Как составить посильный список олимпиад на сезон?";"Сначала сопоставьте даты туров и регистрации, затем оцените время на подготовку и поездки. Лучше оставить соревнования, к которым вы успеете подготовиться. Число этапов и попыток проверяйте в регламенте каждой олимпиады: единого правила «везде только одна попытка» нет.";"Минобрнауки России, приказ № 16 от 16.01.2026; копия на сайте Кировского ГМУ | Сириус, школьный этап ВсОШ 2026/27: информация и расписание";"https://kirovgma.ru/sites/default/files/priemdocs/2026/prikaz_minobrnauki_rossii_ot_16_01_2026_n_16_ob_utverzhdenii-07-04-2026-115317.pdf | https://siriusolymp.ru/school2026/about";"2026-09-28"
"Сезон 2026/27";"Можно ли уже считать перечень на 2026/27 окончательным?";"На 28 сентября 2026 года на сайте РСОШ опубликован проект перечня на 2026/27 учебный год. Подтверждение утверждения итогового перечня в проверенных официальных материалах не найдено. Проект помогает ориентироваться, но включение олимпиады и её уровень нужно сверить с окончательным приказом Минобрнауки.";"РСОШ, проект перечня олимпиад на 2026/27 учебный год, 11.08.2026";"https://rsr-olymp.ru/news/123";"2026-09-28"
"Сезон 2026/27";"Правила приёма 2026 года подойдут выпускнику 2027 года?";"Их можно использовать только как предварительный ориентир. Олимпиадный сезон 2026/27 и приём в вуз летом 2027 года — разные периоды. По действующему порядку вузы публикуют правила приёма и сведения об особых правах не позднее 20 января года приёма. Проверяйте документы именно на 2027 год и последующие изменения.";"Минобрнауки России, приказ № 821 от 27.11.2024, ред. 26.11.2025; копия на сайте Университета прокуратуры РФ";"https://agprf.org/userfiles/ufiles/3%20821%20%D0%BE%D1%82%2027.11.2024%20%D0%9E%D0%B1%20%D1%83%D1%82%D0%B2%20%D0%BF%D0%BE%D1%80%D1%8F%D0%B4%D0%BA%D0%B0%20%D0%BF%D1%80%D0%B8%D0%B5%D0%BC%D0%B0%20%D0%BD%D0%B0%20%D0%9E%D0%9F%20%D0%92%D0%9E_1.pdf";"2026-09-28"
"Сезон 2026/27";"Правда ли, что призёрам перечневых олимпиад отменили БВИ?";"На дату проверки это проект изменений, а не подтверждённая отмена. РСОШ сообщил 23 сентября 2026 года о предложении оставить БВИ только победителям перечневых олимпиад и учитывать результаты за 10–11 классы. До утверждения документа нельзя выдавать эти условия за действующие. При планировании поступления в 2027 году следите за итоговым решением.";"РСОШ, сообщение о проекте изменения правил приёма, 23.09.2026";"https://rsr-olymp.ru/news/125";"2026-09-28"
"Сезон 2026/27";"Есть ли общее расписание для всех олимпиад?";"Единого календаря всех соревнований нет. Для перечневых олимпиад приказ № 16 устанавливает период с 1 сентября по 15 апреля, а конкретные даты определяют организаторы. ВсОШ проходит по отдельному порядку. Расписание её школьного этапа зависит от предмета и региона, поэтому проверяйте также местного организатора.";"Минобрнауки России, приказ № 16 от 16.01.2026; копия на сайте Кировского ГМУ | Сириус, школьный этап ВсОШ 2026/27: информация и расписание";"https://kirovgma.ru/sites/default/files/priemdocs/2026/prikaz_minobrnauki_rossii_ot_16_01_2026_n_16_ob_utverzhdenii-07-04-2026-115317.pdf | https://siriusolymp.ru/school2026/about";"2026-09-28"
"Регистрация и участие";"Нужно ли отдельно записываться на олимпиаду из каталога?";"Следуйте инструкции организатора: наличие олимпиады в каталоге само по себе не заменяет регистрацию. На официальном сайте проверьте срок подачи заявки, допустимые классы, необходимые согласия и порядок допуска на каждый этап. Сохраните подтверждение регистрации и уточните, требуется ли отдельная запись на финал.";"Минобрнауки России, приказ № 16 от 16.01.2026; копия на сайте Кировского ГМУ";"https://kirovgma.ru/sites/default/files/priemdocs/2026/prikaz_minobrnauki_rossii_ot_16_01_2026_n_16_ob_utverzhdenii-07-04-2026-115317.pdf";"2026-09-28"
"Регистрация и участие";"Участие в олимпиаде бывает платным?";"За участие в олимпиадах, которые проводятся по приказу Минобрнауки № 16, взимать плату запрещено. Не смешивайте участие с платными подготовительными занятиями. Условия оплаты дороги и проживания на выездном этапе уточняйте отдельно у организатора.";"Минобрнауки России, приказ № 16 от 16.01.2026; копия на сайте Кировского ГМУ";"https://kirovgma.ru/sites/default/files/priemdocs/2026/prikaz_minobrnauki_rossii_ot_16_01_2026_n_16_ob_utverzhdenii-07-04-2026-115317.pdf";"2026-09-28"
"Регистрация и участие";"Как проходят этапы перечневых олимпиад в новом сезоне?";"По порядку 2026 года предусмотрено не менее двух этапов. Формат отбора смотрите в регламенте. Финал проводится очно, причём для одного профиля и возрастной группы — в один день на всех площадках. Показ работ и рассмотрение апелляций могут проходить с использованием дистанционных технологий.";"Минобрнауки России, приказ № 16 от 16.01.2026; копия на сайте Кировского ГМУ";"https://kirovgma.ru/sites/default/files/priemdocs/2026/prikaz_minobrnauki_rossii_ot_16_01_2026_n_16_ob_utverzhdenii-07-04-2026-115317.pdf";"2026-09-28"
"Регистрация и участие";"Можно ли решать задания за класс старше своего?";"В перечневой олимпиаде по приказу № 16 можно выбрать на отборе задания своего или более старшего класса. Если пройдёте дальше, на финале нужно будет решать за тот же выбранный класс. Условия конкретного соревнования и последствия для будущей льготы проверьте заранее.";"Минобрнауки России, приказ № 16 от 16.01.2026; копия на сайте Кировского ГМУ | Минобрнауки России, приказ № 821 от 27.11.2024, ред. 26.11.2025; копия на сайте Университета прокуратуры РФ";"https://kirovgma.ru/sites/default/files/priemdocs/2026/prikaz_minobrnauki_rossii_ot_16_01_2026_n_16_ob_utverzhdenii-07-04-2026-115317.pdf | https://agprf.org/userfiles/ufiles/3%20821%20%D0%BE%D1%82%2027.11.2024%20%D0%9E%D0%B1%20%D1%83%D1%82%D0%B2%20%D0%BF%D0%BE%D1%80%D1%8F%D0%B4%D0%BA%D0%B0%20%D0%BF%D1%80%D0%B8%D0%B5%D0%BC%D0%B0%20%D0%BD%D0%B0%20%D0%9E%D0%9F%20%D0%92%D0%9E_1.pdf";"2026-09-28"
"Регистрация и участие";"Диплом прошлого сезона освобождает от нового отбора?";"По порядку перечневых олимпиад победители и призёры предыдущего учебного года, продолжающие обучение в предусмотренных порядком формах, допускаются к олимпиаде без отбора. Это не отменяет организационные действия: уточните у организатора регистрацию, подтверждение диплома и допуск на финал.";"Минобрнауки России, приказ № 16 от 16.01.2026; копия на сайте Кировского ГМУ";"https://kirovgma.ru/sites/default/files/priemdocs/2026/prikaz_minobrnauki_rossii_ot_16_01_2026_n_16_ob_utverzhdenii-07-04-2026-115317.pdf";"2026-09-28"
"Регистрация и участие";"Можно ли пользоваться телефоном, справочником или помощью других людей?";"На перечневой олимпиаде задания выполняют самостоятельно. Средства связи, техника и справочные материалы запрещены, кроме прямо разрешённых регламентом средств и предусмотренных специальных средств для участников с ОВЗ или инвалидностью. Проверьте список разрешённого до тура: нарушение может привести к аннулированию результата.";"Минобрнауки России, приказ № 16 от 16.01.2026; копия на сайте Кировского ГМУ";"https://kirovgma.ru/sites/default/files/priemdocs/2026/prikaz_minobrnauki_rossii_ot_16_01_2026_n_16_ob_utverzhdenii-07-04-2026-115317.pdf";"2026-09-28"
"ВсОШ";"Как войти в систему Всероссийской олимпиады школьников?";"ВсОШ включает школьный, муниципальный, региональный и заключительный этапы. Обычно начинают со школьного: обратитесь к ответственному за олимпиады в школе. Для последующих этапов нужен установленный допуск. Отдельные основания участия без прохождения предыдущего этапа предусмотрены порядком, поэтому прошлогодним дипломантам стоит уточнить свои условия.";"Сириус, школьный этап ВсОШ 2026/27: информация и расписание | Центр олимпиадного движения, официальный методический сайт ВсОШ | Минпросвещения России, порядок ВсОШ № 678 и изменения, включая приказ № 551 от 03.08.2026; официальный раздел документов";"https://siriusolymp.ru/school2026/about | https://vserosolimp.edsoo.ru/ | https://vserosolimp.edsoo.ru/normativka";"2026-09-28"
"ВсОШ";"С какого класса можно участвовать во ВсОШ?";"Школьный этап рассчитан на 5–11 классы, а по математике и русскому языку участвовать могут также четвероклассники. Набор заданий и организацию тура по выбранному предмету уточните в школе. Классы участия на следующих этапах отличаются.";"Центр олимпиадного движения, официальный методический сайт ВсОШ";"https://vserosolimp.edsoo.ru/";"2026-09-28"
"ВсОШ";"Доступна ли ВсОШ школьникам на семейном образовании?";"Да. Семейное образование и самообразование предусмотрены среди форм обучения участников ВсОШ. Заранее свяжитесь с организатором школьного этапа по месту проживания, чтобы уточнить площадку, необходимые документы и порядок регистрации.";"Центр олимпиадного движения, официальный методический сайт ВсОШ";"https://vserosolimp.edsoo.ru/";"2026-09-28"
"ВсОШ";"Где узнать точную дату школьного этапа в своём регионе?";"Сверьте предмет, класс и регион на сайте местного организатора или в школе. Для шести предметов на платформе «Сириус.Курсы» опубликовано расписание 2026/27 по группам регионов. Дата из другой группы или прошлогоднего календаря может не совпадать с вашей.";"Сириус, школьный этап ВсОШ 2026/27: информация и расписание";"https://siriusolymp.ru/school2026/about";"2026-09-28"
"ВсОШ";"Диплом муниципального или регионального этапа даёт БВИ?";"Сам по себе такой диплом не даёт права БВИ, предусмотренного для победителей и призёров заключительного этапа ВсОШ. Однако вуз может учитывать результат более раннего этапа как индивидуальное достижение. Наличие и размер дополнительных баллов проверяйте в правилах приёма выбранной программы.";"Минобрнауки России, приказ № 821 от 27.11.2024, ред. 26.11.2025; копия на сайте Университета прокуратуры РФ | Центр олимпиадного движения, официальный методический сайт ВсОШ";"https://agprf.org/userfiles/ufiles/3%20821%20%D0%BE%D1%82%2027.11.2024%20%D0%9E%D0%B1%20%D1%83%D1%82%D0%B2%20%D0%BF%D0%BE%D1%80%D1%8F%D0%B4%D0%BA%D0%B0%20%D0%BF%D1%80%D0%B8%D0%B5%D0%BC%D0%B0%20%D0%BD%D0%B0%20%D0%9E%D0%9F%20%D0%92%D0%9E_1.pdf | https://vserosolimp.edsoo.ru/";"2026-09-28"
"Поступление и льготы";"Чем ВсОШ отличается от олимпиады из перечня Минобрнауки?";"Это разные системы соревнований. Для дипломантов заключительного этапа ВсОШ предусмотрено право БВИ по соответствующему профилю. Для перечневых олимпиад вуз определяет, какие результаты дают БВИ или 100 баллов и при каких условиях. Приказ № 16 о перечневых олимпиадах прямо исключает ВсОШ из своей сферы действия.";"Минобрнауки России, приказ № 821 от 27.11.2024, ред. 26.11.2025; копия на сайте Университета прокуратуры РФ | Минобрнауки России, приказ № 16 от 16.01.2026; копия на сайте Кировского ГМУ";"https://agprf.org/userfiles/ufiles/3%20821%20%D0%BE%D1%82%2027.11.2024%20%D0%9E%D0%B1%20%D1%83%D1%82%D0%B2%20%D0%BF%D0%BE%D1%80%D1%8F%D0%B4%D0%BA%D0%B0%20%D0%BF%D1%80%D0%B8%D0%B5%D0%BC%D0%B0%20%D0%BD%D0%B0%20%D0%9E%D0%9F%20%D0%92%D0%9E_1.pdf | https://kirovgma.ru/sites/default/files/priemdocs/2026/prikaz_minobrnauki_rossii_ot_16_01_2026_n_16_ob_utverzhdenii-07-04-2026-115317.pdf";"2026-09-28"
"Поступление и льготы";"Как читать уровни I, II и III в перечне?";"Уровень присваивают олимпиаде по конкретному профилю на определённый учебный год. Он зависит от установленных критериев, включая состав участников и характеристики заданий. Это не простая шкала «трудно — легко». Льготу определяет вуз, поэтому один только уровень не гарантирует БВИ.";"Минобрнауки России, приказ № 16 от 16.01.2026; копия на сайте Кировского ГМУ | Минобрнауки России, приказ № 821 от 27.11.2024, ред. 26.11.2025; копия на сайте Университета прокуратуры РФ";"https://kirovgma.ru/sites/default/files/priemdocs/2026/prikaz_minobrnauki_rossii_ot_16_01_2026_n_16_ob_utverzhdenii-07-04-2026-115317.pdf | https://agprf.org/userfiles/ufiles/3%20821%20%D0%BE%D1%82%2027.11.2024%20%D0%9E%D0%B1%20%D1%83%D1%82%D0%B2%20%D0%BF%D0%BE%D1%80%D1%8F%D0%B4%D0%BA%D0%B0%20%D0%BF%D1%80%D0%B8%D0%B5%D0%BC%D0%B0%20%D0%BD%D0%B0%20%D0%9E%D0%9F%20%D0%92%D0%9E_1.pdf";"2026-09-28"
"Поступление и льготы";"Что даёт поступление без вступительных испытаний?";"БВИ позволяет участвовать в зачислении на основании особого права без вступительных испытаний. Нужны подходящий диплом, соответствие профилю программы и выполнение установленных условий. Документы и согласие на зачисление всё равно подают в срок. При нехватке мест действует ранжирование поступающих с БВИ, поэтому диплом не означает автоматическое зачисление.";"Минобрнауки России, приказ № 821 от 27.11.2024, ред. 26.11.2025; копия на сайте Университета прокуратуры РФ";"https://agprf.org/userfiles/ufiles/3%20821%20%D0%BE%D1%82%2027.11.2024%20%D0%9E%D0%B1%20%D1%83%D1%82%D0%B2%20%D0%BF%D0%BE%D1%80%D1%8F%D0%B4%D0%BA%D0%B0%20%D0%BF%D1%80%D0%B8%D0%B5%D0%BC%D0%B0%20%D0%BD%D0%B0%20%D0%9E%D0%9F%20%D0%92%D0%9E_1.pdf";"2026-09-28"
"Поступление и льготы";"Можно ли одновременно заявить БВИ в нескольких вузах?";"При поступлении на бюджет право БВИ используют только в одном вузе на одной образовательной программе независимо от числа дипломов. Для объединённого конкурсного профиля порядок предусматривает особенности. В других конкурсах можно участвовать на иных основаниях, в том числе с правом на 100 баллов, если его предоставляет вуз.";"Минобрнауки России, приказ № 821 от 27.11.2024, ред. 26.11.2025; копия на сайте Университета прокуратуры РФ";"https://agprf.org/userfiles/ufiles/3%20821%20%D0%BE%D1%82%2027.11.2024%20%D0%9E%D0%B1%20%D1%83%D1%82%D0%B2%20%D0%BF%D0%BE%D1%80%D1%8F%D0%B4%D0%BA%D0%B0%20%D0%BF%D1%80%D0%B8%D0%B5%D0%BC%D0%B0%20%D0%BD%D0%B0%20%D0%9E%D0%9F%20%D0%92%D0%9E_1.pdf";"2026-09-28"
"Поступление и льготы";"Как работает льгота «100 баллов»?";"Вуз засчитывает максимальный результат за соответствующее вступительное испытание. Остальные требования к поступлению сохраняются. Одно основание в одном конкурсе даёт 100 баллов по одному общеобразовательному испытанию; для дополнительных испытаний предусмотрены отдельные правила. Один диплом можно использовать в нескольких конкурсах, если условия каждого из них выполнены.";"Минобрнауки России, приказ № 821 от 27.11.2024, ред. 26.11.2025; копия на сайте Университета прокуратуры РФ";"https://agprf.org/userfiles/ufiles/3%20821%20%D0%BE%D1%82%2027.11.2024%20%D0%9E%D0%B1%20%D1%83%D1%82%D0%B2%20%D0%BF%D0%BE%D1%80%D1%8F%D0%B4%D0%BA%D0%B0%20%D0%BF%D1%80%D0%B8%D0%B5%D0%BC%D0%B0%20%D0%BD%D0%B0%20%D0%9E%D0%9F%20%D0%92%D0%9E_1.pdf";"2026-09-28"
"Поступление и льготы";"Сколько баллов ЕГЭ нужно для подтверждения перечневой олимпиады?";"По действующему на дату проверки порядку вуз устанавливает подтверждающий предмет и порог не ниже 75 баллов. Порог может быть выше. Если вуз перечислил несколько предметов для подтверждения одного права, достаточно установленного результата по одному из них. Для творческих олимпиад и олимпиад в области физкультуры и спорта предусмотрено исключение. Для приёма 2027 года проверьте окончательные условия вуза.";"Минобрнауки России, приказ № 821 от 27.11.2024, ред. 26.11.2025; копия на сайте Университета прокуратуры РФ";"https://agprf.org/userfiles/ufiles/3%20821%20%D0%BE%D1%82%2027.11.2024%20%D0%9E%D0%B1%20%D1%83%D1%82%D0%B2%20%D0%BF%D0%BE%D1%80%D1%8F%D0%B4%D0%BA%D0%B0%20%D0%BF%D1%80%D0%B8%D0%B5%D0%BC%D0%B0%20%D0%BD%D0%B0%20%D0%9E%D0%9F%20%D0%92%D0%9E_1.pdf";"2026-09-28"
"Поступление и льготы";"Нужно ли подтверждать ЕГЭ диплом заключительного этапа ВсОШ?";"Для права БВИ по диплому победителя или призёра заключительного этапа ВсОШ требование о подтверждающем ЕГЭ в 75 баллов не применяется. При этом необходимо получить документ об образовании и выполнить условия подачи документов. Право на БВИ действует на направлениях, соответствие которым определяет вуз.";"Минобрнауки России, приказ № 821 от 27.11.2024, ред. 26.11.2025; копия на сайте Университета прокуратуры РФ | Центр олимпиадного движения, официальный методический сайт ВсОШ";"https://agprf.org/userfiles/ufiles/3%20821%20%D0%BE%D1%82%2027.11.2024%20%D0%9E%D0%B1%20%D1%83%D1%82%D0%B2%20%D0%BF%D0%BE%D1%80%D1%8F%D0%B4%D0%BA%D0%B0%20%D0%BF%D1%80%D0%B8%D0%B5%D0%BC%D0%B0%20%D0%BD%D0%B0%20%D0%9E%D0%9F%20%D0%92%D0%9E_1.pdf | https://vserosolimp.edsoo.ru/";"2026-09-28"
"Поступление и льготы";"Сколько лет можно использовать олимпиадный результат?";"Общее правило для соответствующих олимпиадных особых прав — четыре года после года проведения олимпиады. Например, результат 2026 года может использоваться до конца 2030 года при выполнении остальных условий. Отдельно проверяйте, за какой класс получен диплом и какие результаты принимает вуз в год вашего поступления.";"НИУ ВШЭ, часто задаваемые вопросы о приёме 2026 года; пояснение срока использования диплома | Минобрнауки России, приказ № 821 от 27.11.2024, ред. 26.11.2025; копия на сайте Университета прокуратуры РФ";"https://ba.hse.ru/faq | https://agprf.org/userfiles/ufiles/3%20821%20%D0%BE%D1%82%2027.11.2024%20%D0%9E%D0%B1%20%D1%83%D1%82%D0%B2%20%D0%BF%D0%BE%D1%80%D1%8F%D0%B4%D0%BA%D0%B0%20%D0%BF%D1%80%D0%B8%D0%B5%D0%BC%D0%B0%20%D0%BD%D0%B0%20%D0%9E%D0%9F%20%D0%92%D0%9E_1.pdf";"2026-09-28"
"Поступление и льготы";"Пригодится ли для поступления диплом за 9-й или 10-й класс?";"По действующему порядку для перечневых олимпиад учитываемые классы устанавливает вуз. Срок использования результата сам по себе не гарантирует льготу. Для приёма 2027 года особенно важно проверить обновления: опубликован проект, предлагающий учитывать только результаты за 10–11 классы. На дату проверки это предложение, а не окончательное правило.";"Минобрнауки России, приказ № 821 от 27.11.2024, ред. 26.11.2025; копия на сайте Университета прокуратуры РФ | РСОШ, сообщение о проекте изменения правил приёма, 23.09.2026";"https://agprf.org/userfiles/ufiles/3%20821%20%D0%BE%D1%82%2027.11.2024%20%D0%9E%D0%B1%20%D1%83%D1%82%D0%B2%20%D0%BF%D0%BE%D1%80%D1%8F%D0%B4%D0%BA%D0%B0%20%D0%BF%D1%80%D0%B8%D0%B5%D0%BC%D0%B0%20%D0%BD%D0%B0%20%D0%9E%D0%9F%20%D0%92%D0%9E_1.pdf | https://rsr-olymp.ru/news/125";"2026-09-28"
"Поступление и льготы";"Есть ли польза для поступления от олимпиады вне перечня?";"Такой результат сам по себе не даёт особых прав перечневой олимпиады. Вуз может учитывать подходящий конкурс как индивидуальное достижение или предусматривать собственные меры поддержки. ВсОШ рассматривается отдельно: её отсутствие в перечне Минобрнауки не лишает дипломантов финала установленных законом прав.";"Минобрнауки России, приказ № 821 от 27.11.2024, ред. 26.11.2025; копия на сайте Университета прокуратуры РФ";"https://agprf.org/userfiles/ufiles/3%20821%20%D0%BE%D1%82%2027.11.2024%20%D0%9E%D0%B1%20%D1%83%D1%82%D0%B2%20%D0%BF%D0%BE%D1%80%D1%8F%D0%B4%D0%BA%D0%B0%20%D0%BF%D1%80%D0%B8%D0%B5%D0%BC%D0%B0%20%D0%BD%D0%B0%20%D0%9E%D0%9F%20%D0%92%D0%9E_1.pdf";"2026-09-28"
"Поступление и льготы";"За несколько дипломов добавят больше десяти баллов?";"За все общие индивидуальные достижения при поступлении на бакалавриат и специалитет можно получить суммарно не более 10 баллов. Конкретный перечень достижений и баллы определяет вуз. Диплом, уже использованный для особого права в данном конкурсе, нельзя повторно учитывать там как олимпиадное индивидуальное достижение. Для целевых индивидуальных достижений действует отдельное правило.";"Минобрнауки России, приказ № 821 от 27.11.2024, ред. 26.11.2025; копия на сайте Университета прокуратуры РФ";"https://agprf.org/userfiles/ufiles/3%20821%20%D0%BE%D1%82%2027.11.2024%20%D0%9E%D0%B1%20%D1%83%D1%82%D0%B2%20%D0%BF%D0%BE%D1%80%D1%8F%D0%B4%D0%BA%D0%B0%20%D0%BF%D1%80%D0%B8%D0%B5%D0%BC%D0%B0%20%D0%BD%D0%B0%20%D0%9E%D0%9F%20%D0%92%D0%9E_1.pdf";"2026-09-28"
"Поступление и льготы";"Как проверить, подходит ли мой диплом конкретной программе?";"Откройте правила приёма и таблицу олимпиадных льгот вуза за нужный год. Сопоставьте название олимпиады, профиль, год результата, класс, статус победителя или призёра, программу и требуемый балл подтверждения. При неоднозначности направьте приёмной комиссии вопрос со ссылкой на диплом. Условия соседней программы могут отличаться.";"Минобрнауки России, приказ № 821 от 27.11.2024, ред. 26.11.2025; копия на сайте Университета прокуратуры РФ";"https://agprf.org/userfiles/ufiles/3%20821%20%D0%BE%D1%82%2027.11.2024%20%D0%9E%D0%B1%20%D1%83%D1%82%D0%B2%20%D0%BF%D0%BE%D1%80%D1%8F%D0%B4%D0%BA%D0%B0%20%D0%BF%D1%80%D0%B8%D0%B5%D0%BC%D0%B0%20%D0%BD%D0%B0%20%D0%9E%D0%9F%20%D0%92%D0%9E_1.pdf";"2026-09-28"
"Поступление и льготы";"Когда подавать документы, если есть олимпиадная льгота?";"По действующему порядку приём документов на бюджет бакалавриата и специалитета начинается 20 июня года поступления. БВИ не освобождает от подачи заявления, документов и согласия на зачисление. Для лета 2027 года проверьте опубликованные вузом сроки и возможные изменения федерального порядка.";"Минобрнауки России, приказ № 821 от 27.11.2024, ред. 26.11.2025; копия на сайте Университета прокуратуры РФ";"https://agprf.org/userfiles/ufiles/3%20821%20%D0%BE%D1%82%2027.11.2024%20%D0%9E%D0%B1%20%D1%83%D1%82%D0%B2%20%D0%BF%D0%BE%D1%80%D1%8F%D0%B4%D0%BA%D0%B0%20%D0%BF%D1%80%D0%B8%D0%B5%D0%BC%D0%B0%20%D0%BD%D0%B0%20%D0%9E%D0%9F%20%D0%92%D0%9E_1.pdf";"2026-09-28"
"Результаты и документы";"Что делать, если не согласен с оценкой работы?";"Узнайте порядок показа работ и сроки апелляции у организатора. Для перечневых олимпиад предусмотрена апелляционная комиссия. Перед обращением сопоставьте свою работу с критериями и укажите конкретные спорные места. По итогам апелляции баллы могут повысить, оставить прежними или понизить.";"Минобрнауки России, приказ № 16 от 16.01.2026; копия на сайте Кировского ГМУ";"https://kirovgma.ru/sites/default/files/priemdocs/2026/prikaz_minobrnauki_rossii_ot_16_01_2026_n_16_ob_utverzhdenii-07-04-2026-115317.pdf";"2026-09-28"
"Результаты и документы";"Где получить электронный диплом перечневой олимпиады?";"Проверяйте раздел дипломов на сайте РСОШ и сообщения организатора. На дату проверки там опубликована инструкция для сезона 2025/26: электронные копии получают через сервис РСОШ. Дипломы сезона 2026/27 нужно искать после подведения итогов и публикации данных за этот сезон.";"РСОШ, получение электронных дипломов; опубликованная инструкция сезона 2025/26";"https://rsr-olymp.ru/diploma";"2026-09-28"
"Результаты и документы";"В дипломе ошибка или его нет в базе — куда обращаться?";"Напишите в оргкомитет своей олимпиады: укажите сезон, профиль, класс и описание проблемы. По опубликованной инструкции РСОШ исправления вносят по обоснованному запросу организатора. Проверьте данные заранее, чтобы ошибка не обнаружилась в последние дни подачи документов в вуз.";"РСОШ, получение электронных дипломов; опубликованная инструкция сезона 2025/26";"https://rsr-olymp.ru/diploma";"2026-09-28"
