olympiadId;key;sourceUrl;quote
74;2026-27-vsosh-school-sirius-physics;https://siriusolymp.ru/school2026/about;Физика 7–11: группы 1–4 — 29 сентября, 30 сентября, 1 октября, 2 октября
77;2026-27-vsosh-school-sirius-biology;https://siriusolymp.ru/school2026/about;Биология 5–6 и 7–11: 6, 7, 8, 9 октября по группам регионов
76;2026-27-vsosh-school-sirius-chemistry;https://siriusolymp.ru/school2026/about;Химия 7–11: группы 1–4 — 15, 16, 12, 13 октября
72;2026-27-vsosh-school-sirius-math;https://siriusolymp.ru/school2026/about;Математика 4–6 и 7–11: 13, 14, 15, 16 октября по группам регионов
73;2026-27-vsosh-school-sirius-informatics;https://siriusolymp.ru/school2026/about;Информатика 5–11: 19–23 октября по группам регионов и направлениям
147;2026-27-hse-registration;https://olymp.hse.ru/mmo/;Регистрация: 20 августа – 22 сентября (14:00 мск) 2026 года
148;2026-27-hse-registration;https://olymp.hse.ru/mmo/;Регистрация: 20 августа – 22 сентября (14:00 мск) 2026 года
149;2026-27-hse-registration;https://olymp.hse.ru/mmo/;Регистрация: 20 августа – 22 сентября (14:00 мск) 2026 года
150;2026-27-hse-registration;https://olymp.hse.ru/mmo/;Регистрация: 20 августа – 22 сентября (14:00 мск) 2026 года
151;2026-27-hse-registration;https://olymp.hse.ru/mmo/;Регистрация: 20 августа – 22 сентября (14:00 мск) 2026 года
152;2026-27-hse-registration;https://olymp.hse.ru/mmo/;Регистрация: 20 августа – 22 сентября (14:00 мск) 2026 года
157;2026-27-hse-registration;https://olymp.hse.ru/mmo/;Регистрация: 20 августа – 22 сентября (14:00 мск) 2026 года
159;2026-27-hse-registration;https://olymp.hse.ru/mmo/;Регистрация: 20 августа – 22 сентября (14:00 мск) 2026 года
160;2026-27-hse-registration;https://olymp.hse.ru/mmo/;Регистрация: 20 августа – 22 сентября (14:00 мск) 2026 года
227;2026-27-hse-registration;https://olymp.hse.ru/mmo/;Регистрация: 20 августа – 22 сентября (14:00 мск) 2026 года
5058;2026-27-hse-registration;https://olymp.hse.ru/mmo/;Регистрация: 20 августа – 22 сентября (14:00 мск) 2026 года
5208;2026-27-hse-registration;https://olymp.hse.ru/mmo/;Регистрация: 20 августа – 22 сентября (14:00 мск) 2026 года
5319;2026-27-hse-registration;https://olymp.hse.ru/mmo/;Регистрация: 20 августа – 22 сентября (14:00 мск) 2026 года
5448;2026-27-hse-registration;https://olymp.hse.ru/mmo/;Регистрация: 20 августа – 22 сентября (14:00 мск) 2026 года
5449;2026-27-hse-registration;https://olymp.hse.ru/mmo/;Регистрация: 20 августа – 22 сентября (14:00 мск) 2026 года
5572;2026-27-hse-registration;https://olymp.hse.ru/mmo/;Регистрация: 20 августа – 22 сентября (14:00 мск) 2026 года
5574;2026-27-hse-registration;https://olymp.hse.ru/mmo/;Регистрация: 20 августа – 22 сентября (14:00 мск) 2026 года
5668;2026-27-hse-registration;https://olymp.hse.ru/mmo/;Регистрация: 20 августа – 22 сентября (14:00 мск) 2026 года
5669;2026-27-hse-registration;https://olymp.hse.ru/mmo/;Регистрация: 20 августа – 22 сентября (14:00 мск) 2026 года
5670;2026-27-hse-registration;https://olymp.hse.ru/mmo/;Регистрация: 20 августа – 22 сентября (14:00 мск) 2026 года
5819;2026-27-hse-registration;https://olymp.hse.ru/mmo/;Регистрация: 20 августа – 22 сентября (14:00 мск) 2026 года
5906;2026-27-hse-registration;https://olymp.hse.ru/mmo/;Регистрация: 20 августа – 22 сентября (14:00 мск) 2026 года
147;2026-27-hse-round-1;https://olymp.hse.ru/mmo/timetable;Расписание 1 тура отборочного этапа: 29.09.2026 или 03.10.2026
148;2026-27-hse-round-1;https://olymp.hse.ru/mmo/timetable;Расписание 1 тура отборочного этапа: 26.09.2026
149;2026-27-hse-round-1;https://olymp.hse.ru/mmo/timetable;Расписание 1 тура отборочного этапа: 27.09.2026
150;2026-27-hse-round-1;https://olymp.hse.ru/mmo/timetable;Расписание 1 тура отборочного этапа: 26.09.2026 или 02.10.2026
151;2026-27-hse-round-1;https://olymp.hse.ru/mmo/timetable;Расписание 1 тура отборочного этапа: 25.09.2026 или 04.10.2026
152;2026-27-hse-round-1;https://olymp.hse.ru/mmo/timetable;Расписание 1 тура отборочного этапа: 26.09.2026 или 30.09.2026
157;2026-27-hse-round-1;https://olymp.hse.ru/mmo/timetable;Расписание 1 тура отборочного этапа: 26.09.2026
159;2026-27-hse-round-1;https://olymp.hse.ru/mmo/timetable;Расписание 1 тура отборочного этапа: 03.10.2026
160;2026-27-hse-round-1;https://olymp.hse.ru/mmo/timetable;Расписание 1 тура отборочного этапа: 25.09.2026 или 04.10.2026
227;2026-27-hse-round-1;https://olymp.hse.ru/mmo/timetable;Расписание 1 тура отборочного этапа: 26.09.2026
5058;2026-27-hse-round-1;https://olymp.hse.ru/mmo/timetable;Расписание 1 тура отборочного этапа: 27.09.2026
5208;2026-27-hse-round-1;https://olymp.hse.ru/mmo/timetable;Расписание 1 тура отборочного этапа: 28.09.2026 или 03.10.2026
5319;2026-27-hse-round-1;https://olymp.hse.ru/mmo/timetable;Расписание 1 тура отборочного этапа: 27.09.2026
5448;2026-27-hse-round-1;https://olymp.hse.ru/mmo/timetable;Расписание 1 тура отборочного этапа: 27.09.2026
5449;2026-27-hse-round-1;https://olymp.hse.ru/mmo/timetable;Расписание 1 тура отборочного этапа: 26.09.2026
5572;2026-27-hse-round-1;https://olymp.hse.ru/mmo/timetable;Расписание 1 тура отборочного этапа: 04.10.2026
5574;2026-27-hse-round-1;https://olymp.hse.ru/mmo/timetable;Расписание 1 тура отборочного этапа: 03.10.2026
5668;2026-27-hse-round-1;https://olymp.hse.ru/mmo/timetable;Расписание 1 тура отборочного этапа: 04.10.2026
5669;2026-27-hse-round-1;https://olymp.hse.ru/mmo/timetable;Расписание 1 тура отборочного этапа: 04.10.2026
5670;2026-27-hse-round-1;https://olymp.hse.ru/mmo/timetable;Расписание 1 тура отборочного этапа: 26.09.2026
5819;2026-27-hse-round-1;https://olymp.hse.ru/mmo/timetable;Расписание 1 тура отборочного этапа: 04.10.2026
5906;2026-27-hse-round-1;https://olymp.hse.ru/mmo/timetable;Расписание 1 тура отборочного этапа: 27.09.2026
147;2026-27-hse-round-2;https://olymp.hse.ru/mmo/;2 тур: 13 – 22 ноября 2026 года
148;2026-27-hse-round-2;https://olymp.hse.ru/mmo/;2 тур: 13 – 22 ноября 2026 года
149;2026-27-hse-round-2;https://olymp.hse.ru/mmo/;2 тур: 13 – 22 ноября 2026 года
150;2026-27-hse-round-2;https://olymp.hse.ru/mmo/;2 тур: 13 – 22 ноября 2026 года
151;2026-27-hse-round-2;https://olymp.hse.ru/mmo/;2 тур: 13 – 22 ноября 2026 года
152;2026-27-hse-round-2;https://olymp.hse.ru/mmo/;2 тур: 13 – 22 ноября 2026 года
157;2026-27-hse-round-2;https://olymp.hse.ru/mmo/;2 тур: 13 – 22 ноября 2026 года
159;2026-27-hse-round-2;https://olymp.hse.ru/mmo/;2 тур: 13 – 22 ноября 2026 года
160;2026-27-hse-round-2;https://olymp.hse.ru/mmo/;2 тур: 13 – 22 ноября 2026 года
227;2026-27-hse-round-2;https://olymp.hse.ru/mmo/;2 тур: 13 – 22 ноября 2026 года
5058;2026-27-hse-round-2;https://olymp.hse.ru/mmo/;2 тур: 13 – 22 ноября 2026 года
5208;2026-27-hse-round-2;https://olymp.hse.ru/mmo/;2 тур: 13 – 22 ноября 2026 года
5319;2026-27-hse-round-2;https://olymp.hse.ru/mmo/;2 тур: 13 – 22 ноября 2026 года
5448;2026-27-hse-round-2;https://olymp.hse.ru/mmo/;2 тур: 13 – 22 ноября 2026 года
5449;2026-27-hse-round-2;https://olymp.hse.ru/mmo/;2 тур: 13 – 22 ноября 2026 года
5572;2026-27-hse-round-2;https://olymp.hse.ru/mmo/;2 тур: 13 – 22 ноября 2026 года
5574;2026-27-hse-round-2;https://olymp.hse.ru/mmo/;2 тур: 13 – 22 ноября 2026 года
5668;2026-27-hse-round-2;https://olymp.hse.ru/mmo/;2 тур: 13 – 22 ноября 2026 года
5669;2026-27-hse-round-2;https://olymp.hse.ru/mmo/;2 тур: 13 – 22 ноября 2026 года
5670;2026-27-hse-round-2;https://olymp.hse.ru/mmo/;2 тур: 13 – 22 ноября 2026 года
5819;2026-27-hse-round-2;https://olymp.hse.ru/mmo/;2 тур: 13 – 22 ноября 2026 года
5906;2026-27-hse-round-2;https://olymp.hse.ru/mmo/;2 тур: 13 – 22 ноября 2026 года
153;2026-27-hse-round-2;https://olymp.hse.ru/mmo/;2 тур: 13 – 22 ноября 2026 года
5907;2026-27-hse-round-2;https://olymp.hse.ru/mmo/;2 тур: 13 – 22 ноября 2026 года
147;2026-27-hse-final;https://olymp.hse.ru/mmo/;Заключительный этап: 5 – 15 февраля 2027 года
148;2026-27-hse-final;https://olymp.hse.ru/mmo/;Заключительный этап: 5 – 15 февраля 2027 года
149;2026-27-hse-final;https://olymp.hse.ru/mmo/;Заключительный этап: 5 – 15 февраля 2027 года
150;2026-27-hse-final;https://olymp.hse.ru/mmo/;Заключительный этап: 5 – 15 февраля 2027 года
151;2026-27-hse-final;https://olymp.hse.ru/mmo/;Заключительный этап: 5 – 15 февраля 2027 года
152;2026-27-hse-final;https://olymp.hse.ru/mmo/;Заключительный этап: 5 – 15 февраля 2027 года
157;2026-27-hse-final;https://olymp.hse.ru/mmo/;Заключительный этап: 5 – 15 февраля 2027 года
159;2026-27-hse-final;https://olymp.hse.ru/mmo/;Заключительный этап: 5 – 15 февраля 2027 года
160;2026-27-hse-final;https://olymp.hse.ru/mmo/;Заключительный этап: 5 – 15 февраля 2027 года
227;2026-27-hse-final;https://olymp.hse.ru/mmo/;Заключительный этап: 5 – 15 февраля 2027 года
5058;2026-27-hse-final;https://olymp.hse.ru/mmo/;Заключительный этап: 5 – 15 февраля 2027 года
5208;2026-27-hse-final;https://olymp.hse.ru/mmo/;Заключительный этап: 5 – 15 февраля 2027 года
5319;2026-27-hse-final;https://olymp.hse.ru/mmo/;Заключительный этап: 5 – 15 февраля 2027 года
5448;2026-27-hse-final;https://olymp.hse.ru/mmo/;Заключительный этап: 5 – 15 февраля 2027 года
5449;2026-27-hse-final;https://olymp.hse.ru/mmo/;Заключительный этап: 5 – 15 февраля 2027 года
5572;2026-27-hse-final;https://olymp.hse.ru/mmo/;Заключительный этап: 5 – 15 февраля 2027 года
5574;2026-27-hse-final;https://olymp.hse.ru/mmo/;Заключительный этап: 5 – 15 февраля 2027 года
5668;2026-27-hse-final;https://olymp.hse.ru/mmo/;Заключительный этап: 5 – 15 февраля 2027 года
5669;2026-27-hse-final;https://olymp.hse.ru/mmo/;Заключительный этап: 5 – 15 февраля 2027 года
5670;2026-27-hse-final;https://olymp.hse.ru/mmo/;Заключительный этап: 5 – 15 февраля 2027 года
5819;2026-27-hse-final;https://olymp.hse.ru/mmo/;Заключительный этап: 5 – 15 февраля 2027 года
5906;2026-27-hse-final;https://olymp.hse.ru/mmo/;Заключительный этап: 5 – 15 февраля 2027 года
153;2026-27-hse-final;https://olymp.hse.ru/mmo/;Заключительный этап: 5 – 15 февраля 2027 года
5907;2026-27-hse-final;https://olymp.hse.ru/mmo/;Заключительный этап: 5 – 15 февраля 2027 года
372;2026-27-kfu-qualifying;https://malun.kpfu.ru/mpo;Отборочный этап — с 26 октября по 23 ноября 2026 года (дистанционно)
373;2026-27-kfu-qualifying;https://malun.kpfu.ru/mpo;Отборочный этап — с 26 октября по 23 ноября 2026 года (дистанционно)
375;2026-27-kfu-qualifying;https://malun.kpfu.ru/mpo;Отборочный этап — с 26 октября по 23 ноября 2026 года (дистанционно)
376;2026-27-kfu-qualifying;https://malun.kpfu.ru/mpo;Отборочный этап — с 26 октября по 23 ноября 2026 года (дистанционно)
377;2026-27-kfu-qualifying;https://malun.kpfu.ru/mpo;Отборочный этап — с 26 октября по 23 ноября 2026 года (дистанционно)
378;2026-27-kfu-qualifying;https://malun.kpfu.ru/mpo;Отборочный этап — с 26 октября по 23 ноября 2026 года (дистанционно)
379;2026-27-kfu-qualifying;https://malun.kpfu.ru/mpo;Отборочный этап — с 26 октября по 23 ноября 2026 года (дистанционно)
380;2026-27-kfu-qualifying;https://malun.kpfu.ru/mpo;Отборочный этап — с 26 октября по 23 ноября 2026 года (дистанционно)
382;2026-27-kfu-qualifying;https://malun.kpfu.ru/mpo;Отборочный этап — с 26 октября по 23 ноября 2026 года (дистанционно)
383;2026-27-kfu-qualifying;https://malun.kpfu.ru/mpo;Отборочный этап — с 26 октября по 23 ноября 2026 года (дистанционно)
384;2026-27-kfu-qualifying;https://malun.kpfu.ru/mpo;Отборочный этап — с 26 октября по 23 ноября 2026 года (дистанционно)
5608;2026-27-kfu-qualifying;https://malun.kpfu.ru/mpo;Отборочный этап — с 26 октября по 23 ноября 2026 года (дистанционно)
5609;2026-27-kfu-qualifying;https://malun.kpfu.ru/mpo;Отборочный этап — с 26 октября по 23 ноября 2026 года (дистанционно)
5610;2026-27-kfu-qualifying;https://malun.kpfu.ru/mpo;Отборочный этап — с 26 октября по 23 ноября 2026 года (дистанционно)
5611;2026-27-kfu-qualifying;https://malun.kpfu.ru/mpo;Отборочный этап — с 26 октября по 23 ноября 2026 года (дистанционно)
5612;2026-27-kfu-qualifying;https://malun.kpfu.ru/mpo;Отборочный этап — с 26 октября по 23 ноября 2026 года (дистанционно)
5613;2026-27-kfu-qualifying;https://malun.kpfu.ru/mpo;Отборочный этап — с 26 октября по 23 ноября 2026 года (дистанционно)
5664;2026-27-kfu-qualifying;https://malun.kpfu.ru/mpo;Отборочный этап — с 26 октября по 23 ноября 2026 года (дистанционно)
5755;2026-27-kfu-qualifying;https://malun.kpfu.ru/mpo;Отборочный этап — с 26 октября по 23 ноября 2026 года (дистанционно)
372;2026-27-kfu-final;https://malun.kpfu.ru/mpo;Заключительный этап — с 13 января по 07 февраля 2027 года
373;2026-27-kfu-final;https://malun.kpfu.ru/mpo;Заключительный этап — с 13 января по 07 февраля 2027 года
375;2026-27-kfu-final;https://malun.kpfu.ru/mpo;Заключительный этап — с 13 января по 07 февраля 2027 года
376;2026-27-kfu-final;https://malun.kpfu.ru/mpo;Заключительный этап — с 13 января по 07 февраля 2027 года
377;2026-27-kfu-final;https://malun.kpfu.ru/mpo;Заключительный этап — с 13 января по 07 февраля 2027 года
378;2026-27-kfu-final;https://malun.kpfu.ru/mpo;Заключительный этап — с 13 января по 07 февраля 2027 года
379;2026-27-kfu-final;https://malun.kpfu.ru/mpo;Заключительный этап — с 13 января по 07 февраля 2027 года
380;2026-27-kfu-final;https://malun.kpfu.ru/mpo;Заключительный этап — с 13 января по 07 февраля 2027 года
382;2026-27-kfu-final;https://malun.kpfu.ru/mpo;Заключительный этап — с 13 января по 07 февраля 2027 года
383;2026-27-kfu-final;https://malun.kpfu.ru/mpo;Заключительный этап — с 13 января по 07 февраля 2027 года
384;2026-27-kfu-final;https://malun.kpfu.ru/mpo;Заключительный этап — с 13 января по 07 февраля 2027 года
5608;2026-27-kfu-final;https://malun.kpfu.ru/mpo;Заключительный этап — с 13 января по 07 февраля 2027 года
5609;2026-27-kfu-final;https://malun.kpfu.ru/mpo;Заключительный этап — с 13 января по 07 февраля 2027 года
5610;2026-27-kfu-final;https://malun.kpfu.ru/mpo;Заключительный этап — с 13 января по 07 февраля 2027 года
5611;2026-27-kfu-final;https://malun.kpfu.ru/mpo;Заключительный этап — с 13 января по 07 февраля 2027 года
5612;2026-27-kfu-final;https://malun.kpfu.ru/mpo;Заключительный этап — с 13 января по 07 февраля 2027 года
5613;2026-27-kfu-final;https://malun.kpfu.ru/mpo;Заключительный этап — с 13 января по 07 февраля 2027 года
5664;2026-27-kfu-final;https://malun.kpfu.ru/mpo;Заключительный этап — с 13 января по 07 февраля 2027 года
5755;2026-27-kfu-final;https://malun.kpfu.ru/mpo;Заключительный этап — с 13 января по 07 февраля 2027 года
5106;2026-27-zvezda-internet-tour;https://zv.susu.ru/index.php/mnogoprofilnaya-inzhenernaya-olimpiada-zvezda/otborochnyj-etap;Интернет-тур: 09.11.26–09.12.26
5107;2026-27-zvezda-internet-tour;https://zv.susu.ru/index.php/mnogoprofilnaya-inzhenernaya-olimpiada-zvezda/otborochnyj-etap;Интернет-тур: 09.11.26–09.12.26
5108;2026-27-zvezda-internet-tour;https://zv.susu.ru/index.php/mnogoprofilnaya-inzhenernaya-olimpiada-zvezda/otborochnyj-etap;Интернет-тур: 09.11.26–09.12.26
5112;2026-27-zvezda-internet-tour;https://zv.susu.ru/index.php/mnogoprofilnaya-inzhenernaya-olimpiada-zvezda/otborochnyj-etap;Интернет-тур: 09.11.26–09.12.26
5113;2026-27-zvezda-internet-tour;https://zv.susu.ru/index.php/mnogoprofilnaya-inzhenernaya-olimpiada-zvezda/otborochnyj-etap;Интернет-тур: 09.11.26–09.12.26
5218;2026-27-zvezda-internet-tour;https://zv.susu.ru/index.php/mnogoprofilnaya-inzhenernaya-olimpiada-zvezda/otborochnyj-etap;Интернет-тур: 09.11.26–09.12.26
5322;2026-27-zvezda-internet-tour;https://zv.susu.ru/index.php/mnogoprofilnaya-inzhenernaya-olimpiada-zvezda/otborochnyj-etap;Интернет-тур: 09.11.26–09.12.26
5661;2026-27-zvezda-internet-tour;https://zv.susu.ru/index.php/mnogoprofilnaya-inzhenernaya-olimpiada-zvezda/otborochnyj-etap;Интернет-тур: 09.11.26–09.12.26
5662;2026-27-zvezda-internet-tour;https://zv.susu.ru/index.php/mnogoprofilnaya-inzhenernaya-olimpiada-zvezda/otborochnyj-etap;Интернет-тур: 09.11.26–09.12.26
5663;2026-27-zvezda-internet-tour;https://zv.susu.ru/index.php/mnogoprofilnaya-inzhenernaya-olimpiada-zvezda/otborochnyj-etap;Интернет-тур: 09.11.26–09.12.26
6954;2026-27-zvezda-internet-tour;https://zv.susu.ru/index.php/mnogoprofilnaya-inzhenernaya-olimpiada-zvezda/otborochnyj-etap;Интернет-тур: 09.11.26–09.12.26
6957;2026-27-zvezda-internet-tour;https://zv.susu.ru/index.php/mnogoprofilnaya-inzhenernaya-olimpiada-zvezda/otborochnyj-etap;Интернет-тур: 09.11.26–09.12.26
395;2026-27-phystech-math-registration;https://olymp-online.mipt.ru/;"1 тур 11 октября; регистрация с 7 сентября 10:00 по МСК до 10 октября"
395;2026-27-phystech-math-round-1;https://olymp-online.mipt.ru/;1 тур 11 октября
395;2026-27-phystech-math-round-2;https://olymp-online.mipt.ru/;2 тур 1 ноября
395;2026-27-phystech-math-round-3;https://olymp-online.mipt.ru/;11 класс, 3 тур 7 ноября
395;2026-27-phystech-math-final;https://olymp-online.mipt.ru/;"Физика - 13 февраля; Математика - 14 февраля; Русский язык - 13 февраля"
394;2026-27-phystech-physics-registration;https://olymp-online.mipt.ru/;"1 тур 4 октября; регистрация с 7 сентября 10:00 по МСК до 3 октября"
394;2026-27-phystech-physics-round-1;https://olymp-online.mipt.ru/;1 тур 4 октября
394;2026-27-phystech-physics-round-2;https://olymp-online.mipt.ru/;2 тур 25 октября
394;2026-27-phystech-physics-round-3;https://olymp-online.mipt.ru/;11 класс, 3 тур 8 ноября
394;2026-27-phystech-physics-final;https://olymp-online.mipt.ru/;"Физика - 13 февраля; Математика - 14 февраля; Русский язык - 13 февраля"
5839;2026-27-phystech-russian-registration;https://olymp-online.mipt.ru/;9-11 класс: регистрация с 7 сентября 10:00 по МСК до 30 октября
5839;2026-27-phystech-russian-round-1;https://olymp-online.mipt.ru/;1 тур 8 ноября - 8 декабря
5839;2026-27-phystech-russian-final;https://olymp-online.mipt.ru/;Русский язык - 13 февраля
315;2026-27-vsesib-math-registration;https://sesc.nsu.ru/olymp-vsesib/stages/;Дата начала регистрации на площадки: 28 сентября
315;2026-27-vsesib-math-qualifying;https://sesc.nsu.ru/olymp-vsesib/stages/;Отборочный этап: 18 октября
318;2026-27-vsesib-biology-registration;https://sesc.nsu.ru/olymp-vsesib/stages/;Дата начала регистрации на площадки: 12 октября
318;2026-27-vsesib-biology-qualifying;https://sesc.nsu.ru/olymp-vsesib/stages/;Отборочный этап: 1 ноября
316;2026-27-vsesib-informatics-registration;https://sesc.nsu.ru/olymp-vsesib/stages/;Дата начала регистрации на площадки: 19 октября
316;2026-27-vsesib-informatics-qualifying;https://sesc.nsu.ru/olymp-vsesib/stages/;Отборочный этап: 8 ноября
319;2026-27-vsesib-physics-registration;https://sesc.nsu.ru/olymp-vsesib/stages/;Дата начала регистрации на площадки: 26 октября
319;2026-27-vsesib-physics-qualifying;https://sesc.nsu.ru/olymp-vsesib/stages/;Отборочный этап: 15 ноября
317;2026-27-vsesib-chemistry-registration;https://sesc.nsu.ru/olymp-vsesib/stages/;Дата начала регистрации на площадки: 26 октября
317;2026-27-vsesib-chemistry-qualifying;https://sesc.nsu.ru/olymp-vsesib/stages/;Отборочный этап: 22 ноября
5;2026-27-tournament-autumn-basic;https://t.me/s/turnirgorodov;базовый вариант — 4 октября
5;2026-27-tournament-autumn-advanced;https://t.me/s/turnirgorodov;сложный вариант — 18 октября
5795;2026-27-finsec-final;https://rosfinolymp.ru/;Финальный этап: 27 сентября – 2 октября 2026 года
282;2026-27-engineering-moscow-round;https://olymp.mephi.ru/engineering/about;11 октября 2026 - очный отборочный тур Инженерной олимпиады школьников в Москве на базе НИЯУ МИФИ
