название,общий_уровень,формат,этапы_и_даты,этап_1,дата_1,формат_1,этап_2,дата_2,формат_2,этап_3,дата_3,формат_3,этап_4,дата_4,формат_4,этап_5,дата_5,формат_5
ВсОШ по астрономии,ВсОШ,Первый этап в школе,Школьный этап: до 25 сентября (онлайн); Муниципальный этап: до 25 декабря; Региональный этап: до 1 марта; Заключительный этап: до 30 апреля,Школьный этап,до 25 сентября,онлайн,Муниципальный этап,до 25 декабря,,Региональный этап,до 1 марта,,Заключительный этап,до 30 апреля,,,,
Всероссийская академическая олимпиада школьников имени В.И. Вернадского,I,"Онлайн-отбор, очный финал",Регистрация: до 4 декабря (онлайн); Отборочный этап: до 24 декабря (онлайн); Заключительный этап: 23-25 января,Регистрация,до 4 декабря,онлайн,Отборочный этап,до 24 декабря,онлайн,Заключительный этап,23-25 января,,,,,,,
Всесибирская открытая олимпиада школьников,I,Очный финал,Регистрация на отборочный этап: до 20 ноября (онлайн); Отборочный этап: до 22 ноября (очно); Регистрация на заключительный этап: до 26 февраля (онлайн); Заключительный этап: 28 февраля,Регистрация на отборочный этап,до 20 ноября,онлайн,Отборочный этап,до 22 ноября,очно,Регистрация на заключительный этап,до 26 февраля,онлайн,Заключительный этап,28 февраля,,,,
Вузовско-академическая олимпиада по информатике,I,"Онлайн-отбор, очный финал",Регистрация на олимпиаду: до 15 ноября (онлайн); Отборочный этап: до 29 ноября (онлайн); Заключительный этап: 31 января,Регистрация на олимпиаду,до 15 ноября,онлайн,Отборочный этап,до 29 ноября,онлайн,Заключительный этап,31 января,,,,,,,
Высшая проба,I,"Онлайн-отбор, очный финал","Регистрация: до 22 сентября (онлайн); Отборочный этап, 1 тур: до 11 октября (онлайн); Отборочный этап, 2 тур: до 22 ноября (онлайн); Заключительный этап: 5-15 февраля",Регистрация,до 22 сентября,онлайн,"Отборочный этап, 1 тур",до 11 октября,онлайн,"Отборочный этап, 2 тур",до 22 ноября,онлайн,Заключительный этап,5-15 февраля,,,,
Звезда,I,,Регистрация на интернет-тур: 10 октября — 30 ноября 2025 (онлайн); Интернет-тур отборочного этапа: 20 октября — 30 ноября 2025 (онлайн); Очный отборочный этап: 5 — 30 ноября 2025 (очно); Заключительный этап — естественные науки: 1 февраля 2026 (очно); Заключительный этап — техника и технологии: 24 января — 22 марта 2026 (дата зависит от направления) (очно/дистанционно),Регистрация на интернет-тур,10 октября — 30 ноября 2025,онлайн,Интернет-тур отборочного этапа,20 октября — 30 ноября 2025,онлайн,Очный отборочный этап,5 — 30 ноября 2025,очно,Заключительный этап — естественные науки,1 февраля 2026,очно,Заключительный этап — техника и технологии,24 января — 22 марта 2026 (дата зависит от направления),очно/дистанционно
Инженерная олимпиада школьников,I,"Онлайн-отбор, очный финал",Регистрация: до 24 ноября (онлайн); Отборочный этап: до 14 декабря (онлайн); Заключительный этап: 13-15 января,Регистрация,до 24 ноября,онлайн,Отборочный этап,до 14 декабря,онлайн,Заключительный этап,13-15 января,,,,,,,
Иннагрика,I,"Онлайн-отбор, очный финал",Регистрация участников: до 15 октября (онлайн); Отборочный этап: до 18 октября (онлайн); Полуфинал (очный): до 21 ноября (очно); Финал (очный): 13-19 декабря (очно),Регистрация участников,до 15 октября,онлайн,Отборочный этап,до 18 октября,онлайн,Полуфинал (очный),до 21 ноября,очно,Финал (очный),13-19 декабря,очно,,,
Ломоносов,I,"Онлайн-отбор, очный финал",Регистрация: до 24 ноября (онлайн); Отборочный этап: до 14 декабря (онлайн); Заключительный этап: 13-15 января,Регистрация,до 24 ноября,онлайн,Отборочный этап,до 14 декабря,онлайн,Заключительный этап,13-15 января,,,,,,,
Международная олимпиада по финансовой безопасности,I,"Онлайн-отбор, очный финал",Квалификационный этап: проведение отбора участников (школьники): до 3 сентября (онлайн); Финальный этап: 27 сентября — 2 октября,Квалификационный этап: проведение отбора участников (школьники),до 3 сентября,онлайн,Финальный этап,27 сентября — 2 октября,,,,,,,,,,
Олимпиада школьников по информатике и программированию,I,"Онлайн-отбор, очный финал",Регистрация: до 8 ноября (онлайн); Отборочный этап: до 28 ноября (онлайн); Заключительный этап: 28-30 декабря,Регистрация,до 8 ноября,онлайн,Отборочный этап,до 28 ноября,онлайн,Заключительный этап,28-30 декабря,,,,,,,
Олимпиады КФУ,I,"Онлайн-отбор, очный финал",Отборочный этап: до 23 ноября (онлайн); Заключительный этап: 13 января — 7 февраля,Отборочный этап,до 23 ноября,онлайн,Заключительный этап,13 января — 7 февраля,,,,,,,,,,
Открытая олимпиада школьников,I,"Онлайн-отбор, очный финал",Регистрация: до 24 октября (онлайн); Отборочный этап: до 13 ноября (онлайн); Заключительный этап: 13-15 декабря,Регистрация,до 24 октября,онлайн,Отборочный этап,до 13 ноября,онлайн,Заключительный этап,13-15 декабря,,,,,,,
Открытая олимпиада школьников по программированию,I,"Онлайн-отбор, очный финал",Регистрация: до 21 ноября (онлайн); Отборочный этап: до 11 декабря (онлайн); Заключительный этап: 10-12 января,Регистрация,до 21 ноября,онлайн,Отборочный этап,до 11 декабря,онлайн,Заключительный этап,10-12 января,,,,,,,
Покори Воробьёвы горы!,I,"Онлайн-отбор, очный финал",Регистрация: до 28 ноября (онлайн); Отборочный этап: до 18 декабря (онлайн); Заключительный этап: 17-19 января,Регистрация,до 28 ноября,онлайн,Отборочный этап,до 18 декабря,онлайн,Заключительный этап,17-19 января,,,,,,,
Росатом,I,"Онлайн-отбор, очный финал","Очный отборочный тур по физике (Москва, НИЯУ МИФИ): до 27 сентября (очно); Дистанционный отборочный тур (интернет-тур): до 21 декабря (онлайн); Заключительный этап: 20-22 января","Очный отборочный тур по физике (Москва, НИЯУ МИФИ)",до 27 сентября,очно,Дистанционный отборочный тур (интернет-тур),до 21 декабря,онлайн,Заключительный этап,20-22 января,,,,,,,
Санкт-Петербургская астрономическая олимпиада,I,,Отборочный этап (заочный тур): 16 декабря 2025 — 20 января 2026 (онлайн/заочно); Теоретический тур заключительного этапа: 8 февраля 2026 (очно); Практический тур заключительного этапа: 15 марта 2026 (очно),Отборочный этап (заочный тур),16 декабря 2025 — 20 января 2026,онлайн/заочно,Теоретический тур заключительного этапа,8 февраля 2026,очно,Практический тур заключительного этапа,15 марта 2026,очно,,,,,,
Санкт-Петербургская олимпиада школьников,I,"Онлайн-отбор, очный финал",Районный тур: до 14 ноября; Заключительный этап: 14-16 декабря,Районный тур,до 14 ноября,,Заключительный этап,14-16 декабря,,,,,,,,,,
Турнир городов,I,Очный финал,"Осенний тур, базовый вариант: до 4 октября; Осенний тур, сложный вариант: до 18 октября; Заключительный этап: 17-19 ноября","Осенний тур, базовый вариант",до 4 октября,,"Осенний тур, сложный вариант",до 18 октября,,Заключительный этап,17-19 ноября,,,,,,,
Физтех,I,"Онлайн-отбор, очный финал",Регистрация: до 7 сентября (онлайн); Отборочный этап: до 4 октября (онлайн); Заключительный этап: 13-14 февраля,Регистрация,до 7 сентября,онлайн,Отборочный этап,до 4 октября,онлайн,Заключительный этап,13-14 февраля,,,,,,,
Юные таланты,I,"Онлайн-отбор, очный финал","I этап, тренировочный тур: до 9 ноября (онлайн); I этап, интернет-тур: до 13 ноября (онлайн); II (заключительный) этап, отборочный тур: 19 декабря (очно); II (заключительный) этап, финальные (теоретический и экспериментальный) туры: 3-5 марта","I этап, тренировочный тур",до 9 ноября,онлайн,"I этап, интернет-тур",до 13 ноября,онлайн,"II (заключительный) этап, отборочный тур",19 декабря,очно,"II (заключительный) этап, финальные (теоретический и экспериментальный) туры",3-5 марта,,,,
Innopolis Open,II,"Онлайн-отбор, очный финал","Приём заявок на 1-й отборочный тур: до 14 октября (онлайн); Отборочный этап, 1-й тур (17 октября — пробный тур, 18 октября — отборочный тур): до 18 октября (онлайн); Отборочный этап, 2-й тур (21 ноября — пробный тур, 22 ноября — отборочный тур): до 22 ноября (онлайн); Заключительный (финальный) этап: 26-28 февраля",Приём заявок на 1-й отборочный тур,до 14 октября,онлайн,"Отборочный этап, 1-й тур (17 октября — пробный тур, 18 октября — отборочный тур)",до 18 октября,онлайн,"Отборочный этап, 2-й тур (21 ноября — пробный тур, 22 ноября — отборочный тур)",до 22 ноября,онлайн,Заключительный (финальный) этап,26-28 февраля,,,,
Бельчонок,II,"Онлайн-отбор, очный финал",1 этап (отборочный): до 12 января (онлайн); 2 этап (заключительный): 14 февраля,1 этап (отборочный),до 12 января,онлайн,2 этап (заключительный),14 февраля,,,,,,,,,,
Будущее Сибири,II,"Онлайн-отбор, очный финал",Регистрация участников: до 1 декабря (онлайн); Первый (отборочный) этап: до 28 декабря (онлайн); Второй (заключительный) этап: 25 января — 15 марта,Регистрация участников,до 1 декабря,онлайн,Первый (отборочный) этап,до 28 декабря,онлайн,Второй (заключительный) этап,25 января — 15 марта,,,,,,,
Будущие исследователи — будущее науки,II,Очный финал,"Предварительный тур, очная предметная олимпиада (Н. Новгород): до 22 ноября; Заключительный этап: 22-24 декабря","Предварительный тур, очная предметная олимпиада (Н. Новгород)",до 22 ноября,,Заключительный этап,22-24 декабря,,,,,,,,,,
Всероссийская олимпиада по искусственному интеллекту,II,"Онлайн-отбор, очный финал",Регистрация участников: до 6 октября (онлайн); Отборочный этап: до 6 октября (онлайн); Основной этап: до 18 октября (онлайн); Заключительный этап: 16-20 ноября,Регистрация участников,до 6 октября,онлайн,Отборочный этап,до 6 октября,онлайн,Основной этап,до 18 октября,онлайн,Заключительный этап,16-20 ноября,,,,
Всероссийская Сеченовская олимпиада школьников,II,"Онлайн-отбор, очный финал",Регистрация на Олимпиаду и первый (отборочный) этап: до 29 октября (онлайн); Первый (отборочный) этап: до 30 ноября (онлайн); Заключительный этап: 30 декабря — 1 января,Регистрация на Олимпиаду и первый (отборочный) этап,до 29 октября,онлайн,Первый (отборочный) этап,до 30 ноября,онлайн,Заключительный этап,30 декабря — 1 января,,,,,,,
Городская открытая олимпиада школьников по физике,II,"Онлайн-отбор, очный финал",Регистрация: до 5 ноября (онлайн); Отборочный этап: до 25 ноября (онлайн); Заключительный этап: 25-27 декабря,Регистрация,до 5 ноября,онлайн,Отборочный этап,до 25 ноября,онлайн,Заключительный этап,25-27 декабря,,,,,,,
Гранит науки,II,"Онлайн-отбор, очный финал",Регистрация на отборочный тур по всем профилям: до 13 января (онлайн); Отборочный тур: до 13 января (онлайн); Регистрация на заключительный тур олимпиады (профиль Информатика): до 29 января (онлайн); Заключительный тур (профиль Информатика): 6 февраля,Регистрация на отборочный тур по всем профилям,до 13 января,онлайн,Отборочный тур,до 13 января,онлайн,Регистрация на заключительный тур олимпиады (профиль Информатика),до 29 января,онлайн,Заключительный тур (профиль Информатика),6 февраля,,,,
Интернет-олимпиада школьников по физике,II,"Онлайн-отбор, очный финал",Дистанционный тур 1: до 28 ноября (онлайн); Дистанционный тур 2: до 23 января (онлайн); Заключительный (очный) тур: 13 марта (очно),Дистанционный тур 1,до 28 ноября,онлайн,Дистанционный тур 2,до 23 января,онлайн,Заключительный (очный) тур,13 марта,очно,,,,,,
Когнитивные технологии,II,"Онлайн-отбор, очный финал",Регистрация: до 20 ноября (онлайн); Отборочный этап: до 10 декабря (онлайн); Заключительный этап: 9-11 января,Регистрация,до 20 ноября,онлайн,Отборочный этап,до 10 декабря,онлайн,Заключительный этап,9-11 января,,,,,,,
Межрегиональная олимпиада школьников имени И.Я. Верченко,II,"Онлайн-отбор, очный финал",Отборочный этап: до 8 февраля (онлайн); Заключительный этап: 28 февраля,Отборочный этап,до 8 февраля,онлайн,Заключительный этап,28 февраля,,,,,,,,,,
Миссия выполнима. Твоё призвание — финансист!,II,"Онлайн-отбор, очный финал",Регистрация на отборочный этап: до 30 ноября (онлайн); Первый (отборочный) этап: до 2 декабря (онлайн); Заключительный этап: 1-3 января,Регистрация на отборочный этап,до 30 ноября,онлайн,Первый (отборочный) этап,до 2 декабря,онлайн,Заключительный этап,1-3 января,,,,,,,
Московская олимпиада школьников,II,"Онлайн-отбор, очный финал",Регистрация: до 8 ноября (онлайн); Отборочный этап: до 28 ноября (онлайн); Заключительный этап: 28-30 декабря,Регистрация,до 8 ноября,онлайн,Отборочный этап,до 28 ноября,онлайн,Заключительный этап,28-30 декабря,,,,,,,
НТО,II,Онлайн-отбор,Регистрация: до 22 октября (онлайн); Первый (индивидуальный) этап: до 23 октября (онлайн); Второй (командный) этап: до 11 декабря (онлайн),Регистрация,до 22 октября,онлайн,Первый (индивидуальный) этап,до 23 октября,онлайн,Второй (командный) этап,до 11 декабря,онлайн,,,,,,
Объединенная межвузовская олимпиада школьников,II,"Онлайн-отбор, очный финал",Регистрация: до 21 октября (онлайн); Отборочный этап: до 10 ноября (онлайн); Заключительный этап: 10-12 декабря,Регистрация,до 21 октября,онлайн,Отборочный этап,до 10 ноября,онлайн,Заключительный этап,10-12 декабря,,,,,,,
Олимпиада Курчатов,II,"Онлайн-отбор, очный финал",Регистрация: до 9 ноября (онлайн); Отборочный этап: до 29 ноября (онлайн); Заключительный этап: 29-31 декабря,Регистрация,до 9 ноября,онлайн,Отборочный этап,до 29 ноября,онлайн,Заключительный этап,29-31 декабря,,,,,,,
Олимпиада РГГУ для школьников,II,,Регистрация на отборочный этап: 1 декабря 2025 — 11 января 2026 (онлайн); Отборочный этап: 13 — 27 января 2026 (онлайн); Заключительный этап: 21 — 22 февраля 2026 (очно),Регистрация на отборочный этап,1 декабря 2025 — 11 января 2026,онлайн,Отборочный этап,13 — 27 января 2026,онлайн,Заключительный этап,21 — 22 февраля 2026,очно,,,,,,
Олимпиада СПбГУ,II,"Онлайн-отбор, очный финал",Регистрация: до 2 ноября (онлайн); Отборочный этап: до 22 ноября (онлайн); Заключительный этап: 22-24 декабря,Регистрация,до 2 ноября,онлайн,Отборочный этап,до 22 ноября,онлайн,Заключительный этап,22-24 декабря,,,,,,,
Олимпиада Юношеской математической школы,II,"Онлайн-отбор, очный финал","Дистанционный отборочный тур (первый): до 13 сентября (онлайн); Дистанционный отборочный тур (второй): до 17 октября (онлайн); Регистрация на заключительный (очный) этап Олимпиады ЮМШ, 7-11 классы: до 12 декабря (онлайн); Заключительный тур, 7-11 классы (ориентировочная дата): 13 декабря",Дистанционный отборочный тур (первый),до 13 сентября,онлайн,Дистанционный отборочный тур (второй),до 17 октября,онлайн,"Регистрация на заключительный (очный) этап Олимпиады ЮМШ, 7-11 классы",до 12 декабря,онлайн,"Заключительный тур, 7-11 классы (ориентировочная дата)",13 декабря,,,,
Потомки Менделеева,II,"Онлайн-отбор, очный финал",Регистрация: до 9 ноября (онлайн); Отборочный этап: до 29 ноября (онлайн); Заключительный этап: 29-31 декабря,Регистрация,до 9 ноября,онлайн,Отборочный этап,до 29 ноября,онлайн,Заключительный этап,29-31 декабря,,,,,,,
Робофест,II,"Онлайн-отбор, очный финал",Регистрация: до 24 ноября (онлайн); Отборочный этап: до 14 декабря (онлайн); Заключительный этап: 13-15 января,Регистрация,до 24 ноября,онлайн,Отборочный этап,до 14 декабря,онлайн,Заключительный этап,13-15 января,,,,,,,
«Сибириада. Шаг в мечту»,II,"Онлайн-отбор, очный финал","Регистрация участников первого (отборочного) этапа: до 15 декабря (онлайн); Отборочный этап, 1 тур (заочный, интернет-тестирование): до 31 декабря (онлайн); Отборочный этап, 2 тур (очный): до 31 января (очно); Регистрация участников второго (заключительного) этапа: до 10 февраля (онлайн); Второй этап (заключительный) — Международный экономический фестиваль школьников «Сибириада. Шаг в мечту»: до 31 марта",Регистрация участников первого (отборочного) этапа,до 15 декабря,онлайн,"Отборочный этап, 1 тур (заочный, интернет-тестирование)",до 31 декабря,онлайн,"Отборочный этап, 2 тур (очный)",до 31 января,очно,Регистрация участников второго (заключительного) этапа,до 10 февраля,онлайн,Второй этап (заключительный) — Международный экономический фестиваль школьников «Сибириада. Шаг в мечту»,до 31 марта,
Твой путь в настоящую науку,II,"Онлайн-отбор, очный финал",Регистрация: до 27 ноября (онлайн); Отборочный этап: до 17 декабря (онлайн); Заключительный этап: 16-18 января,Регистрация,до 27 ноября,онлайн,Отборочный этап,до 17 декабря,онлайн,Заключительный этап,16-18 января,,,,,,,
ТехноКубок,II,"Онлайн-отбор, очный финал",Регистрация: до 25 октября (онлайн); Отборочный этап: до 14 ноября (онлайн); Заключительный этап: 14-16 декабря,Регистрация,до 25 октября,онлайн,Отборочный этап,до 14 ноября,онлайн,Заключительный этап,14-16 декабря,,,,,,,
Турнир имени М.В. Ломоносова,II,"Онлайн-отбор, очный финал","Регистрация на осенний тур (портал Сириус): до 2 октября (онлайн); Осенний тур: до 4 октября (онлайн); Весенний тур (заключительный тур, 10-11 классы): 13 марта",Регистрация на осенний тур (портал Сириус),до 2 октября,онлайн,Осенний тур,до 4 октября,онлайн,"Весенний тур (заключительный тур, 10-11 классы)",13 марта,,,,,,,
Формула Единства,II,"Онлайн-отбор, очный финал",Отборочный этап: до 5 ноября (онлайн); Заключительный этап: 5-7 декабря,Отборочный этап,до 5 ноября,онлайн,Заключительный этап,5-7 декабря,,,,,,,,,,
Шаг в будущее,II,"Онлайн-отбор, очный финал","Отборочный этап, 1 тур: академическое соревнование (секции с физикой или информатикой), 1 волна: до 25 октября (онлайн); Отборочный этап, 1 тур: академическое соревнование (секции с физикой или информатикой), 2 волна: до 7 декабря (онлайн); Отборочный этап, 2 тур: научное соревнование (видеовизитка проекта): до 10 января (онлайн); Заключительный этап: 9–11 февраля (очно)","Отборочный этап, 1 тур: академическое соревнование (секции с физикой или информатикой), 1 волна",до 25 октября,онлайн,"Отборочный этап, 1 тур: академическое соревнование (секции с физикой или информатикой), 2 волна",до 7 декабря,онлайн,"Отборочный этап, 2 тур: научное соревнование (видеовизитка проекта)",до 10 января,онлайн,Заключительный этап,9–11 февраля,очно,,,
Юниор,II,"Онлайн-отбор, очный финал",Регистрация: до 12 ноября (онлайн); Отборочный этап: до 2 декабря (онлайн); Заключительный этап: 1-3 января,Регистрация,до 12 ноября,онлайн,Отборочный этап,до 2 декабря,онлайн,Заключительный этап,1-3 января,,,,,,,
Всероссийская Толстовская олимпиада школьников,II,"Онлайн-отбор, очный финал",Регистрация (электронная регистрация для участия в Олимпиаде): до 1 января (онлайн); Отборочный (заочный) этап: до 1 января (онлайн); Заключительный этап: 31 января — 2 февраля,Регистрация (электронная регистрация для участия в Олимпиаде),до 1 января,онлайн,Отборочный (заочный) этап,до 1 января,онлайн,Заключительный этап,31 января — 2 февраля,,,,,,,
Газпром,II,"Онлайн-отбор, очный финал",Отборочный этап: до 15 января (онлайн); Регистрация на первый (отборочный) этап: до 15 января (онлайн); Заключительный этап: 14-16 февраля,Отборочный этап,до 15 января,онлайн,Регистрация на первый (отборочный) этап,до 15 января,онлайн,Заключительный этап,14-16 февраля,,,,,,,
Изумруд,II,"Онлайн-отбор, очный финал",Регистрация и отборочный этап: до 19 января (онлайн); Заключительный этап: 30 января — 2 февраля,Регистрация и отборочный этап,до 19 января,онлайн,Заключительный этап,30 января — 2 февраля,,,,,,,,,,
Межрегиональная олимпиада школьников на базе ведомственных образовательных организаций,II,"Онлайн-отбор, очный финал",Отборочный этап: до 10 ноября (онлайн); Заключительный этап: 22 ноября,Отборочный этап,до 10 ноября,онлайн,Заключительный этап,22 ноября,,,,,,,,,,
Межрегиональная химическая олимпиада школьников имени академика П.Д. Саркисова,III,"Онлайн-отбор, очный финал",Регистрация: до 30 октября (онлайн); Отборочный этап: до 19 ноября (онлайн); Заключительный этап: 19-21 декабря,Регистрация,до 30 октября,онлайн,Отборочный этап,до 19 ноября,онлайн,Заключительный этап,19-21 декабря,,,,,,,
Надежда энергетики,III,"Онлайн-отбор, очный финал",Регистрация: до 28 ноября (онлайн); Отборочный этап: до 18 декабря (онлайн); Заключительный этап: 17-19 января,Регистрация,до 28 ноября,онлайн,Отборочный этап,до 18 декабря,онлайн,Заключительный этап,17-19 января,,,,,,,
Оборонно-техническая олимпиада,III,"Онлайн-отбор, очный финал",Регистрация: до 4 декабря (онлайн); Отборочный этап: до 24 декабря (онлайн); Заключительный этап: 23-25 января,Регистрация,до 4 декабря,онлайн,Отборочный этап,до 24 декабря,онлайн,Заключительный этап,23-25 января,,,,,,,
Океан знаний,III,"Онлайн-отбор, очный финал",Регистрация: до 21 октября (онлайн); Отборочный этап: до 10 ноября (онлайн); Заключительный этап: 10-12 декабря,Регистрация,до 21 октября,онлайн,Отборочный этап,до 10 ноября,онлайн,Заключительный этап,10-12 декабря,,,,,,,
Олимпиада РАНХиГС,III,"Онлайн-отбор, очный финал",Регистрация: до 18 ноября (онлайн); Отборочный этап: до 18 ноября (онлайн); Заключительный этап: 30 января — 11 февраля,Регистрация,до 18 ноября,онлайн,Отборочный этап,до 18 ноября,онлайн,Заключительный этап,30 января — 11 февраля,,,,,,,
ОРМО,III,"Онлайн-отбор, очный финал","Регистрация (дистанционный этап) на сайте postupitsu.ru: до 10 января (онлайн); Отборочный этап, дистанционный формат: до 10 января (онлайн); Отборочный этап, очное проведение по заявкам от школ (все предметы): до 22 ноября (очно); Очный отборочный этап, физика (по заявкам школ Томска, Северска, Томского района): до 28 ноября (очно); Заключительный этап (очно, ТГУ и региональные площадки): 27 февраля (очно)",Регистрация (дистанционный этап) на сайте postupitsu.ru,до 10 января,онлайн,"Отборочный этап, дистанционный формат",до 10 января,онлайн,"Отборочный этап, очное проведение по заявкам от школ (все предметы)",до 22 ноября,очно,"Очный отборочный этап, физика (по заявкам школ Томска, Северска, Томского района)",до 28 ноября,очно,"Заключительный этап (очно, ТГУ и региональные площадки)",27 февраля,очно
Открытая химическая олимпиада,III,"Онлайн-отбор, очный финал",Регистрация: до 2 ноября (онлайн); Отборочный этап: до 22 ноября (онлайн); Заключительный этап: 22-24 декабря,Регистрация,до 2 ноября,онлайн,Отборочный этап,до 22 ноября,онлайн,Заключительный этап,22-24 декабря,,,,,,,
Пироговская олимпиада для школьников по химии и биологии,III,"Онлайн-отбор, очный финал",Регистрация: до 14 ноября (онлайн); Отборочный этап: до 4 декабря (онлайн); Заключительный этап: 3-5 января,Регистрация,до 14 ноября,онлайн,Отборочный этап,до 4 декабря,онлайн,Заключительный этап,3-5 января,,,,,,,
Плехановская олимпиада школьников,III,"Онлайн-отбор, очный финал",Регистрация: до 21 ноября (онлайн); Отборочный этап: до 11 декабря (онлайн); Заключительный этап: 10-12 января,Регистрация,до 21 ноября,онлайн,Отборочный этап,до 11 декабря,онлайн,Заключительный этап,10-12 января,,,,,,,
Региональный конкурс школьников Челябинского университетского образовательного округа,III,"Онлайн-отбор, очный финал",Регистрация: до 28 ноября (онлайн); Отборочный этап: до 18 декабря (онлайн); Заключительный этап: 17-19 января,Регистрация,до 28 ноября,онлайн,Отборочный этап,до 18 декабря,онлайн,Заключительный этап,17-19 января,,,,,,,
Финатлон для старшеклассников,III,"Онлайн-отбор, очный финал","Регистрация: до 30 ноября (онлайн); Отборочный этап (заочный, дистанционный): до 30 ноября (онлайн); Второй (финальный) очный этап, проводится в регионах: 6 марта (очно)",Регистрация,до 30 ноября,онлайн,"Отборочный этап (заочный, дистанционный)",до 30 ноября,онлайн,"Второй (финальный) очный этап, проводится в регионах",6 марта,очно,,,,,,
