university,city,olympiad,benefit,confirmation_requirement
МГТУ им. Н.Э. Баумана,Москва,Innopolis Open,БВИ / 100 баллов,ЕГЭ от 75 баллов по профильному предмету.
МГТУ им. Н.Э. Баумана,Москва,Бельчонок,БВИ / 100 баллов,ЕГЭ от 75 баллов по профильному предмету.
МГТУ им. Н.Э. Баумана,Москва,Будущее Сибири,БВИ / 100 баллов,ЕГЭ от 75 баллов по профильному предмету.
МГТУ им. Н.Э. Баумана,Москва,Будущие исследователи - будущее науки,БВИ / 100 баллов,ЕГЭ от 75 баллов по профильному предмету.
МГТУ им. Н.Э. Баумана,Москва,Всероссийская олимпиада по искусственному интеллекту,БВИ / 100 баллов,ЕГЭ от 75 баллов по профильному предмету.
МГТУ им. Н.Э. Баумана,Москва,Всероссийская Сеченовская олимпиада школьников,БВИ / 100 баллов,ЕГЭ от 75 баллов по профильному предмету.
МГТУ им. Н.Э. Баумана,Москва,Всесибирская открытая олимпиада школьников,БВИ / 100 баллов,ЕГЭ от 75 баллов по профильному предмету.
МГТУ им. Н.Э. Баумана,Москва,ВСОШ по астрономии,БВИ,Не требуется.
МГТУ им. Н.Э. Баумана,Москва,ВСОШ по биологии,БВИ,Не требуется.
МГТУ им. Н.Э. Баумана,Москва,ВСОШ по информатике,БВИ,Не требуется.
МГТУ им. Н.Э. Баумана,Москва,ВСОШ по математике,БВИ,Не требуется.
МГТУ им. Н.Э. Баумана,Москва,ВСОШ по физике,БВИ,Не требуется.
МГТУ им. Н.Э. Баумана,Москва,ВСОШ по химии,БВИ,Не требуется.
МГТУ им. Н.Э. Баумана,Москва,Вузовско-академическая олимпиада по информатике,БВИ / 100 баллов,ЕГЭ от 75 баллов по профильному предмету.
МГТУ им. Н.Э. Баумана,Москва,Высшая проба,БВИ / 100 баллов,ЕГЭ от 75 баллов по профильному предмету.
МГТУ им. Н.Э. Баумана,Москва,Газпром,БВИ / 100 баллов,ЕГЭ от 75 баллов по профильному предмету.
МГТУ им. Н.Э. Баумана,Москва,Городская открытая олимпиада школьников по физике,БВИ / 100 баллов,ЕГЭ от 75 баллов по профильному предмету.
МГТУ им. Н.Э. Баумана,Москва,Гранит науки,БВИ / 100 баллов,ЕГЭ от 75 баллов по профильному предмету.
МГТУ им. Н.Э. Баумана,Москва,Звезда,БВИ / 100 баллов,ЕГЭ от 75 баллов по профильному предмету.
МГТУ им. Н.Э. Баумана,Москва,Инженерная олимпиада школьников,БВИ / 100 баллов,ЕГЭ от 75 баллов по профильному предмету.
МГТУ им. Н.Э. Баумана,Москва,Интернет-олимпиада школьников по физике,БВИ / 100 баллов,ЕГЭ от 75 баллов по профильному предмету.
МГТУ им. Н.Э. Баумана,Москва,Межрегиональная химическая олимпиада школьников имени академика П.Д. Саркисова,БВИ / 100 баллов,ЕГЭ от 75 баллов по профильному предмету.
МГТУ им. Н.Э. Баумана,Москва,Московская олимпиада школьников,БВИ / 100 баллов,ЕГЭ от 75 баллов по профильному предмету.
МГТУ им. Н.Э. Баумана,Москва,Надежда энергетики,БВИ / 100 баллов,ЕГЭ от 75 баллов по профильному предмету.
МГТУ им. Н.Э. Баумана,Москва,НТО,БВИ / 100 баллов,ЕГЭ от 75 баллов по профильному предмету.
МГТУ им. Н.Э. Баумана,Москва,Оборонно-техническая олимпиада,БВИ / 100 баллов,ЕГЭ от 75 баллов по профильному предмету.
МГТУ им. Н.Э. Баумана,Москва,Объединенная межвузовская олимпиада школьников,БВИ / 100 баллов,ЕГЭ от 75 баллов по профильному предмету.
МГТУ им. Н.Э. Баумана,Москва,Олимпиада Курчатов,БВИ / 100 баллов,ЕГЭ от 75 баллов по профильному предмету.
МГТУ им. Н.Э. Баумана,Москва,ОРМО,БВИ / 100 баллов,ЕГЭ от 75 баллов по профильному предмету.
МГТУ им. Н.Э. Баумана,Москва,Открытая олимпиада школьников по программированию,БВИ / 100 баллов,ЕГЭ от 75 баллов по профильному предмету.
МГТУ им. Н.Э. Баумана,Москва,Открытая химическая олимпиада,БВИ / 100 баллов,ЕГЭ от 75 баллов по профильному предмету.
МГТУ им. Н.Э. Баумана,Москва,Потомки Менделеева,БВИ / 100 баллов,ЕГЭ от 75 баллов по профильному предмету.
МГТУ им. Н.Э. Баумана,Москва,Робофест,БВИ / 100 баллов,ЕГЭ от 75 баллов по профильному предмету.
МГТУ им. Н.Э. Баумана,Москва,Росатом,БВИ / 100 баллов,ЕГЭ от 75 баллов по профильному предмету.
МГТУ им. Н.Э. Баумана,Москва,Санкт-Петербургская олимпиада школьников,БВИ / 100 баллов,ЕГЭ от 75 баллов по профильному предмету.
МГТУ им. Н.Э. Баумана,Москва,Твой путь в настоящую науку,БВИ / 100 баллов,ЕГЭ от 75 баллов по профильному предмету.
МГТУ им. Н.Э. Баумана,Москва,Технокубок,БВИ / 100 баллов,ЕГЭ от 75 баллов по профильному предмету.
МГТУ им. Н.Э. Баумана,Москва,Турнир городов,БВИ / 100 баллов,ЕГЭ от 75 баллов по профильному предмету.
МГТУ им. Н.Э. Баумана,Москва,Турнир имени М.В. Ломоносова,БВИ / 100 баллов,ЕГЭ от 75 баллов по профильному предмету.
МГТУ им. Н.Э. Баумана,Москва,Физтех,БВИ / 100 баллов,ЕГЭ от 75 баллов по профильному предмету.
МГТУ им. Н.Э. Баумана,Москва,Формула Единства,БВИ / 100 баллов,ЕГЭ от 75 баллов по профильному предмету.
МГТУ им. Н.Э. Баумана,Москва,Шаг в будущее,БВИ,ЕГЭ от 75 баллов по профильному предмету.
МГТУ им. Н.Э. Баумана,Москва,Юниор,БВИ / 100 баллов,ЕГЭ от 75 баллов по профильному предмету.
НИЯУ МИФИ,Москва,Innopolis Open,БВИ / 100 баллов,ЕГЭ от 75 баллов по профильному предмету.
НИЯУ МИФИ,Москва,Будущие исследователи - будущее науки,БВИ / 100 баллов,ЕГЭ от 75 баллов по профильному предмету.
НИЯУ МИФИ,Москва,Всероссийская академическая олимпиада школьников имени В.И. Вернадского,БВИ / 100 баллов,ЕГЭ от 75 баллов по профильному предмету.
НИЯУ МИФИ,Москва,Всероссийская Сеченовская олимпиада школьников,БВИ / 100 баллов,ЕГЭ от 75 баллов по профильному предмету.
НИЯУ МИФИ,Москва,Всероссийская Толстовская олимпиада школьников,100 баллов,ЕГЭ от 75 баллов по профильному предмету.
НИЯУ МИФИ,Москва,Всесибирская открытая олимпиада школьников,БВИ / 100 баллов,ЕГЭ от 75 баллов по профильному предмету.
НИЯУ МИФИ,Москва,ВСОШ по астрономии,БВИ,Не требуется.
НИЯУ МИФИ,Москва,ВСОШ по биологии,БВИ,Не требуется.
НИЯУ МИФИ,Москва,ВСОШ по информатике,БВИ,Не требуется.
НИЯУ МИФИ,Москва,ВСОШ по математике,БВИ,Не требуется.
НИЯУ МИФИ,Москва,ВСОШ по обществознанию,БВИ,Не требуется.
НИЯУ МИФИ,Москва,ВСОШ по физике,БВИ,Не требуется.
НИЯУ МИФИ,Москва,ВСОШ по химии,БВИ,Не требуется.
НИЯУ МИФИ,Москва,ВСОШ по экологии,БВИ,Не требуется.
НИЯУ МИФИ,Москва,ВСОШ по экономике,БВИ,Не требуется.
НИЯУ МИФИ,Москва,Вузовско-академическая олимпиада по информатике,БВИ / 100 баллов,ЕГЭ от 75 баллов по профильному предмету.
НИЯУ МИФИ,Москва,Высшая проба,БВИ / 100 баллов,ЕГЭ от 75 баллов по профильному предмету.
НИЯУ МИФИ,Москва,Газпром,БВИ / 100 баллов,ЕГЭ от 75 баллов по профильному предмету.
НИЯУ МИФИ,Москва,Городская открытая олимпиада школьников по физике,БВИ / 100 баллов,ЕГЭ от 75 баллов по профильному предмету.
НИЯУ МИФИ,Москва,Евразийская лингвистическая олимпиада,БВИ / 100 баллов,ЕГЭ от 75 баллов по профильному предмету.
НИЯУ МИФИ,Москва,Звезда,БВИ / 100 баллов,ЕГЭ от 75 баллов по профильному предмету.
НИЯУ МИФИ,Москва,Изумруд,100 баллов,ЕГЭ от 75 баллов по профильному предмету.
НИЯУ МИФИ,Москва,Инженерная олимпиада школьников,БВИ / 100 баллов,ЕГЭ от 75 баллов по профильному предмету.
НИЯУ МИФИ,Москва,Интернет-олимпиада школьников по физике,БВИ / 100 баллов,ЕГЭ от 75 баллов по профильному предмету.
НИЯУ МИФИ,Москва,Кутафинская олимпиада школьников по праву,БВИ / 100 баллов,ЕГЭ от 75 баллов по профильному предмету.
НИЯУ МИФИ,Москва,Ломоносов,БВИ / 100 баллов,ЕГЭ от 75 баллов по профильному предмету.
НИЯУ МИФИ,Москва,Международная олимпиада по финансовой безопасности,БВИ / 100 баллов,ЕГЭ от 75 баллов по профильному предмету.
НИЯУ МИФИ,Москва,Межрегиональная олимпиада школьников имени И.Я. Верченко,БВИ / 100 баллов,ЕГЭ от 75 баллов по профильному предмету.
НИЯУ МИФИ,Москва,Межрегиональная олимпиада школьников на базе ведомственных образовательных организаций,БВИ / 100 баллов,ЕГЭ от 75 баллов по профильному предмету.
НИЯУ МИФИ,Москва,Межрегиональная химическая олимпиада школьников имени академика П.Д. Саркисова,100 баллов,ЕГЭ от 75 баллов по профильному предмету.
НИЯУ МИФИ,Москва,Миссия выполнима. Твое призвание - финансист!,БВИ / 100 баллов,ЕГЭ от 75 баллов по профильному предмету.
НИЯУ МИФИ,Москва,Московская олимпиада школьников,БВИ / 100 баллов,ЕГЭ от 75 баллов по профильному предмету.
НИЯУ МИФИ,Москва,Надежда энергетики,БВИ / 100 баллов,ЕГЭ от 75 баллов по профильному предмету.
НИЯУ МИФИ,Москва,НТО,БВИ / 100 баллов,ЕГЭ от 75 баллов по профильному предмету.
НИЯУ МИФИ,Москва,Оборонно-техническая олимпиада,100 баллов,ЕГЭ от 75 баллов по профильному предмету.
НИЯУ МИФИ,Москва,Объединенная межвузовская олимпиада школьников,БВИ / 100 баллов,ЕГЭ от 75 баллов по профильному предмету.
НИЯУ МИФИ,Москва,Океан знаний,100 баллов,ЕГЭ от 75 баллов по профильному предмету.
НИЯУ МИФИ,Москва,Олимпиада Курчатов,БВИ / 100 баллов,ЕГЭ от 75 баллов по профильному предмету.
НИЯУ МИФИ,Москва,Олимпиада МГИМО,БВИ / 100 баллов,ЕГЭ от 75 баллов по профильному предмету.
НИЯУ МИФИ,Москва,Олимпиада РАНХиГС,БВИ / 100 баллов,ЕГЭ от 75 баллов по профильному предмету.
НИЯУ МИФИ,Москва,Олимпиада РГГУ для школьников,БВИ / 100 баллов,ЕГЭ от 75 баллов по профильному предмету.
НИЯУ МИФИ,Москва,Олимпиада СПбГУ,БВИ / 100 баллов,ЕГЭ от 75 баллов по профильному предмету.
НИЯУ МИФИ,Москва,Олимпиады КФУ,БВИ / 100 баллов,ЕГЭ от 75 баллов по профильному предмету.
НИЯУ МИФИ,Москва,Открытая олимпиада школьников по программированию,БВИ / 100 баллов,ЕГЭ от 75 баллов по профильному предмету.
НИЯУ МИФИ,Москва,Открытая химическая олимпиада,БВИ / 100 баллов,ЕГЭ от 75 баллов по профильному предмету.
НИЯУ МИФИ,Москва,Покори Воробьевы горы!,БВИ / 100 баллов,ЕГЭ от 75 баллов по профильному предмету.
НИЯУ МИФИ,Москва,Потомки Менделеева,БВИ / 100 баллов,ЕГЭ от 75 баллов по профильному предмету.
НИЯУ МИФИ,Москва,Росатом,БВИ / 100 баллов,ЕГЭ от 75 баллов по профильному предмету.
НИЯУ МИФИ,Москва,Технокубок,БВИ / 100 баллов,ЕГЭ от 75 баллов по профильному предмету.
НИЯУ МИФИ,Москва,Физтех,БВИ / 100 баллов,ЕГЭ от 75 баллов по профильному предмету.
НИЯУ МИФИ,Москва,Финатлон для старшеклассников,БВИ / 100 баллов,ЕГЭ от 75 баллов по профильному предмету.
НИЯУ МИФИ,Москва,Формула Единства,БВИ / 100 баллов,ЕГЭ от 75 баллов по профильному предмету.
НИЯУ МИФИ,Москва,Юниор,БВИ / 100 баллов,ЕГЭ от 75 баллов по профильному предмету.
НИЯУ МИФИ,Москва,Юные таланты,БВИ / 100 баллов,ЕГЭ от 75 баллов по профильному предмету.
МГИМО,Москва,Всероссийская академическая олимпиада школьников имени В.И. Вернадского,100 баллов,ЕГЭ от 75 баллов по профильному предмету.
МГИМО,Москва,ВСОШ по географии,БВИ,Не требуется.
МГИМО,Москва,ВСОШ по иностранному языку,БВИ,Не требуется.
МГИМО,Москва,ВСОШ по истории,БВИ,Не требуется.
МГИМО,Москва,ВСОШ по литературе,БВИ,Не требуется.
МГИМО,Москва,ВСОШ по обществознанию,БВИ,Не требуется.
МГИМО,Москва,ВСОШ по праву,БВИ,Не требуется.
МГИМО,Москва,ВСОШ по русскому языку,БВИ,Не требуется.
МГИМО,Москва,ВСОШ по экономике,БВИ,Не требуется.
МГИМО,Москва,Высшая проба,100 баллов,ЕГЭ от 75 баллов по профильному предмету.
МГИМО,Москва,Ломоносов,100 баллов,ЕГЭ от 75 баллов по профильному предмету.
МГИМО,Москва,Международная олимпиада по финансовой безопасности,100 баллов,ЕГЭ от 75 баллов по профильному предмету.
МГИМО,Москва,Московская олимпиада школьников,100 баллов,ЕГЭ от 75 баллов по профильному предмету.
МГИМО,Москва,Олимпиада МГИМО,100 баллов,ЕГЭ от 75 баллов по профильному предмету.
МГИМО,Москва,Олимпиада РАНХиГС,100 баллов,ЕГЭ от 75 баллов по профильному предмету.
МГИМО,Москва,Олимпиада СПбГУ,100 баллов,ЕГЭ от 75 баллов по профильному предмету.
МГИМО,Москва,Телевизионная гуманитарная олимпиада школьников «Умницы и умники»,БВИ / 100 баллов,ЕГЭ от 75 баллов по профильному предмету.
Финансовый университет,Москва,Innopolis Open,БВИ / 100 баллов,ЕГЭ от 75 баллов по профильному предмету.
Финансовый университет,Москва,Бельчонок,БВИ / 100 баллов,ЕГЭ от 75 баллов по профильному предмету.
Финансовый университет,Москва,Будущие исследователи - будущее науки,БВИ / 100 баллов,ЕГЭ от 75 баллов по профильному предмету.
Финансовый университет,Москва,Всероссийская академическая олимпиада школьников имени В.И. Вернадского,БВИ / 100 баллов,ЕГЭ от 75 баллов по профильному предмету.
Финансовый университет,Москва,Всероссийская олимпиада по искусственному интеллекту,БВИ / 100 баллов,ЕГЭ от 75 баллов по профильному предмету.
Финансовый университет,Москва,Всероссийская Толстовская олимпиада школьников,БВИ / 100 баллов,ЕГЭ от 75 баллов по профильному предмету.
Финансовый университет,Москва,Всесибирская открытая олимпиада школьников,БВИ / 100 баллов,ЕГЭ от 75 баллов по профильному предмету.
Финансовый университет,Москва,ВСОШ по биологии,БВИ,Не требуется.
Финансовый университет,Москва,ВСОШ по географии,БВИ,Не требуется.
Финансовый университет,Москва,ВСОШ по иностранному языку,БВИ,Не требуется.
Финансовый университет,Москва,ВСОШ по информатике,БВИ,Не требуется.
Финансовый университет,Москва,ВСОШ по истории,БВИ,Не требуется.
Финансовый университет,Москва,ВСОШ по литературе,БВИ,Не требуется.
Финансовый университет,Москва,ВСОШ по математике,БВИ,Не требуется.
Финансовый университет,Москва,ВСОШ по обществознанию,БВИ,Не требуется.
Финансовый университет,Москва,ВСОШ по праву,БВИ,Не требуется.
Финансовый университет,Москва,ВСОШ по русскому языку,БВИ,Не требуется.
Финансовый университет,Москва,ВСОШ по физике,БВИ,Не требуется.
Финансовый университет,Москва,ВСОШ по экономике,БВИ,Не требуется.
Финансовый университет,Москва,Вузовско-академическая олимпиада по информатике,БВИ / 100 баллов,ЕГЭ от 75 баллов по профильному предмету.
Финансовый университет,Москва,Высшая проба,БВИ / 100 баллов,ЕГЭ от 75 баллов по профильному предмету.
Финансовый университет,Москва,Евразийская лингвистическая олимпиада,БВИ / 100 баллов,ЕГЭ от 75 баллов по профильному предмету.
Финансовый университет,Москва,Звезда,БВИ / 100 баллов,ЕГЭ от 75 баллов по профильному предмету.
Финансовый университет,Москва,Изумруд,БВИ / 100 баллов,ЕГЭ от 75 баллов по профильному предмету.
Финансовый университет,Москва,Иннагрика,БВИ / 100 баллов,ЕГЭ от 75 баллов по профильному предмету.
Финансовый университет,Москва,Ломоносов,БВИ / 100 баллов,ЕГЭ от 75 баллов по профильному предмету.
Финансовый университет,Москва,Международная олимпиада по финансовой безопасности,БВИ / 100 баллов,ЕГЭ от 75 баллов по профильному предмету.
Финансовый университет,Москва,Межрегиональная олимпиада школьников имени И.Я. Верченко,БВИ / 100 баллов,ЕГЭ от 75 баллов по профильному предмету.
Финансовый университет,Москва,Межрегиональная олимпиада школьников на базе ведомственных образовательных организаций,БВИ / 100 баллов,ЕГЭ от 75 баллов по профильному предмету.
Финансовый университет,Москва,Миссия выполнима. Твое призвание - финансист!,БВИ / 100 баллов,ЕГЭ от 75 баллов по профильному предмету.
Финансовый университет,Москва,Московская олимпиада школьников,БВИ / 100 баллов,ЕГЭ от 75 баллов по профильному предмету.
Финансовый университет,Москва,НТО,БВИ / 100 баллов,ЕГЭ от 75 баллов по профильному предмету.
Финансовый университет,Москва,Океан знаний,БВИ / 100 баллов,ЕГЭ от 75 баллов по профильному предмету.
Финансовый университет,Москва,Олимпиада МГИМО,БВИ / 100 баллов,ЕГЭ от 75 баллов по профильному предмету.
Финансовый университет,Москва,Олимпиада РАНХиГС,БВИ / 100 баллов,ЕГЭ от 75 баллов по профильному предмету.
Финансовый университет,Москва,Олимпиада РГГУ для школьников,БВИ / 100 баллов,ЕГЭ от 75 баллов по профильному предмету.
Финансовый университет,Москва,Олимпиада СПбГУ,БВИ / 100 баллов,ЕГЭ от 75 баллов по профильному предмету.
Финансовый университет,Москва,Олимпиады КФУ,БВИ / 100 баллов,ЕГЭ от 75 баллов по профильному предмету.
Финансовый университет,Москва,Открытая олимпиада школьников по программированию,БВИ / 100 баллов,ЕГЭ от 75 баллов по профильному предмету.
Финансовый университет,Москва,Плехановская олимпиада школьников,БВИ / 100 баллов,ЕГЭ от 75 баллов по профильному предмету.
Финансовый университет,Москва,Покори Воробьевы горы!,БВИ / 100 баллов,ЕГЭ от 75 баллов по профильному предмету.
Финансовый университет,Москва,Региональный конкурс школьников Челябинского университетского образовательного округа,БВИ / 100 баллов,ЕГЭ от 75 баллов по профильному предмету.
Финансовый университет,Москва,Технокубок,БВИ / 100 баллов,ЕГЭ от 75 баллов по профильному предмету.
Финансовый университет,Москва,Турнир городов,БВИ / 100 баллов,ЕГЭ от 75 баллов по профильному предмету.
Финансовый университет,Москва,Турнир имени М.В. Ломоносова,БВИ / 100 баллов,ЕГЭ от 75 баллов по профильному предмету.
Финансовый университет,Москва,Финатлон для старшеклассников,БВИ / 100 баллов,ЕГЭ от 75 баллов по профильному предмету.
Финансовый университет,Москва,Формула Единства,БВИ / 100 баллов,ЕГЭ от 75 баллов по профильному предмету.
СПбПУ,Санкт-Петербург,Innopolis Open,БВИ / 100 баллов,ЕГЭ от 75 баллов по профильному предмету.
СПбПУ,Санкт-Петербург,Бельчонок,БВИ / 100 баллов,ЕГЭ от 75 баллов по профильному предмету.
СПбПУ,Санкт-Петербург,Будущее Сибири,БВИ / 100 баллов,ЕГЭ от 75 баллов по профильному предмету.
СПбПУ,Санкт-Петербург,Будущие исследователи - будущее науки,БВИ / 100 баллов,ЕГЭ от 75 баллов по профильному предмету.
СПбПУ,Санкт-Петербург,Всероссийская академическая олимпиада школьников имени В.И. Вернадского,БВИ / 100 баллов,ЕГЭ от 75 баллов по профильному предмету.
СПбПУ,Санкт-Петербург,Всероссийская олимпиада по искусственному интеллекту,БВИ / 100 баллов,ЕГЭ от 75 баллов по профильному предмету.
СПбПУ,Санкт-Петербург,Всероссийская Сеченовская олимпиада школьников,БВИ / 100 баллов,ЕГЭ от 75 баллов по профильному предмету.
СПбПУ,Санкт-Петербург,Всероссийская Толстовская олимпиада школьников,БВИ / 100 баллов,ЕГЭ от 75 баллов по профильному предмету.
СПбПУ,Санкт-Петербург,Всесибирская открытая олимпиада школьников,БВИ / 100 баллов,ЕГЭ от 75 баллов по профильному предмету.
СПбПУ,Санкт-Петербург,ВСОШ по астрономии,БВИ,Не требуется.
СПбПУ,Санкт-Петербург,ВСОШ по биологии,БВИ,Не требуется.
СПбПУ,Санкт-Петербург,ВСОШ по географии,БВИ,Не требуется.
СПбПУ,Санкт-Петербург,ВСОШ по иностранному языку,БВИ,Не требуется.
СПбПУ,Санкт-Петербург,ВСОШ по информатике,БВИ,Не требуется.
СПбПУ,Санкт-Петербург,ВСОШ по истории,БВИ,Не требуется.
СПбПУ,Санкт-Петербург,ВСОШ по литературе,БВИ,Не требуется.
СПбПУ,Санкт-Петербург,ВСОШ по математике,БВИ,Не требуется.
СПбПУ,Санкт-Петербург,ВСОШ по обществознанию,БВИ,Не требуется.
СПбПУ,Санкт-Петербург,ВСОШ по русскому языку,БВИ,Не требуется.
СПбПУ,Санкт-Петербург,ВСОШ по физике,БВИ,Не требуется.
СПбПУ,Санкт-Петербург,ВСОШ по химии,БВИ,Не требуется.
СПбПУ,Санкт-Петербург,ВСОШ по экологии,БВИ,Не требуется.
СПбПУ,Санкт-Петербург,ВСОШ по экономике,БВИ,Не требуется.
СПбПУ,Санкт-Петербург,Вузовско-академическая олимпиада по информатике,БВИ / 100 баллов,ЕГЭ от 75 баллов по профильному предмету.
СПбПУ,Санкт-Петербург,Высшая проба,БВИ / 100 баллов,ЕГЭ от 75 баллов по профильному предмету.
СПбПУ,Санкт-Петербург,Газпром,БВИ / 100 баллов,ЕГЭ от 75 баллов по профильному предмету.
СПбПУ,Санкт-Петербург,Городская открытая олимпиада школьников по физике,БВИ / 100 баллов,ЕГЭ от 75 баллов по профильному предмету.
СПбПУ,Санкт-Петербург,Гранит науки,БВИ / 100 баллов,ЕГЭ от 75 баллов по профильному предмету.
СПбПУ,Санкт-Петербург,Звезда,БВИ / 100 баллов,ЕГЭ от 75 баллов по профильному предмету.
СПбПУ,Санкт-Петербург,Изумруд,БВИ / 100 баллов,ЕГЭ от 75 баллов по профильному предмету.
СПбПУ,Санкт-Петербург,Инженерная олимпиада школьников,БВИ / 100 баллов,ЕГЭ от 75 баллов по профильному предмету.
СПбПУ,Санкт-Петербург,Иннагрика,БВИ / 100 баллов,ЕГЭ от 75 баллов по профильному предмету.
СПбПУ,Санкт-Петербург,Интернет-олимпиада школьников по физике,БВИ / 100 баллов,ЕГЭ от 75 баллов по профильному предмету.
СПбПУ,Санкт-Петербург,Когнитивные технологии,БВИ / 100 баллов,ЕГЭ от 75 баллов по профильному предмету.
СПбПУ,Санкт-Петербург,Ломоносов,БВИ / 100 баллов,ЕГЭ от 75 баллов по профильному предмету.
СПбПУ,Санкт-Петербург,Международная олимпиада по финансовой безопасности,БВИ / 100 баллов,ЕГЭ от 75 баллов по профильному предмету.
СПбПУ,Санкт-Петербург,Межрегиональная олимпиада школьников имени И.Я. Верченко,БВИ / 100 баллов,ЕГЭ от 75 баллов по профильному предмету.
СПбПУ,Санкт-Петербург,Межрегиональная олимпиада школьников на базе ведомственных образовательных организаций,БВИ / 100 баллов,ЕГЭ от 75 баллов по профильному предмету.
СПбПУ,Санкт-Петербург,Межрегиональная химическая олимпиада школьников имени академика П.Д. Саркисова,БВИ / 100 баллов,ЕГЭ от 75 баллов по профильному предмету.
СПбПУ,Санкт-Петербург,Миссия выполнима. Твое призвание - финансист!,БВИ / 100 баллов,ЕГЭ от 75 баллов по профильному предмету.
СПбПУ,Санкт-Петербург,Московская олимпиада школьников,БВИ / 100 баллов,ЕГЭ от 75 баллов по профильному предмету.
СПбПУ,Санкт-Петербург,Надежда энергетики,БВИ / 100 баллов,ЕГЭ от 75 баллов по профильному предмету.
СПбПУ,Санкт-Петербург,НТО,БВИ / 100 баллов,ЕГЭ от 75 баллов по профильному предмету.
СПбПУ,Санкт-Петербург,Оборонно-техническая олимпиада,БВИ / 100 баллов,ЕГЭ от 75 баллов по профильному предмету.
СПбПУ,Санкт-Петербург,Объединенная межвузовская олимпиада школьников,БВИ / 100 баллов,ЕГЭ от 75 баллов по профильному предмету.
СПбПУ,Санкт-Петербург,Океан знаний,БВИ / 100 баллов,ЕГЭ от 75 баллов по профильному предмету.
СПбПУ,Санкт-Петербург,Олимпиада Курчатов,БВИ / 100 баллов,ЕГЭ от 75 баллов по профильному предмету.
СПбПУ,Санкт-Петербург,Олимпиада МГИМО,БВИ / 100 баллов,ЕГЭ от 75 баллов по профильному предмету.
СПбПУ,Санкт-Петербург,Олимпиада РАНХиГС,БВИ / 100 баллов,ЕГЭ от 75 баллов по профильному предмету.
СПбПУ,Санкт-Петербург,Олимпиада РГГУ для школьников,БВИ / 100 баллов,ЕГЭ от 75 баллов по профильному предмету.
СПбПУ,Санкт-Петербург,Олимпиада СПбГУ,БВИ / 100 баллов,ЕГЭ от 75 баллов по профильному предмету.
СПбПУ,Санкт-Петербург,Олимпиада школьников по информатике и программированию,БВИ / 100 баллов,ЕГЭ от 75 баллов по профильному предмету.
СПбПУ,Санкт-Петербург,Олимпиада Юношеской математической школы,БВИ / 100 баллов,ЕГЭ от 75 баллов по профильному предмету.
СПбПУ,Санкт-Петербург,Олимпиады КФУ,БВИ / 100 баллов,ЕГЭ от 75 баллов по профильному предмету.
СПбПУ,Санкт-Петербург,ОРМО,БВИ / 100 баллов,ЕГЭ от 75 баллов по профильному предмету.
СПбПУ,Санкт-Петербург,Открытая олимпиада школьников,БВИ / 100 баллов,ЕГЭ от 75 баллов по профильному предмету.
СПбПУ,Санкт-Петербург,Открытая олимпиада школьников по программированию,БВИ / 100 баллов,ЕГЭ от 75 баллов по профильному предмету.
СПбПУ,Санкт-Петербург,Открытая химическая олимпиада,БВИ / 100 баллов,ЕГЭ от 75 баллов по профильному предмету.
СПбПУ,Санкт-Петербург,Плехановская олимпиада школьников,БВИ / 100 баллов,ЕГЭ от 75 баллов по профильному предмету.
СПбПУ,Санкт-Петербург,Покори Воробьевы горы!,БВИ / 100 баллов,ЕГЭ от 75 баллов по профильному предмету.
СПбПУ,Санкт-Петербург,Потомки Менделеева,БВИ / 100 баллов,ЕГЭ от 75 баллов по профильному предмету.
СПбПУ,Санкт-Петербург,Региональный конкурс школьников Челябинского университетского образовательного округа,БВИ / 100 баллов,ЕГЭ от 75 баллов по профильному предмету.
СПбПУ,Санкт-Петербург,Робофест,БВИ / 100 баллов,ЕГЭ от 75 баллов по профильному предмету.
СПбПУ,Санкт-Петербург,Росатом,БВИ / 100 баллов,ЕГЭ от 75 баллов по профильному предмету.
СПбПУ,Санкт-Петербург,Санкт-Петербургская астрономическая олимпиада,БВИ / 100 баллов,ЕГЭ от 75 баллов по профильному предмету.
СПбПУ,Санкт-Петербург,Санкт-Петербургская олимпиада школьников,БВИ / 100 баллов,ЕГЭ от 75 баллов по профильному предмету.
СПбПУ,Санкт-Петербург,Сибириада. Шаг в мечту,БВИ / 100 баллов,ЕГЭ от 75 баллов по профильному предмету.
СПбПУ,Санкт-Петербург,Твой путь в настоящую науку,БВИ / 100 баллов,ЕГЭ от 75 баллов по профильному предмету.
СПбПУ,Санкт-Петербург,Технокубок,БВИ / 100 баллов,ЕГЭ от 75 баллов по профильному предмету.
СПбПУ,Санкт-Петербург,Турнир городов,БВИ / 100 баллов,ЕГЭ от 75 баллов по профильному предмету.
СПбПУ,Санкт-Петербург,Турнир имени М.В. Ломоносова,БВИ / 100 баллов,ЕГЭ от 75 баллов по профильному предмету.
СПбПУ,Санкт-Петербург,Физтех,БВИ / 100 баллов,ЕГЭ от 75 баллов по профильному предмету.
СПбПУ,Санкт-Петербург,Финатлон для старшеклассников,БВИ / 100 баллов,ЕГЭ от 75 баллов по профильному предмету.
СПбПУ,Санкт-Петербург,Формула Единства,БВИ / 100 баллов,ЕГЭ от 75 баллов по профильному предмету.
СПбПУ,Санкт-Петербург,Шаг в будущее,БВИ / 100 баллов,ЕГЭ от 75 баллов по профильному предмету.
СПбПУ,Санкт-Петербург,Юниор,БВИ / 100 баллов,ЕГЭ от 75 баллов по профильному предмету.
СПбПУ,Санкт-Петербург,Юные таланты,БВИ / 100 баллов,ЕГЭ от 75 баллов по профильному предмету.
МИСИС,Москва,Innopolis Open,БВИ / 100 баллов,ЕГЭ от 75 баллов по профильному предмету.
МИСИС,Москва,Бельчонок,БВИ / 100 баллов,ЕГЭ от 75 баллов по профильному предмету.
МИСИС,Москва,Будущие исследователи - будущее науки,БВИ / 100 баллов,ЕГЭ от 75 баллов по профильному предмету.
МИСИС,Москва,Всероссийская академическая олимпиада школьников имени В.И. Вернадского,БВИ / 100 баллов,ЕГЭ от 75 баллов по профильному предмету.
МИСИС,Москва,Всероссийская олимпиада по искусственному интеллекту,БВИ / 100 баллов,ЕГЭ от 75 баллов по профильному предмету.
МИСИС,Москва,Всероссийская Сеченовская олимпиада школьников,БВИ / 100 баллов,ЕГЭ от 75 баллов по профильному предмету.
МИСИС,Москва,Всесибирская открытая олимпиада школьников,БВИ / 100 баллов,ЕГЭ от 75 баллов по профильному предмету.
МИСИС,Москва,ВСОШ по биологии,БВИ,Не требуется.
МИСИС,Москва,ВСОШ по иностранному языку,БВИ,Не требуется.
МИСИС,Москва,ВСОШ по информатике,БВИ,Не требуется.
МИСИС,Москва,ВСОШ по истории,БВИ,Не требуется.
МИСИС,Москва,ВСОШ по литературе,БВИ,Не требуется.
МИСИС,Москва,ВСОШ по математике,БВИ,Не требуется.
МИСИС,Москва,ВСОШ по обществознанию,БВИ,Не требуется.
МИСИС,Москва,ВСОШ по русскому языку,БВИ,Не требуется.
МИСИС,Москва,ВСОШ по физике,БВИ,Не требуется.
МИСИС,Москва,ВСОШ по химии,БВИ,Не требуется.
МИСИС,Москва,ВСОШ по экономике,БВИ,Не требуется.
МИСИС,Москва,Вузовско-академическая олимпиада по информатике,БВИ / 100 баллов,ЕГЭ от 75 баллов по профильному предмету.
МИСИС,Москва,Высшая проба,БВИ / 100 баллов,ЕГЭ от 75 баллов по профильному предмету.
МИСИС,Москва,Газпром,БВИ / 100 баллов,ЕГЭ от 75 баллов по профильному предмету.
МИСИС,Москва,Городская открытая олимпиада школьников по физике,БВИ / 100 баллов,ЕГЭ от 75 баллов по профильному предмету.
МИСИС,Москва,Евразийская лингвистическая олимпиада,БВИ / 100 баллов,ЕГЭ от 75 баллов по профильному предмету.
МИСИС,Москва,Звезда,БВИ / 100 баллов,ЕГЭ от 75 баллов по профильному предмету.
МИСИС,Москва,Изумруд,БВИ / 100 баллов,ЕГЭ от 75 баллов по профильному предмету.
МИСИС,Москва,Инженерная олимпиада школьников,БВИ / 100 баллов,ЕГЭ от 75 баллов по профильному предмету.
МИСИС,Москва,Иннагрика,БВИ / 100 баллов,ЕГЭ от 75 баллов по профильному предмету.
МИСИС,Москва,Интернет-олимпиада школьников по физике,БВИ / 100 баллов,ЕГЭ от 75 баллов по профильному предмету.
МИСИС,Москва,Ломоносов,БВИ / 100 баллов,ЕГЭ от 75 баллов по профильному предмету.
МИСИС,Москва,Межрегиональная олимпиада школьников имени И.Я. Верченко,БВИ / 100 баллов,ЕГЭ от 75 баллов по профильному предмету.
МИСИС,Москва,Межрегиональная олимпиада школьников на базе ведомственных образовательных организаций,БВИ / 100 баллов,ЕГЭ от 75 баллов по профильному предмету.
МИСИС,Москва,Межрегиональная химическая олимпиада школьников имени академика П.Д. Саркисова,БВИ / 100 баллов,ЕГЭ от 75 баллов по профильному предмету.
МИСИС,Москва,Миссия выполнима. Твое призвание - финансист!,БВИ / 100 баллов,ЕГЭ от 75 баллов по профильному предмету.
МИСИС,Москва,Московская олимпиада школьников,БВИ / 100 баллов,ЕГЭ от 75 баллов по профильному предмету.
МИСИС,Москва,Надежда энергетики,БВИ / 100 баллов,ЕГЭ от 75 баллов по профильному предмету.
МИСИС,Москва,НТО,БВИ / 100 баллов,ЕГЭ от 75 баллов по профильному предмету.
МИСИС,Москва,Объединенная межвузовская олимпиада школьников,БВИ / 100 баллов,ЕГЭ от 75 баллов по профильному предмету.
МИСИС,Москва,Океан знаний,БВИ / 100 баллов,ЕГЭ от 75 баллов по профильному предмету.
МИСИС,Москва,Олимпиада Курчатов,БВИ / 100 баллов,ЕГЭ от 75 баллов по профильному предмету.
МИСИС,Москва,Олимпиада РАНХиГС,БВИ / 100 баллов,ЕГЭ от 75 баллов по профильному предмету.
МИСИС,Москва,Олимпиада РГГУ для школьников,БВИ / 100 баллов,ЕГЭ от 75 баллов по профильному предмету.
МИСИС,Москва,Олимпиада СПбГУ,БВИ / 100 баллов,ЕГЭ от 75 баллов по профильному предмету.
МИСИС,Москва,Олимпиады КФУ,БВИ / 100 баллов,ЕГЭ от 75 баллов по профильному предмету.
МИСИС,Москва,Открытая олимпиада школьников по программированию,БВИ / 100 баллов,ЕГЭ от 75 баллов по профильному предмету.
МИСИС,Москва,Открытая химическая олимпиада,БВИ / 100 баллов,ЕГЭ от 75 баллов по профильному предмету.
МИСИС,Москва,Плехановская олимпиада школьников,БВИ / 100 баллов,ЕГЭ от 75 баллов по профильному предмету.
МИСИС,Москва,Покори Воробьевы горы!,БВИ / 100 баллов,ЕГЭ от 75 баллов по профильному предмету.
МИСИС,Москва,Потомки Менделеева,БВИ / 100 баллов,ЕГЭ от 75 баллов по профильному предмету.
МИСИС,Москва,Региональный конкурс школьников Челябинского университетского образовательного округа,БВИ / 100 баллов,ЕГЭ от 75 баллов по профильному предмету.
МИСИС,Москва,Росатом,БВИ / 100 баллов,ЕГЭ от 75 баллов по профильному предмету.
МИСИС,Москва,Санкт-Петербургская олимпиада школьников,БВИ / 100 баллов,ЕГЭ от 75 баллов по профильному предмету.
МИСИС,Москва,Технокубок,БВИ / 100 баллов,ЕГЭ от 75 баллов по профильному предмету.
МИСИС,Москва,Турнир городов,БВИ / 100 баллов,ЕГЭ от 75 баллов по профильному предмету.
МИСИС,Москва,Турнир имени М.В. Ломоносова,БВИ / 100 баллов,ЕГЭ от 75 баллов по профильному предмету.
МИСИС,Москва,Физтех,БВИ / 100 баллов,ЕГЭ от 75 баллов по профильному предмету.
МИСИС,Москва,Финатлон для старшеклассников,БВИ / 100 баллов,ЕГЭ от 75 баллов по профильному предмету.
МИСИС,Москва,Формула Единства,БВИ / 100 баллов,ЕГЭ от 75 баллов по профильному предмету.
МИСИС,Москва,Юниор,БВИ / 100 баллов,ЕГЭ от 75 баллов по профильному предмету.
МИСИС,Москва,Юные таланты,БВИ / 100 баллов,ЕГЭ от 75 баллов по профильному предмету.
РЭУ им. Г.В. Плеханова,Москва,Innopolis Open,БВИ / 100 баллов,ЕГЭ от 75 баллов по профильному предмету.
РЭУ им. Г.В. Плеханова,Москва,Бельчонок,БВИ / 100 баллов,ЕГЭ от 75 баллов по профильному предмету.
РЭУ им. Г.В. Плеханова,Москва,Будущее Сибири,БВИ / 100 баллов,ЕГЭ от 75 баллов по профильному предмету.
РЭУ им. Г.В. Плеханова,Москва,Будущие исследователи - будущее науки,БВИ / 100 баллов,ЕГЭ от 75 баллов по профильному предмету.
РЭУ им. Г.В. Плеханова,Москва,Всероссийская академическая олимпиада школьников имени В.И. Вернадского,БВИ / 100 баллов,ЕГЭ от 75 баллов по профильному предмету.
РЭУ им. Г.В. Плеханова,Москва,Всероссийская олимпиада по искусственному интеллекту,БВИ / 100 баллов,ЕГЭ от 75 баллов по профильному предмету.
РЭУ им. Г.В. Плеханова,Москва,Всероссийская Сеченовская олимпиада школьников,БВИ / 100 баллов,ЕГЭ от 75 баллов по профильному предмету.
РЭУ им. Г.В. Плеханова,Москва,Всероссийская Толстовская олимпиада школьников,БВИ / 100 баллов,ЕГЭ от 75 баллов по профильному предмету.
РЭУ им. Г.В. Плеханова,Москва,Всесибирская открытая олимпиада школьников,БВИ / 100 баллов,ЕГЭ от 75 баллов по профильному предмету.
РЭУ им. Г.В. Плеханова,Москва,ВСОШ по биологии,БВИ,Не требуется.
РЭУ им. Г.В. Плеханова,Москва,ВСОШ по географии,БВИ,Не требуется.
РЭУ им. Г.В. Плеханова,Москва,ВСОШ по иностранному языку,БВИ,Не требуется.
РЭУ им. Г.В. Плеханова,Москва,ВСОШ по информатике,БВИ,Не требуется.
РЭУ им. Г.В. Плеханова,Москва,ВСОШ по истории,БВИ,Не требуется.
РЭУ им. Г.В. Плеханова,Москва,ВСОШ по литературе,БВИ,Не требуется.
РЭУ им. Г.В. Плеханова,Москва,ВСОШ по математике,БВИ,Не требуется.
РЭУ им. Г.В. Плеханова,Москва,ВСОШ по обществознанию,БВИ,Не требуется.
РЭУ им. Г.В. Плеханова,Москва,ВСОШ по праву,БВИ,Не требуется.
РЭУ им. Г.В. Плеханова,Москва,ВСОШ по русскому языку,БВИ,Не требуется.
РЭУ им. Г.В. Плеханова,Москва,ВСОШ по физике,БВИ,Не требуется.
РЭУ им. Г.В. Плеханова,Москва,ВСОШ по химии,БВИ,Не требуется.
РЭУ им. Г.В. Плеханова,Москва,ВСОШ по экономике,БВИ,Не требуется.
РЭУ им. Г.В. Плеханова,Москва,Вузовско-академическая олимпиада по информатике,БВИ / 100 баллов,ЕГЭ от 75 баллов по профильному предмету.
РЭУ им. Г.В. Плеханова,Москва,Высшая проба,БВИ / 100 баллов,ЕГЭ от 75 баллов по профильному предмету.
РЭУ им. Г.В. Плеханова,Москва,Газпром,БВИ / 100 баллов,ЕГЭ от 75 баллов по профильному предмету.
РЭУ им. Г.В. Плеханова,Москва,Городская открытая олимпиада школьников по физике,БВИ / 100 баллов,ЕГЭ от 75 баллов по профильному предмету.
РЭУ им. Г.В. Плеханова,Москва,Гранит науки,БВИ / 100 баллов,ЕГЭ от 75 баллов по профильному предмету.
РЭУ им. Г.В. Плеханова,Москва,Евразийская лингвистическая олимпиада,БВИ / 100 баллов,ЕГЭ от 75 баллов по профильному предмету.
РЭУ им. Г.В. Плеханова,Москва,Звезда,БВИ / 100 баллов,ЕГЭ от 75 баллов по профильному предмету.
РЭУ им. Г.В. Плеханова,Москва,Изумруд,БВИ / 100 баллов,ЕГЭ от 75 баллов по профильному предмету.
РЭУ им. Г.В. Плеханова,Москва,Инженерная олимпиада школьников,БВИ / 100 баллов,ЕГЭ от 75 баллов по профильному предмету.
РЭУ им. Г.В. Плеханова,Москва,Иннагрика,БВИ / 100 баллов,ЕГЭ от 75 баллов по профильному предмету.
РЭУ им. Г.В. Плеханова,Москва,Интернет-олимпиада школьников по физике,БВИ / 100 баллов,ЕГЭ от 75 баллов по профильному предмету.
РЭУ им. Г.В. Плеханова,Москва,Когнитивные технологии,БВИ / 100 баллов,ЕГЭ от 75 баллов по профильному предмету.
РЭУ им. Г.В. Плеханова,Москва,Ломоносов,БВИ / 100 баллов,ЕГЭ от 75 баллов по профильному предмету.
РЭУ им. Г.В. Плеханова,Москва,Международная олимпиада по финансовой безопасности,БВИ / 100 баллов,ЕГЭ от 75 баллов по профильному предмету.
РЭУ им. Г.В. Плеханова,Москва,Межрегиональная олимпиада школьников имени И.Я. Верченко,БВИ / 100 баллов,ЕГЭ от 75 баллов по профильному предмету.
РЭУ им. Г.В. Плеханова,Москва,Межрегиональная олимпиада школьников на базе ведомственных образовательных организаций,БВИ / 100 баллов,ЕГЭ от 75 баллов по профильному предмету.
РЭУ им. Г.В. Плеханова,Москва,Межрегиональная химическая олимпиада школьников имени академика П.Д. Саркисова,БВИ / 100 баллов,ЕГЭ от 75 баллов по профильному предмету.
РЭУ им. Г.В. Плеханова,Москва,Миссия выполнима. Твое призвание - финансист!,БВИ / 100 баллов,ЕГЭ от 75 баллов по профильному предмету.
РЭУ им. Г.В. Плеханова,Москва,Московская олимпиада школьников,БВИ / 100 баллов,ЕГЭ от 75 баллов по профильному предмету.
РЭУ им. Г.В. Плеханова,Москва,Надежда энергетики,БВИ / 100 баллов,ЕГЭ от 75 баллов по профильному предмету.
РЭУ им. Г.В. Плеханова,Москва,Наследники Левши,БВИ / 100 баллов,ЕГЭ от 75 баллов по профильному предмету.
РЭУ им. Г.В. Плеханова,Москва,НТО,БВИ / 100 баллов,ЕГЭ от 75 баллов по профильному предмету.
РЭУ им. Г.В. Плеханова,Москва,Оборонно-техническая олимпиада,БВИ / 100 баллов,ЕГЭ от 75 баллов по профильному предмету.
РЭУ им. Г.В. Плеханова,Москва,Объединенная межвузовская олимпиада школьников,БВИ / 100 баллов,ЕГЭ от 75 баллов по профильному предмету.
РЭУ им. Г.В. Плеханова,Москва,Океан знаний,БВИ / 100 баллов,ЕГЭ от 75 баллов по профильному предмету.
РЭУ им. Г.В. Плеханова,Москва,Олимпиада Курчатов,БВИ / 100 баллов,ЕГЭ от 75 баллов по профильному предмету.
РЭУ им. Г.В. Плеханова,Москва,Олимпиада МГИМО,БВИ / 100 баллов,ЕГЭ от 75 баллов по профильному предмету.
РЭУ им. Г.В. Плеханова,Москва,Олимпиада РАНХиГС,БВИ / 100 баллов,ЕГЭ от 75 баллов по профильному предмету.
РЭУ им. Г.В. Плеханова,Москва,Олимпиада РГГУ для школьников,БВИ / 100 баллов,ЕГЭ от 75 баллов по профильному предмету.
РЭУ им. Г.В. Плеханова,Москва,Олимпиада СПбГУ,БВИ / 100 баллов,ЕГЭ от 75 баллов по профильному предмету.
РЭУ им. Г.В. Плеханова,Москва,Олимпиада школьников по информатике и программированию,БВИ / 100 баллов,ЕГЭ от 75 баллов по профильному предмету.
РЭУ им. Г.В. Плеханова,Москва,Олимпиада Юношеской математической школы,БВИ / 100 баллов,ЕГЭ от 75 баллов по профильному предмету.
РЭУ им. Г.В. Плеханова,Москва,Олимпиады КФУ,БВИ / 100 баллов,ЕГЭ от 75 баллов по профильному предмету.
РЭУ им. Г.В. Плеханова,Москва,ОРМО,БВИ / 100 баллов,ЕГЭ от 75 баллов по профильному предмету.
РЭУ им. Г.В. Плеханова,Москва,Открытая олимпиада школьников,БВИ / 100 баллов,ЕГЭ от 75 баллов по профильному предмету.
РЭУ им. Г.В. Плеханова,Москва,Открытая олимпиада школьников по программированию,БВИ / 100 баллов,ЕГЭ от 75 баллов по профильному предмету.
РЭУ им. Г.В. Плеханова,Москва,Открытая химическая олимпиада,БВИ / 100 баллов,ЕГЭ от 75 баллов по профильному предмету.
РЭУ им. Г.В. Плеханова,Москва,Плехановская олимпиада школьников,БВИ / 100 баллов,ЕГЭ от 75 баллов по профильному предмету.
РЭУ им. Г.В. Плеханова,Москва,Покори Воробьевы горы!,БВИ / 100 баллов,ЕГЭ от 75 баллов по профильному предмету.
РЭУ им. Г.В. Плеханова,Москва,Потомки Менделеева,БВИ / 100 баллов,ЕГЭ от 75 баллов по профильному предмету.
РЭУ им. Г.В. Плеханова,Москва,Региональный конкурс школьников Челябинского университетского образовательного округа,БВИ / 100 баллов,ЕГЭ от 75 баллов по профильному предмету.
РЭУ им. Г.В. Плеханова,Москва,Росатом,БВИ / 100 баллов,ЕГЭ от 75 баллов по профильному предмету.
РЭУ им. Г.В. Плеханова,Москва,Санкт-Петербургская астрономическая олимпиада,БВИ / 100 баллов,ЕГЭ от 75 баллов по профильному предмету.
РЭУ им. Г.В. Плеханова,Москва,Санкт-Петербургская олимпиада школьников,БВИ / 100 баллов,ЕГЭ от 75 баллов по профильному предмету.
РЭУ им. Г.В. Плеханова,Москва,Сибириада. Шаг в мечту,БВИ / 100 баллов,ЕГЭ от 75 баллов по профильному предмету.
РЭУ им. Г.В. Плеханова,Москва,Твой путь в настоящую науку,БВИ / 100 баллов,ЕГЭ от 75 баллов по профильному предмету.
РЭУ им. Г.В. Плеханова,Москва,Телевизионная гуманитарная олимпиада школьников «Умницы и умники»,БВИ / 100 баллов,ЕГЭ от 75 баллов по профильному предмету.
РЭУ им. Г.В. Плеханова,Москва,Технокубок,БВИ / 100 баллов,ЕГЭ от 75 баллов по профильному предмету.
РЭУ им. Г.В. Плеханова,Москва,Турнир городов,БВИ / 100 баллов,ЕГЭ от 75 баллов по профильному предмету.
РЭУ им. Г.В. Плеханова,Москва,Турнир имени М.В. Ломоносова,БВИ / 100 баллов,ЕГЭ от 75 баллов по профильному предмету.
РЭУ им. Г.В. Плеханова,Москва,Физтех,БВИ / 100 баллов,ЕГЭ от 75 баллов по профильному предмету.
РЭУ им. Г.В. Плеханова,Москва,Финатлон для старшеклассников,БВИ / 100 баллов,ЕГЭ от 75 баллов по профильному предмету.
РЭУ им. Г.В. Плеханова,Москва,Формула Единства,БВИ / 100 баллов,ЕГЭ от 75 баллов по профильному предмету.
РЭУ им. Г.В. Плеханова,Москва,Юниор,БВИ / 100 баллов,ЕГЭ от 75 баллов по профильному предмету.
РЭУ им. Г.В. Плеханова,Москва,Юные таланты,БВИ / 100 баллов,ЕГЭ от 75 баллов по профильному предмету.
РАНХиГС,Москва,Innopolis Open,БВИ / 100 баллов,ЕГЭ от 75 баллов по профильному предмету.
РАНХиГС,Москва,Бельчонок,БВИ / 100 баллов,ЕГЭ от 75 баллов по профильному предмету.
РАНХиГС,Москва,Будущие исследователи - будущее науки,БВИ / 100 баллов,ЕГЭ от 75 баллов по профильному предмету.
РАНХиГС,Москва,Всероссийская академическая олимпиада школьников имени В.И. Вернадского,БВИ / 100 баллов,ЕГЭ от 75 баллов по профильному предмету.
РАНХиГС,Москва,Всероссийская олимпиада по искусственному интеллекту,БВИ / 100 баллов,ЕГЭ от 75 баллов по профильному предмету.
РАНХиГС,Москва,Всероссийская Толстовская олимпиада школьников,БВИ / 100 баллов,ЕГЭ от 75 баллов по профильному предмету.
РАНХиГС,Москва,ВСОШ по географии,БВИ,Не требуется.
РАНХиГС,Москва,ВСОШ по иностранному языку,БВИ,Не требуется.
РАНХиГС,Москва,ВСОШ по информатике,БВИ,Не требуется.
РАНХиГС,Москва,ВСОШ по истории,БВИ,Не требуется.
РАНХиГС,Москва,ВСОШ по литературе,БВИ,Не требуется.
РАНХиГС,Москва,ВСОШ по математике,БВИ,Не требуется.
РАНХиГС,Москва,ВСОШ по обществознанию,БВИ,Не требуется.
РАНХиГС,Москва,ВСОШ по праву,БВИ,Не требуется.
РАНХиГС,Москва,ВСОШ по русскому языку,БВИ,Не требуется.
РАНХиГС,Москва,ВСОШ по экономике,БВИ,Не требуется.
РАНХиГС,Москва,Высшая проба,БВИ / 100 баллов,ЕГЭ от 75 баллов по профильному предмету.
РАНХиГС,Москва,Евразийская лингвистическая олимпиада,БВИ / 100 баллов,ЕГЭ от 75 баллов по профильному предмету.
РАНХиГС,Москва,Звезда,БВИ / 100 баллов,ЕГЭ от 75 баллов по профильному предмету.
РАНХиГС,Москва,Изумруд,БВИ / 100 баллов,ЕГЭ от 75 баллов по профильному предмету.
РАНХиГС,Москва,Ломоносов,БВИ / 100 баллов,ЕГЭ от 75 баллов по профильному предмету.
РАНХиГС,Москва,Международная олимпиада по финансовой безопасности,БВИ / 100 баллов,ЕГЭ от 75 баллов по профильному предмету.
РАНХиГС,Москва,Межрегиональная олимпиада школьников имени И.Я. Верченко,БВИ / 100 баллов,ЕГЭ от 75 баллов по профильному предмету.
РАНХиГС,Москва,Межрегиональная олимпиада школьников на базе ведомственных образовательных организаций,БВИ / 100 баллов,ЕГЭ от 75 баллов по профильному предмету.
РАНХиГС,Москва,Миссия выполнима. Твое призвание - финансист!,БВИ / 100 баллов,ЕГЭ от 75 баллов по профильному предмету.
РАНХиГС,Москва,Московская олимпиада школьников,БВИ / 100 баллов,ЕГЭ от 75 баллов по профильному предмету.
РАНХиГС,Москва,НТО,БВИ / 100 баллов,ЕГЭ от 75 баллов по профильному предмету.
РАНХиГС,Москва,Океан знаний,БВИ / 100 баллов,ЕГЭ от 75 баллов по профильному предмету.
РАНХиГС,Москва,Олимпиада МГИМО,БВИ / 100 баллов,ЕГЭ от 75 баллов по профильному предмету.
РАНХиГС,Москва,Олимпиада РАНХиГС,БВИ / 100 баллов,ЕГЭ от 75 баллов по профильному предмету.
РАНХиГС,Москва,Олимпиада РГГУ для школьников,БВИ / 100 баллов,ЕГЭ от 75 баллов по профильному предмету.
РАНХиГС,Москва,Олимпиада СПбГУ,БВИ / 100 баллов,ЕГЭ от 75 баллов по профильному предмету.
РАНХиГС,Москва,Олимпиады КФУ,БВИ / 100 баллов,ЕГЭ от 75 баллов по профильному предмету.
РАНХиГС,Москва,Плехановская олимпиада школьников,БВИ / 100 баллов,ЕГЭ от 75 баллов по профильному предмету.
РАНХиГС,Москва,Покори Воробьевы горы!,БВИ / 100 баллов,ЕГЭ от 75 баллов по профильному предмету.
РАНХиГС,Москва,Региональный конкурс школьников Челябинского университетского образовательного округа,БВИ / 100 баллов,ЕГЭ от 75 баллов по профильному предмету.
РАНХиГС,Москва,Телевизионная гуманитарная олимпиада школьников «Умницы и умники»,БВИ / 100 баллов,ЕГЭ от 75 баллов по профильному предмету.
РАНХиГС,Москва,Технокубок,БВИ / 100 баллов,ЕГЭ от 75 баллов по профильному предмету.
РАНХиГС,Москва,Турнир городов,БВИ / 100 баллов,ЕГЭ от 75 баллов по профильному предмету.
РАНХиГС,Москва,Турнир имени М.В. Ломоносова,БВИ / 100 баллов,ЕГЭ от 75 баллов по профильному предмету.
РАНХиГС,Москва,Финатлон для старшеклассников,БВИ / 100 баллов,ЕГЭ от 75 баллов по профильному предмету.
РАНХиГС,Москва,Формула Единства,БВИ / 100 баллов,ЕГЭ от 75 баллов по профильному предмету.
УрФУ им. Б.Н. Ельцина,Екатеринбург,Innopolis Open,БВИ / 100 баллов,ЕГЭ от 75 баллов по профильному предмету.
УрФУ им. Б.Н. Ельцина,Екатеринбург,Бельчонок,БВИ / 100 баллов,ЕГЭ от 75 баллов по профильному предмету.
УрФУ им. Б.Н. Ельцина,Екатеринбург,Будущее Сибири,БВИ / 100 баллов,ЕГЭ от 75 баллов по профильному предмету.
УрФУ им. Б.Н. Ельцина,Екатеринбург,Будущие исследователи - будущее науки,БВИ / 100 баллов,ЕГЭ от 75 баллов по профильному предмету.
УрФУ им. Б.Н. Ельцина,Екатеринбург,Всероссийская академическая олимпиада школьников имени В.И. Вернадского,БВИ / 100 баллов,ЕГЭ от 75 баллов по профильному предмету.
УрФУ им. Б.Н. Ельцина,Екатеринбург,Всероссийская олимпиада по искусственному интеллекту,БВИ / 100 баллов,ЕГЭ от 75 баллов по профильному предмету.
УрФУ им. Б.Н. Ельцина,Екатеринбург,Всероссийская Сеченовская олимпиада школьников,БВИ / 100 баллов,ЕГЭ от 75 баллов по профильному предмету.
УрФУ им. Б.Н. Ельцина,Екатеринбург,Всесибирская открытая олимпиада школьников,БВИ / 100 баллов,ЕГЭ от 75 баллов по профильному предмету.
УрФУ им. Б.Н. Ельцина,Екатеринбург,ВСОШ по астрономии,БВИ,Не требуется.
УрФУ им. Б.Н. Ельцина,Екатеринбург,ВСОШ по биологии,БВИ,Не требуется.
УрФУ им. Б.Н. Ельцина,Екатеринбург,ВСОШ по географии,БВИ,Не требуется.
УрФУ им. Б.Н. Ельцина,Екатеринбург,ВСОШ по иностранному языку,БВИ,Не требуется.
УрФУ им. Б.Н. Ельцина,Екатеринбург,ВСОШ по информатике,БВИ,Не требуется.
УрФУ им. Б.Н. Ельцина,Екатеринбург,ВСОШ по истории,БВИ,Не требуется.
УрФУ им. Б.Н. Ельцина,Екатеринбург,ВСОШ по литературе,БВИ,Не требуется.
УрФУ им. Б.Н. Ельцина,Екатеринбург,ВСОШ по математике,БВИ,Не требуется.
УрФУ им. Б.Н. Ельцина,Екатеринбург,ВСОШ по обществознанию,БВИ,Не требуется.
УрФУ им. Б.Н. Ельцина,Екатеринбург,ВСОШ по русскому языку,БВИ,Не требуется.
УрФУ им. Б.Н. Ельцина,Екатеринбург,ВСОШ по физике,БВИ,Не требуется.
УрФУ им. Б.Н. Ельцина,Екатеринбург,ВСОШ по химии,БВИ,Не требуется.
УрФУ им. Б.Н. Ельцина,Екатеринбург,ВСОШ по экологии,БВИ,Не требуется.
УрФУ им. Б.Н. Ельцина,Екатеринбург,ВСОШ по экономике,БВИ,Не требуется.
УрФУ им. Б.Н. Ельцина,Екатеринбург,Вузовско-академическая олимпиада по информатике,БВИ / 100 баллов,ЕГЭ от 75 баллов по профильному предмету.
УрФУ им. Б.Н. Ельцина,Екатеринбург,Высшая проба,БВИ / 100 баллов,ЕГЭ от 75 баллов по профильному предмету.
УрФУ им. Б.Н. Ельцина,Екатеринбург,Газпром,БВИ / 100 баллов,ЕГЭ от 75 баллов по профильному предмету.
УрФУ им. Б.Н. Ельцина,Екатеринбург,Городская открытая олимпиада школьников по физике,БВИ / 100 баллов,ЕГЭ от 75 баллов по профильному предмету.
УрФУ им. Б.Н. Ельцина,Екатеринбург,Звезда,БВИ / 100 баллов,ЕГЭ от 75 баллов по профильному предмету.
УрФУ им. Б.Н. Ельцина,Екатеринбург,Изумруд,БВИ / 100 баллов,ЕГЭ от 75 баллов по профильному предмету.
УрФУ им. Б.Н. Ельцина,Екатеринбург,Инженерная олимпиада школьников,БВИ / 100 баллов,ЕГЭ от 75 баллов по профильному предмету.
УрФУ им. Б.Н. Ельцина,Екатеринбург,Иннагрика,БВИ / 100 баллов,ЕГЭ от 75 баллов по профильному предмету.
УрФУ им. Б.Н. Ельцина,Екатеринбург,Интернет-олимпиада школьников по физике,БВИ / 100 баллов,ЕГЭ от 75 баллов по профильному предмету.
УрФУ им. Б.Н. Ельцина,Екатеринбург,Ломоносов,БВИ / 100 баллов,ЕГЭ от 75 баллов по профильному предмету.
УрФУ им. Б.Н. Ельцина,Екатеринбург,Международная олимпиада по финансовой безопасности,БВИ / 100 баллов,ЕГЭ от 75 баллов по профильному предмету.
УрФУ им. Б.Н. Ельцина,Екатеринбург,Межрегиональная химическая олимпиада школьников имени академика П.Д. Саркисова,БВИ / 100 баллов,ЕГЭ от 75 баллов по профильному предмету.
УрФУ им. Б.Н. Ельцина,Екатеринбург,Миссия выполнима. Твое призвание - финансист!,БВИ / 100 баллов,ЕГЭ от 75 баллов по профильному предмету.
УрФУ им. Б.Н. Ельцина,Екатеринбург,Московская олимпиада школьников,БВИ / 100 баллов,ЕГЭ от 75 баллов по профильному предмету.
УрФУ им. Б.Н. Ельцина,Екатеринбург,Надежда энергетики,БВИ / 100 баллов,ЕГЭ от 75 баллов по профильному предмету.
УрФУ им. Б.Н. Ельцина,Екатеринбург,НТО,БВИ / 100 баллов,ЕГЭ от 75 баллов по профильному предмету.
УрФУ им. Б.Н. Ельцина,Екатеринбург,Объединенная межвузовская олимпиада школьников,БВИ / 100 баллов,ЕГЭ от 75 баллов по профильному предмету.
УрФУ им. Б.Н. Ельцина,Екатеринбург,Океан знаний,БВИ / 100 баллов,ЕГЭ от 75 баллов по профильному предмету.
УрФУ им. Б.Н. Ельцина,Екатеринбург,Олимпиада Курчатов,БВИ / 100 баллов,ЕГЭ от 75 баллов по профильному предмету.
УрФУ им. Б.Н. Ельцина,Екатеринбург,Олимпиада РАНХиГС,БВИ / 100 баллов,ЕГЭ от 75 баллов по профильному предмету.
УрФУ им. Б.Н. Ельцина,Екатеринбург,Олимпиада РГГУ для школьников,БВИ / 100 баллов,ЕГЭ от 75 баллов по профильному предмету.
УрФУ им. Б.Н. Ельцина,Екатеринбург,Олимпиада СПбГУ,БВИ / 100 баллов,ЕГЭ от 75 баллов по профильному предмету.
УрФУ им. Б.Н. Ельцина,Екатеринбург,Олимпиады КФУ,БВИ / 100 баллов,ЕГЭ от 75 баллов по профильному предмету.
УрФУ им. Б.Н. Ельцина,Екатеринбург,Открытая олимпиада школьников по программированию,БВИ / 100 баллов,ЕГЭ от 75 баллов по профильному предмету.
УрФУ им. Б.Н. Ельцина,Екатеринбург,Открытая химическая олимпиада,БВИ / 100 баллов,ЕГЭ от 75 баллов по профильному предмету.
УрФУ им. Б.Н. Ельцина,Екатеринбург,Покори Воробьевы горы!,БВИ / 100 баллов,ЕГЭ от 75 баллов по профильному предмету.
УрФУ им. Б.Н. Ельцина,Екатеринбург,Потомки Менделеева,БВИ / 100 баллов,ЕГЭ от 75 баллов по профильному предмету.
УрФУ им. Б.Н. Ельцина,Екатеринбург,Росатом,БВИ / 100 баллов,ЕГЭ от 75 баллов по профильному предмету.
УрФУ им. Б.Н. Ельцина,Екатеринбург,Санкт-Петербургская олимпиада школьников,БВИ / 100 баллов,ЕГЭ от 75 баллов по профильному предмету.
УрФУ им. Б.Н. Ельцина,Екатеринбург,Технокубок,БВИ / 100 баллов,ЕГЭ от 75 баллов по профильному предмету.
УрФУ им. Б.Н. Ельцина,Екатеринбург,Турнир городов,БВИ / 100 баллов,ЕГЭ от 75 баллов по профильному предмету.
УрФУ им. Б.Н. Ельцина,Екатеринбург,Турнир имени М.В. Ломоносова,БВИ / 100 баллов,ЕГЭ от 75 баллов по профильному предмету.
УрФУ им. Б.Н. Ельцина,Екатеринбург,Физтех,БВИ / 100 баллов,ЕГЭ от 75 баллов по профильному предмету.
УрФУ им. Б.Н. Ельцина,Екатеринбург,Финатлон для старшеклассников,БВИ / 100 баллов,ЕГЭ от 75 баллов по профильному предмету.
УрФУ им. Б.Н. Ельцина,Екатеринбург,Формула Единства,БВИ / 100 баллов,ЕГЭ от 75 баллов по профильному предмету.
УрФУ им. Б.Н. Ельцина,Екатеринбург,Шаг в будущее,БВИ / 100 баллов,ЕГЭ от 75 баллов по профильному предмету.
УрФУ им. Б.Н. Ельцина,Екатеринбург,Юниор,БВИ / 100 баллов,ЕГЭ от 75 баллов по профильному предмету.
УрФУ им. Б.Н. Ельцина,Екатеринбург,Юные таланты,БВИ / 100 баллов,ЕГЭ от 75 баллов по профильному предмету.
РУДН,Москва,Innopolis Open,БВИ / 100 баллов,ЕГЭ от 75 баллов по профильному предмету.
РУДН,Москва,Бельчонок,БВИ / 100 баллов,ЕГЭ от 75 баллов по профильному предмету.
РУДН,Москва,Будущее Сибири,БВИ / 100 баллов,ЕГЭ от 75 баллов по профильному предмету.
РУДН,Москва,Будущие исследователи - будущее науки,БВИ / 100 баллов,ЕГЭ от 75 баллов по профильному предмету.
РУДН,Москва,Всероссийская академическая олимпиада школьников имени В.И. Вернадского,БВИ / 100 баллов,ЕГЭ от 75 баллов по профильному предмету.
РУДН,Москва,Всероссийская олимпиада по искусственному интеллекту,БВИ / 100 баллов,ЕГЭ от 75 баллов по профильному предмету.
РУДН,Москва,Всероссийская Сеченовская олимпиада школьников,БВИ / 100 баллов,ЕГЭ от 75 баллов по профильному предмету.
РУДН,Москва,Всероссийская Толстовская олимпиада школьников,БВИ / 100 баллов,ЕГЭ от 75 баллов по профильному предмету.
РУДН,Москва,Всесибирская открытая олимпиада школьников,БВИ / 100 баллов,ЕГЭ от 75 баллов по профильному предмету.
РУДН,Москва,ВСОШ по астрономии,БВИ,Не требуется.
РУДН,Москва,ВСОШ по биологии,БВИ,Не требуется.
РУДН,Москва,ВСОШ по географии,БВИ,Не требуется.
РУДН,Москва,ВСОШ по иностранному языку,БВИ,Не требуется.
РУДН,Москва,ВСОШ по информатике,БВИ,Не требуется.
РУДН,Москва,ВСОШ по истории,БВИ,Не требуется.
РУДН,Москва,ВСОШ по литературе,БВИ,Не требуется.
РУДН,Москва,ВСОШ по математике,БВИ,Не требуется.
РУДН,Москва,ВСОШ по обществознанию,БВИ,Не требуется.
РУДН,Москва,ВСОШ по праву,БВИ,Не требуется.
РУДН,Москва,ВСОШ по русскому языку,БВИ,Не требуется.
РУДН,Москва,ВСОШ по физике,БВИ,Не требуется.
РУДН,Москва,ВСОШ по химии,БВИ,Не требуется.
РУДН,Москва,ВСОШ по экологии,БВИ,Не требуется.
РУДН,Москва,ВСОШ по экономике,БВИ,Не требуется.
РУДН,Москва,Вузовско-академическая олимпиада по информатике,БВИ / 100 баллов,ЕГЭ от 75 баллов по профильному предмету.
РУДН,Москва,Высшая проба,БВИ / 100 баллов,ЕГЭ от 75 баллов по профильному предмету.
РУДН,Москва,Газпром,БВИ / 100 баллов,ЕГЭ от 75 баллов по профильному предмету.
РУДН,Москва,Городская открытая олимпиада школьников по физике,БВИ / 100 баллов,ЕГЭ от 75 баллов по профильному предмету.
РУДН,Москва,Гранит науки,БВИ / 100 баллов,ЕГЭ от 75 баллов по профильному предмету.
РУДН,Москва,Евразийская лингвистическая олимпиада,БВИ / 100 баллов,ЕГЭ от 75 баллов по профильному предмету.
РУДН,Москва,Звезда,БВИ / 100 баллов,ЕГЭ от 75 баллов по профильному предмету.
РУДН,Москва,Изумруд,БВИ / 100 баллов,ЕГЭ от 75 баллов по профильному предмету.
РУДН,Москва,Инженерная олимпиада школьников,БВИ / 100 баллов,ЕГЭ от 75 баллов по профильному предмету.
РУДН,Москва,Иннагрика,БВИ / 100 баллов,ЕГЭ от 75 баллов по профильному предмету.
РУДН,Москва,Интернет-олимпиада школьников по физике,БВИ / 100 баллов,ЕГЭ от 75 баллов по профильному предмету.
РУДН,Москва,Когнитивные технологии,БВИ / 100 баллов,ЕГЭ от 75 баллов по профильному предмету.
РУДН,Москва,Кутафинская олимпиада школьников по праву,БВИ / 100 баллов,ЕГЭ от 75 баллов по профильному предмету.
РУДН,Москва,Ломоносов,БВИ / 100 баллов,ЕГЭ от 75 баллов по профильному предмету.
РУДН,Москва,Международная олимпиада по финансовой безопасности,БВИ / 100 баллов,ЕГЭ от 75 баллов по профильному предмету.
РУДН,Москва,Межрегиональная олимпиада школьников имени И.Я. Верченко,БВИ / 100 баллов,ЕГЭ от 75 баллов по профильному предмету.
РУДН,Москва,Межрегиональная олимпиада школьников на базе ведомственных образовательных организаций,БВИ / 100 баллов,ЕГЭ от 75 баллов по профильному предмету.
РУДН,Москва,Межрегиональная химическая олимпиада школьников имени академика П.Д. Саркисова,БВИ / 100 баллов,ЕГЭ от 75 баллов по профильному предмету.
РУДН,Москва,Миссия выполнима. Твое призвание - финансист!,БВИ / 100 баллов,ЕГЭ от 75 баллов по профильному предмету.
РУДН,Москва,Московская олимпиада школьников,БВИ / 100 баллов,ЕГЭ от 75 баллов по профильному предмету.
РУДН,Москва,Надежда энергетики,БВИ / 100 баллов,ЕГЭ от 75 баллов по профильному предмету.
РУДН,Москва,НТО,БВИ / 100 баллов,ЕГЭ от 75 баллов по профильному предмету.
РУДН,Москва,Оборонно-техническая олимпиада,БВИ / 100 баллов,ЕГЭ от 75 баллов по профильному предмету.
РУДН,Москва,Объединенная межвузовская олимпиада школьников,БВИ / 100 баллов,ЕГЭ от 75 баллов по профильному предмету.
РУДН,Москва,Океан знаний,БВИ / 100 баллов,ЕГЭ от 75 баллов по профильному предмету.
РУДН,Москва,Олимпиада Курчатов,БВИ / 100 баллов,ЕГЭ от 75 баллов по профильному предмету.
РУДН,Москва,Олимпиада МГИМО,БВИ / 100 баллов,ЕГЭ от 75 баллов по профильному предмету.
РУДН,Москва,Олимпиада РАНХиГС,БВИ / 100 баллов,ЕГЭ от 75 баллов по профильному предмету.
РУДН,Москва,Олимпиада РГГУ для школьников,БВИ / 100 баллов,ЕГЭ от 75 баллов по профильному предмету.
РУДН,Москва,Олимпиада СПбГУ,БВИ / 100 баллов,ЕГЭ от 75 баллов по профильному предмету.
РУДН,Москва,Олимпиада школьников по информатике и программированию,БВИ / 100 баллов,ЕГЭ от 75 баллов по профильному предмету.
РУДН,Москва,Олимпиада Юношеской математической школы,БВИ / 100 баллов,ЕГЭ от 75 баллов по профильному предмету.
РУДН,Москва,Олимпиады КФУ,БВИ / 100 баллов,ЕГЭ от 75 баллов по профильному предмету.
РУДН,Москва,ОРМО,БВИ / 100 баллов,ЕГЭ от 75 баллов по профильному предмету.
РУДН,Москва,Открытая олимпиада школьников,БВИ / 100 баллов,ЕГЭ от 75 баллов по профильному предмету.
РУДН,Москва,Открытая олимпиада школьников по программированию,БВИ / 100 баллов,ЕГЭ от 75 баллов по профильному предмету.
РУДН,Москва,Открытая химическая олимпиада,БВИ / 100 баллов,ЕГЭ от 75 баллов по профильному предмету.
РУДН,Москва,Пироговская олимпиада для школьников по химии и биологии,БВИ / 100 баллов,ЕГЭ от 75 баллов по профильному предмету.
РУДН,Москва,Плехановская олимпиада школьников,БВИ / 100 баллов,ЕГЭ от 75 баллов по профильному предмету.
РУДН,Москва,Покори Воробьевы горы!,БВИ / 100 баллов,ЕГЭ от 75 баллов по профильному предмету.
РУДН,Москва,Потомки Менделеева,БВИ / 100 баллов,ЕГЭ от 75 баллов по профильному предмету.
РУДН,Москва,Региональный конкурс школьников Челябинского университетского образовательного округа,БВИ / 100 баллов,ЕГЭ от 75 баллов по профильному предмету.
РУДН,Москва,Росатом,БВИ / 100 баллов,ЕГЭ от 75 баллов по профильному предмету.
РУДН,Москва,Санкт-Петербургская астрономическая олимпиада,БВИ / 100 баллов,ЕГЭ от 75 баллов по профильному предмету.
РУДН,Москва,Санкт-Петербургская олимпиада школьников,БВИ / 100 баллов,ЕГЭ от 75 баллов по профильному предмету.
РУДН,Москва,Сибириада. Шаг в мечту,БВИ / 100 баллов,ЕГЭ от 75 баллов по профильному предмету.
РУДН,Москва,Твой путь в настоящую науку,БВИ / 100 баллов,ЕГЭ от 75 баллов по профильному предмету.
РУДН,Москва,Телевизионная гуманитарная олимпиада школьников «Умницы и умники»,БВИ / 100 баллов,ЕГЭ от 75 баллов по профильному предмету.
РУДН,Москва,Технокубок,БВИ / 100 баллов,ЕГЭ от 75 баллов по профильному предмету.
РУДН,Москва,Турнир городов,БВИ / 100 баллов,ЕГЭ от 75 баллов по профильному предмету.
РУДН,Москва,Турнир имени М.В. Ломоносова,БВИ / 100 баллов,ЕГЭ от 75 баллов по профильному предмету.
РУДН,Москва,Физтех,БВИ / 100 баллов,ЕГЭ от 75 баллов по профильному предмету.
РУДН,Москва,Финатлон для старшеклассников,БВИ / 100 баллов,ЕГЭ от 75 баллов по профильному предмету.
РУДН,Москва,Формула Единства,БВИ / 100 баллов,ЕГЭ от 75 баллов по профильному предмету.
РУДН,Москва,Шаг в будущее,БВИ / 100 баллов,ЕГЭ от 75 баллов по профильному предмету.
РУДН,Москва,Юниор,БВИ / 100 баллов,ЕГЭ от 75 баллов по профильному предмету.
РУДН,Москва,Юные таланты,БВИ / 100 баллов,ЕГЭ от 75 баллов по профильному предмету.
МГЮА им. О.Е. Кутафина,Москва,В мир права,100 баллов,ЕГЭ от 75 баллов по профильному предмету.
МГЮА им. О.Е. Кутафина,Москва,Всероссийская академическая олимпиада школьников имени В.И. Вернадского,БВИ / 100 баллов,ЕГЭ от 75 баллов по профильному предмету.
МГЮА им. О.Е. Кутафина,Москва,Всероссийская Толстовская олимпиада школьников,100 баллов,ЕГЭ от 75 баллов по профильному предмету.
МГЮА им. О.Е. Кутафина,Москва,ВСОШ по истории,БВИ,Не требуется.
МГЮА им. О.Е. Кутафина,Москва,ВСОШ по обществознанию,БВИ,Не требуется.
МГЮА им. О.Е. Кутафина,Москва,ВСОШ по праву,БВИ,Не требуется.
МГЮА им. О.Е. Кутафина,Москва,Высшая проба,БВИ / 100 баллов,ЕГЭ от 75 баллов по профильному предмету.
МГЮА им. О.Е. Кутафина,Москва,Изумруд,100 баллов,ЕГЭ от 75 баллов по профильному предмету.
МГЮА им. О.Е. Кутафина,Москва,Кутафинская олимпиада школьников по праву,БВИ / 100 баллов,ЕГЭ от 75 баллов по профильному предмету.
МГЮА им. О.Е. Кутафина,Москва,Ломоносов,БВИ / 100 баллов,ЕГЭ от 75 баллов по профильному предмету.
МГЮА им. О.Е. Кутафина,Москва,Международная олимпиада по финансовой безопасности,БВИ / 100 баллов,ЕГЭ от 75 баллов по профильному предмету.
МГЮА им. О.Е. Кутафина,Москва,Миссия выполнима. Твое призвание - финансист!,100 баллов,ЕГЭ от 75 баллов по профильному предмету.
МГЮА им. О.Е. Кутафина,Москва,Московская олимпиада школьников,100 баллов,ЕГЭ от 75 баллов по профильному предмету.
МГЮА им. О.Е. Кутафина,Москва,Океан знаний,100 баллов,ЕГЭ от 75 баллов по профильному предмету.
МГЮА им. О.Е. Кутафина,Москва,Олимпиада МГИМО,100 баллов,ЕГЭ от 75 баллов по профильному предмету.
МГЮА им. О.Е. Кутафина,Москва,Олимпиада РАНХиГС,100 баллов,ЕГЭ от 75 баллов по профильному предмету.
МГЮА им. О.Е. Кутафина,Москва,Олимпиада РГГУ для школьников,100 баллов,ЕГЭ от 75 баллов по профильному предмету.
МГЮА им. О.Е. Кутафина,Москва,Олимпиада СПбГУ,БВИ / 100 баллов,ЕГЭ от 75 баллов по профильному предмету.
МГЮА им. О.Е. Кутафина,Москва,Олимпиады КФУ,100 баллов,ЕГЭ от 75 баллов по профильному предмету.
МГЮА им. О.Е. Кутафина,Москва,Покори Воробьевы горы!,БВИ / 100 баллов,ЕГЭ от 75 баллов по профильному предмету.
МГЮА им. О.Е. Кутафина,Москва,ФЕМИДА,100 баллов,ЕГЭ от 75 баллов по профильному предмету.
МГЮА им. О.Е. Кутафина,Москва,Юридические высоты,100 баллов,ЕГЭ от 75 баллов по профильному предмету.
РХТУ им. Д.И. Менделеева,Москва,Innopolis Open,БВИ / 100 баллов,ЕГЭ от 75 баллов по профильному предмету.
РХТУ им. Д.И. Менделеева,Москва,Бельчонок,БВИ / 100 баллов,ЕГЭ от 75 баллов по профильному предмету.
РХТУ им. Д.И. Менделеева,Москва,Будущее Сибири,БВИ / 100 баллов,ЕГЭ от 75 баллов по профильному предмету.
РХТУ им. Д.И. Менделеева,Москва,Будущие исследователи - будущее науки,БВИ / 100 баллов,ЕГЭ от 75 баллов по профильному предмету.
РХТУ им. Д.И. Менделеева,Москва,Всероссийская академическая олимпиада школьников имени В.И. Вернадского,БВИ / 100 баллов,ЕГЭ от 75 баллов по профильному предмету.
РХТУ им. Д.И. Менделеева,Москва,Всероссийская Сеченовская олимпиада школьников,БВИ / 100 баллов,ЕГЭ от 75 баллов по профильному предмету.
РХТУ им. Д.И. Менделеева,Москва,Всесибирская открытая олимпиада школьников,БВИ / 100 баллов,ЕГЭ от 75 баллов по профильному предмету.
РХТУ им. Д.И. Менделеева,Москва,ВСОШ по биологии,БВИ,Не требуется.
РХТУ им. Д.И. Менделеева,Москва,ВСОШ по информатике,БВИ,Не требуется.
РХТУ им. Д.И. Менделеева,Москва,ВСОШ по математике,БВИ,Не требуется.
РХТУ им. Д.И. Менделеева,Москва,ВСОШ по физике,БВИ,Не требуется.
РХТУ им. Д.И. Менделеева,Москва,ВСОШ по химии,БВИ,Не требуется.
РХТУ им. Д.И. Менделеева,Москва,ВСОШ по экологии,БВИ,Не требуется.
РХТУ им. Д.И. Менделеева,Москва,Вузовско-академическая олимпиада по информатике,БВИ / 100 баллов,ЕГЭ от 75 баллов по профильному предмету.
РХТУ им. Д.И. Менделеева,Москва,Высшая проба,БВИ / 100 баллов,ЕГЭ от 75 баллов по профильному предмету.
РХТУ им. Д.И. Менделеева,Москва,Газпром,БВИ / 100 баллов,ЕГЭ от 75 баллов по профильному предмету.
РХТУ им. Д.И. Менделеева,Москва,Городская открытая олимпиада школьников по физике,БВИ / 100 баллов,ЕГЭ от 75 баллов по профильному предмету.
РХТУ им. Д.И. Менделеева,Москва,Звезда,БВИ / 100 баллов,ЕГЭ от 75 баллов по профильному предмету.
РХТУ им. Д.И. Менделеева,Москва,Изумруд,БВИ / 100 баллов,ЕГЭ от 75 баллов по профильному предмету.
РХТУ им. Д.И. Менделеева,Москва,Инженерная олимпиада школьников,БВИ / 100 баллов,ЕГЭ от 75 баллов по профильному предмету.
РХТУ им. Д.И. Менделеева,Москва,Иннагрика,БВИ / 100 баллов,ЕГЭ от 75 баллов по профильному предмету.
РХТУ им. Д.И. Менделеева,Москва,Интернет-олимпиада школьников по физике,БВИ / 100 баллов,ЕГЭ от 75 баллов по профильному предмету.
РХТУ им. Д.И. Менделеева,Москва,Ломоносов,БВИ / 100 баллов,ЕГЭ от 75 баллов по профильному предмету.
РХТУ им. Д.И. Менделеева,Москва,Межрегиональная химическая олимпиада школьников имени академика П.Д. Саркисова,БВИ / 100 баллов,ЕГЭ от 75 баллов по профильному предмету.
РХТУ им. Д.И. Менделеева,Москва,Московская олимпиада школьников,БВИ / 100 баллов,ЕГЭ от 75 баллов по профильному предмету.
РХТУ им. Д.И. Менделеева,Москва,Надежда энергетики,БВИ / 100 баллов,ЕГЭ от 75 баллов по профильному предмету.
РХТУ им. Д.И. Менделеева,Москва,НТО,БВИ / 100 баллов,ЕГЭ от 75 баллов по профильному предмету.
РХТУ им. Д.И. Менделеева,Москва,Объединенная межвузовская олимпиада школьников,БВИ / 100 баллов,ЕГЭ от 75 баллов по профильному предмету.
РХТУ им. Д.И. Менделеева,Москва,Олимпиада Курчатов,БВИ / 100 баллов,ЕГЭ от 75 баллов по профильному предмету.
РХТУ им. Д.И. Менделеева,Москва,Олимпиада СПбГУ,БВИ / 100 баллов,ЕГЭ от 75 баллов по профильному предмету.
РХТУ им. Д.И. Менделеева,Москва,Олимпиады КФУ,БВИ / 100 баллов,ЕГЭ от 75 баллов по профильному предмету.
РХТУ им. Д.И. Менделеева,Москва,Открытая химическая олимпиада,БВИ / 100 баллов,ЕГЭ от 75 баллов по профильному предмету.
РХТУ им. Д.И. Менделеева,Москва,Пироговская олимпиада для школьников по химии и биологии,БВИ / 100 баллов,ЕГЭ от 75 баллов по профильному предмету.
РХТУ им. Д.И. Менделеева,Москва,Потомки Менделеева,БВИ / 100 баллов,ЕГЭ от 75 баллов по профильному предмету.
РХТУ им. Д.И. Менделеева,Москва,Росатом,БВИ / 100 баллов,ЕГЭ от 75 баллов по профильному предмету.
РХТУ им. Д.И. Менделеева,Москва,Санкт-Петербургская олимпиада школьников,БВИ / 100 баллов,ЕГЭ от 75 баллов по профильному предмету.
РХТУ им. Д.И. Менделеева,Москва,Турнир городов,БВИ / 100 баллов,ЕГЭ от 75 баллов по профильному предмету.
РХТУ им. Д.И. Менделеева,Москва,Турнир имени М.В. Ломоносова,БВИ / 100 баллов,ЕГЭ от 75 баллов по профильному предмету.
РХТУ им. Д.И. Менделеева,Москва,Физтех,БВИ / 100 баллов,ЕГЭ от 75 баллов по профильному предмету.
РХТУ им. Д.И. Менделеева,Москва,Формула Единства,БВИ / 100 баллов,ЕГЭ от 75 баллов по профильному предмету.
РХТУ им. Д.И. Менделеева,Москва,Шаг в будущее,БВИ / 100 баллов,ЕГЭ от 75 баллов по профильному предмету.
РХТУ им. Д.И. Менделеева,Москва,Юниор,БВИ / 100 баллов,ЕГЭ от 75 баллов по профильному предмету.
РХТУ им. Д.И. Менделеева,Москва,Юные таланты,БВИ / 100 баллов,ЕГЭ от 75 баллов по профильному предмету.
МИРЭА,Москва,Innopolis Open,БВИ / 100 баллов,ЕГЭ от 75 баллов по профильному предмету.
МИРЭА,Москва,Бельчонок,БВИ / 100 баллов,ЕГЭ от 75 баллов по профильному предмету.
МИРЭА,Москва,Будущее Сибири,БВИ / 100 баллов,ЕГЭ от 75 баллов по профильному предмету.
МИРЭА,Москва,Будущие исследователи - будущее науки,БВИ / 100 баллов,ЕГЭ от 75 баллов по профильному предмету.
МИРЭА,Москва,Всероссийская академическая олимпиада школьников имени В.И. Вернадского,БВИ / 100 баллов,ЕГЭ от 75 баллов по профильному предмету.
МИРЭА,Москва,Всероссийская олимпиада по искусственному интеллекту,БВИ / 100 баллов,ЕГЭ от 75 баллов по профильному предмету.
МИРЭА,Москва,Всероссийская Сеченовская олимпиада школьников,БВИ / 100 баллов,ЕГЭ от 75 баллов по профильному предмету.
МИРЭА,Москва,Всероссийская Толстовская олимпиада школьников,БВИ / 100 баллов,ЕГЭ от 75 баллов по профильному предмету.
МИРЭА,Москва,Всесибирская открытая олимпиада школьников,БВИ / 100 баллов,ЕГЭ от 75 баллов по профильному предмету.
МИРЭА,Москва,ВСОШ по биологии,БВИ,Не требуется.
МИРЭА,Москва,ВСОШ по географии,БВИ,Не требуется.
МИРЭА,Москва,ВСОШ по иностранному языку,БВИ,Не требуется.
МИРЭА,Москва,ВСОШ по информатике,БВИ,Не требуется.
МИРЭА,Москва,ВСОШ по истории,БВИ,Не требуется.
МИРЭА,Москва,ВСОШ по литературе,БВИ,Не требуется.
МИРЭА,Москва,ВСОШ по математике,БВИ,Не требуется.
МИРЭА,Москва,ВСОШ по обществознанию,БВИ,Не требуется.
МИРЭА,Москва,ВСОШ по праву,БВИ,Не требуется.
МИРЭА,Москва,ВСОШ по русскому языку,БВИ,Не требуется.
МИРЭА,Москва,ВСОШ по физике,БВИ,Не требуется.
МИРЭА,Москва,ВСОШ по химии,БВИ,Не требуется.
МИРЭА,Москва,ВСОШ по экономике,БВИ,Не требуется.
МИРЭА,Москва,Вузовско-академическая олимпиада по информатике,БВИ / 100 баллов,ЕГЭ от 75 баллов по профильному предмету.
МИРЭА,Москва,Высшая проба,БВИ / 100 баллов,ЕГЭ от 75 баллов по профильному предмету.
МИРЭА,Москва,Газпром,БВИ / 100 баллов,ЕГЭ от 75 баллов по профильному предмету.
МИРЭА,Москва,Городская открытая олимпиада школьников по физике,БВИ / 100 баллов,ЕГЭ от 75 баллов по профильному предмету.
МИРЭА,Москва,Гранит науки,БВИ / 100 баллов,ЕГЭ от 75 баллов по профильному предмету.
МИРЭА,Москва,Евразийская лингвистическая олимпиада,БВИ / 100 баллов,ЕГЭ от 75 баллов по профильному предмету.
МИРЭА,Москва,Звезда,БВИ / 100 баллов,ЕГЭ от 75 баллов по профильному предмету.
МИРЭА,Москва,Изумруд,БВИ / 100 баллов,ЕГЭ от 75 баллов по профильному предмету.
МИРЭА,Москва,Инженерная олимпиада школьников,БВИ / 100 баллов,ЕГЭ от 75 баллов по профильному предмету.
МИРЭА,Москва,Иннагрика,БВИ / 100 баллов,ЕГЭ от 75 баллов по профильному предмету.
МИРЭА,Москва,Интернет-олимпиада школьников по физике,БВИ / 100 баллов,ЕГЭ от 75 баллов по профильному предмету.
МИРЭА,Москва,Когнитивные технологии,БВИ / 100 баллов,ЕГЭ от 75 баллов по профильному предмету.
МИРЭА,Москва,Ломоносов,БВИ / 100 баллов,ЕГЭ от 75 баллов по профильному предмету.
МИРЭА,Москва,Международная олимпиада по финансовой безопасности,БВИ / 100 баллов,ЕГЭ от 75 баллов по профильному предмету.
МИРЭА,Москва,Межрегиональная олимпиада школьников имени И.Я. Верченко,БВИ / 100 баллов,ЕГЭ от 75 баллов по профильному предмету.
МИРЭА,Москва,Межрегиональная олимпиада школьников на базе ведомственных образовательных организаций,БВИ / 100 баллов,ЕГЭ от 75 баллов по профильному предмету.
МИРЭА,Москва,Межрегиональная химическая олимпиада школьников имени академика П.Д. Саркисова,БВИ / 100 баллов,ЕГЭ от 75 баллов по профильному предмету.
МИРЭА,Москва,Миссия выполнима. Твое призвание - финансист!,БВИ / 100 баллов,ЕГЭ от 75 баллов по профильному предмету.
МИРЭА,Москва,Московская олимпиада школьников,БВИ / 100 баллов,ЕГЭ от 75 баллов по профильному предмету.
МИРЭА,Москва,Надежда энергетики,БВИ / 100 баллов,ЕГЭ от 75 баллов по профильному предмету.
МИРЭА,Москва,Наследники Левши,БВИ / 100 баллов,ЕГЭ от 75 баллов по профильному предмету.
МИРЭА,Москва,НТО,БВИ / 100 баллов,ЕГЭ от 75 баллов по профильному предмету.
МИРЭА,Москва,Оборонно-техническая олимпиада,БВИ / 100 баллов,ЕГЭ от 75 баллов по профильному предмету.
МИРЭА,Москва,Объединенная межвузовская олимпиада школьников,БВИ / 100 баллов,ЕГЭ от 75 баллов по профильному предмету.
МИРЭА,Москва,Океан знаний,БВИ / 100 баллов,ЕГЭ от 75 баллов по профильному предмету.
МИРЭА,Москва,Олимпиада Курчатов,БВИ / 100 баллов,ЕГЭ от 75 баллов по профильному предмету.
МИРЭА,Москва,Олимпиада МГИМО,БВИ / 100 баллов,ЕГЭ от 75 баллов по профильному предмету.
МИРЭА,Москва,Олимпиада РАНХиГС,БВИ / 100 баллов,ЕГЭ от 75 баллов по профильному предмету.
МИРЭА,Москва,Олимпиада РГГУ для школьников,БВИ / 100 баллов,ЕГЭ от 75 баллов по профильному предмету.
МИРЭА,Москва,Олимпиада СПбГУ,БВИ / 100 баллов,ЕГЭ от 75 баллов по профильному предмету.
МИРЭА,Москва,Олимпиада школьников по информатике и программированию,БВИ / 100 баллов,ЕГЭ от 75 баллов по профильному предмету.
МИРЭА,Москва,Олимпиада Юношеской математической школы,БВИ / 100 баллов,ЕГЭ от 75 баллов по профильному предмету.
МИРЭА,Москва,Олимпиады КФУ,БВИ / 100 баллов,ЕГЭ от 75 баллов по профильному предмету.
МИРЭА,Москва,ОРМО,БВИ / 100 баллов,ЕГЭ от 75 баллов по профильному предмету.
МИРЭА,Москва,Открытая олимпиада школьников,БВИ / 100 баллов,ЕГЭ от 75 баллов по профильному предмету.
МИРЭА,Москва,Открытая олимпиада школьников по программированию,БВИ / 100 баллов,ЕГЭ от 75 баллов по профильному предмету.
МИРЭА,Москва,Открытая химическая олимпиада,БВИ / 100 баллов,ЕГЭ от 75 баллов по профильному предмету.
МИРЭА,Москва,Плехановская олимпиада школьников,БВИ / 100 баллов,ЕГЭ от 75 баллов по профильному предмету.
МИРЭА,Москва,Покори Воробьевы горы!,БВИ / 100 баллов,ЕГЭ от 75 баллов по профильному предмету.
МИРЭА,Москва,Потомки Менделеева,БВИ / 100 баллов,ЕГЭ от 75 баллов по профильному предмету.
МИРЭА,Москва,Региональный конкурс школьников Челябинского университетского образовательного округа,БВИ / 100 баллов,ЕГЭ от 75 баллов по профильному предмету.
МИРЭА,Москва,Робофест,БВИ / 100 баллов,ЕГЭ от 75 баллов по профильному предмету.
МИРЭА,Москва,Росатом,БВИ / 100 баллов,ЕГЭ от 75 баллов по профильному предмету.
МИРЭА,Москва,Санкт-Петербургская астрономическая олимпиада,БВИ / 100 баллов,ЕГЭ от 75 баллов по профильному предмету.
МИРЭА,Москва,Санкт-Петербургская олимпиада школьников,БВИ / 100 баллов,ЕГЭ от 75 баллов по профильному предмету.
МИРЭА,Москва,Сибириада. Шаг в мечту,БВИ / 100 баллов,ЕГЭ от 75 баллов по профильному предмету.
МИРЭА,Москва,Твой путь в настоящую науку,БВИ / 100 баллов,ЕГЭ от 75 баллов по профильному предмету.
МИРЭА,Москва,Технокубок,БВИ / 100 баллов,ЕГЭ от 75 баллов по профильному предмету.
МИРЭА,Москва,Турнир городов,БВИ / 100 баллов,ЕГЭ от 75 баллов по профильному предмету.
МИРЭА,Москва,Турнир имени М.В. Ломоносова,БВИ / 100 баллов,ЕГЭ от 75 баллов по профильному предмету.
МИРЭА,Москва,Физтех,БВИ / 100 баллов,ЕГЭ от 75 баллов по профильному предмету.
МИРЭА,Москва,Финатлон для старшеклассников,БВИ / 100 баллов,ЕГЭ от 75 баллов по профильному предмету.
МИРЭА,Москва,Формула Единства,БВИ / 100 баллов,ЕГЭ от 75 баллов по профильному предмету.
МИРЭА,Москва,Шаг в будущее,БВИ / 100 баллов,ЕГЭ от 75 баллов по профильному предмету.
МИРЭА,Москва,Юниор,БВИ / 100 баллов,ЕГЭ от 75 баллов по профильному предмету.
МИРЭА,Москва,Юные таланты,БВИ / 100 баллов,ЕГЭ от 75 баллов по профильному предмету.
