university,city,olympiad,benefit,confirmation_requirement
ИТМО,Санкт-Петербург,Innopolis Open,БВИ,ЕГЭ от 75 баллов по профильному предмету.
ИТМО,Санкт-Петербург,Бельчонок,БВИ,ЕГЭ от 75 баллов по профильному предмету.
ИТМО,Санкт-Петербург,Будущее Сибири,БВИ,ЕГЭ от 75 баллов по профильному предмету.
ИТМО,Санкт-Петербург,Будущие исследователи - будущее науки,БВИ,ЕГЭ от 75 баллов по профильному предмету.
ИТМО,Санкт-Петербург,Всероссийская академическая олимпиада школьников имени В.И. Вернадского,БВИ,ЕГЭ от 75 баллов по профильному предмету.
ИТМО,Санкт-Петербург,Всероссийская олимпиада по искусственному интеллекту,БВИ,ЕГЭ от 75 баллов по профильному предмету.
ИТМО,Санкт-Петербург,Всероссийская Сеченовская олимпиада школьников,БВИ,ЕГЭ от 75 баллов по профильному предмету.
ИТМО,Санкт-Петербург,Всероссийская Толстовская олимпиада школьников,БВИ,ЕГЭ от 75 баллов по профильному предмету.
ИТМО,Санкт-Петербург,Всесибирская открытая олимпиада школьников,БВИ,ЕГЭ от 75 баллов по профильному предмету.
ИТМО,Санкт-Петербург,ВСОШ по астрономии,БВИ,ЕГЭ от 75 баллов по профильному предмету.
ИТМО,Санкт-Петербург,ВСОШ по биологии,БВИ,ЕГЭ от 75 баллов по профильному предмету.
ИТМО,Санкт-Петербург,ВСОШ по информатике,БВИ,ЕГЭ от 75 баллов по профильному предмету.
ИТМО,Санкт-Петербург,ВСОШ по математике,БВИ,ЕГЭ от 75 баллов по профильному предмету.
ИТМО,Санкт-Петербург,ВСОШ по обществознанию,БВИ,ЕГЭ от 75 баллов по профильному предмету.
ИТМО,Санкт-Петербург,ВСОШ по физике,БВИ,ЕГЭ от 75 баллов по профильному предмету.
ИТМО,Санкт-Петербург,ВСОШ по химии,БВИ,ЕГЭ от 75 баллов по профильному предмету.
ИТМО,Санкт-Петербург,ВСОШ по экологии,БВИ,ЕГЭ от 75 баллов по профильному предмету.
ИТМО,Санкт-Петербург,ВСОШ по экономике,БВИ,ЕГЭ от 75 баллов по профильному предмету.
ИТМО,Санкт-Петербург,Вузовско-академическая олимпиада по информатике,БВИ,ЕГЭ от 75 баллов по профильному предмету.
ИТМО,Санкт-Петербург,Высшая проба,БВИ,ЕГЭ от 75 баллов по профильному предмету.
ИТМО,Санкт-Петербург,Газпром,БВИ,ЕГЭ от 75 баллов по профильному предмету.
ИТМО,Санкт-Петербург,Городская открытая олимпиада школьников по физике,БВИ,ЕГЭ от 75 баллов по профильному предмету.
ИТМО,Санкт-Петербург,Гранит науки,БВИ,ЕГЭ от 75 баллов по профильному предмету.
ИТМО,Санкт-Петербург,Звезда,БВИ,ЕГЭ от 75 баллов по профильному предмету.
ИТМО,Санкт-Петербург,Изумруд,БВИ,ЕГЭ от 75 баллов по профильному предмету.
ИТМО,Санкт-Петербург,Инженерная олимпиада школьников,БВИ,ЕГЭ от 75 баллов по профильному предмету.
ИТМО,Санкт-Петербург,Иннагрика,БВИ,ЕГЭ от 75 баллов по профильному предмету.
ИТМО,Санкт-Петербург,Интернет-олимпиада школьников по физике,БВИ,ЕГЭ от 75 баллов по профильному предмету.
ИТМО,Санкт-Петербург,Когнитивные технологии,БВИ,ЕГЭ от 75 баллов по профильному предмету.
ИТМО,Санкт-Петербург,Ломоносов,БВИ,ЕГЭ от 75 баллов по профильному предмету.
ИТМО,Санкт-Петербург,Международная олимпиада по финансовой безопасности,БВИ,ЕГЭ от 75 баллов по профильному предмету.
ИТМО,Санкт-Петербург,Межрегиональная олимпиада школьников имени И.Я. Верченко,БВИ,ЕГЭ от 75 баллов по профильному предмету.
ИТМО,Санкт-Петербург,Межрегиональная олимпиада школьников на базе ведомственных образовательных организаций,БВИ,ЕГЭ от 75 баллов по профильному предмету.
ИТМО,Санкт-Петербург,Межрегиональная химическая олимпиада школьников имени академика П.Д. Саркисова,БВИ,ЕГЭ от 75 баллов по профильному предмету.
ИТМО,Санкт-Петербург,Миссия выполнима. Твое призвание - финансист!,БВИ,ЕГЭ от 75 баллов по профильному предмету.
ИТМО,Санкт-Петербург,Московская олимпиада школьников,БВИ,ЕГЭ от 75 баллов по профильному предмету.
ИТМО,Санкт-Петербург,Надежда энергетики,БВИ,ЕГЭ от 75 баллов по профильному предмету.
ИТМО,Санкт-Петербург,НТО,БВИ,ЕГЭ от 75 баллов по профильному предмету.
ИТМО,Санкт-Петербург,Оборонно-техническая олимпиада,БВИ,ЕГЭ от 75 баллов по профильному предмету.
ИТМО,Санкт-Петербург,Объединенная межвузовская олимпиада школьников,БВИ,ЕГЭ от 75 баллов по профильному предмету.
ИТМО,Санкт-Петербург,Океан знаний,БВИ,ЕГЭ от 75 баллов по профильному предмету.
ИТМО,Санкт-Петербург,Олимпиада Курчатов,БВИ,ЕГЭ от 75 баллов по профильному предмету.
ИТМО,Санкт-Петербург,Олимпиада РАНХИГС,БВИ,ЕГЭ от 75 баллов по профильному предмету.
ИТМО,Санкт-Петербург,Олимпиада РГГУ для школьников,БВИ,ЕГЭ от 75 баллов по профильному предмету.
ИТМО,Санкт-Петербург,Олимпиада СПбГУ,БВИ,ЕГЭ от 75 баллов по профильному предмету.
ИТМО,Санкт-Петербург,Олимпиада школьников по информатике и программированию,БВИ,ЕГЭ от 75 баллов по профильному предмету.
ИТМО,Санкт-Петербург,Олимпиада Юношеской математической школы,БВИ,ЕГЭ от 75 баллов по профильному предмету.
ИТМО,Санкт-Петербург,Олимпиады КФУ,БВИ,ЕГЭ от 75 баллов по профильному предмету.
ИТМО,Санкт-Петербург,ОРМО,БВИ,ЕГЭ от 75 баллов по профильному предмету.
ИТМО,Санкт-Петербург,Открытая олимпиада школьников,БВИ,ЕГЭ от 75 баллов по профильному предмету.
ИТМО,Санкт-Петербург,Открытая олимпиада школьников по программированию,БВИ,ЕГЭ от 75 баллов по профильному предмету.
ИТМО,Санкт-Петербург,Открытая химическая олимпиада,БВИ,ЕГЭ от 75 баллов по профильному предмету.
ИТМО,Санкт-Петербург,Пироговская олимпиада для школьников по химии и биологии,БВИ,ЕГЭ от 75 баллов по профильному предмету.
ИТМО,Санкт-Петербург,Плехановская олимпиада школьников,БВИ,ЕГЭ от 75 баллов по профильному предмету.
ИТМО,Санкт-Петербург,Покори Воробьевы гор!,БВИ,ЕГЭ от 75 баллов по профильному предмету.
ИТМО,Санкт-Петербург,Покори Воробьевы горы!,БВИ,ЕГЭ от 75 баллов по профильному предмету.
ИТМО,Санкт-Петербург,Потомки Менделеева,БВИ,ЕГЭ от 75 баллов по профильному предмету.
ИТМО,Санкт-Петербург,Региональный конкурс школьников Челябинского университетского образовательного округа,БВИ,ЕГЭ от 75 баллов по профильному предмету.
ИТМО,Санкт-Петербург,Робофест,БВИ,ЕГЭ от 75 баллов по профильному предмету.
ИТМО,Санкт-Петербург,Росатом,БВИ,ЕГЭ от 75 баллов по профильному предмету.
ИТМО,Санкт-Петербург,Санкт-Петербургская астрономическая олимпиада,БВИ,ЕГЭ от 75 баллов по профильному предмету.
ИТМО,Санкт-Петербург,Санкт-Петербургская олимпиада школьников,БВИ,ЕГЭ от 75 баллов по профильному предмету.
ИТМО,Санкт-Петербург,Сибириада. Шаг в мечту,БВИ,ЕГЭ от 75 баллов по профильному предмету.
ИТМО,Санкт-Петербург,Твой путь в настоящую науку,БВИ,ЕГЭ от 75 баллов по профильному предмету.
ИТМО,Санкт-Петербург,Технокубок,БВИ,ЕГЭ от 75 баллов по профильному предмету.
ИТМО,Санкт-Петербург,Турнир городов,БВИ,ЕГЭ от 75 баллов по профильному предмету.
ИТМО,Санкт-Петербург,Турнир имени М.В. Ломоносог,БВИ,ЕГЭ от 75 баллов по профильному предмету.
ИТМО,Санкт-Петербург,Физтех,БВИ,ЕГЭ от 75 баллов по профильному предмету.
ИТМО,Санкт-Петербург,Финатлон для старшеклассников,БВИ,ЕГЭ от 75 баллов по профильному предмету.
ИТМО,Санкт-Петербург,Формула Единства,БВИ,ЕГЭ от 75 баллов по профильному предмету.
ИТМО,Санкт-Петербург,Шаг в будущее,БВИ,ЕГЭ от 75 баллов по профильному предмету.
ИТМО,Санкт-Петербург,Юниор,БВИ,ЕГЭ от 75 баллов по профильному предмету.
ИТМО,Санкт-Петербург,Юные таланты,БВИ,ЕГЭ от 75 баллов по профильному предмету.
КФУ,Казань,Innopolis Open,БВИ,ЕГЭ от75 баллов по профильному предмету.
КФУ,Казань,Бельчонок,БВИ,ЕГЭ от75 баллов по профильному предмету.
КФУ,Казань,Будущее Сибири,БВИ,ЕГЭ от75 баллов по профильному предмету.
КФУ,Казань,Будущие исследователи - будущее науки,БВИ,ЕГЭ от75 баллов по профильному предмету.
КФУ,Казань,Всероссийская академическая олимпиада школьников имени В.И. Вернадского,БВИ,ЕГЭ от75 баллов по профильному предмету.
КФУ,Казань,Всероссийская олимпиада по искусственному интеллекту,БВИ,ЕГЭ от75 баллов по профильному предмету.
КФУ,Казань,Всероссийская Сеченовская олимпиада школьников,БВИ,ЕГЭ от75 баллов по профильному предмету.
КФУ,Казань,Всероссийская Толстовская олимпиада школьников,БВИ,ЕГЭ от75 баллов по профильному предмету.
КФУ,Казань,Всесибирская открытая олимпиада школьников,БВИ,ЕГЭ от75 баллов по профильному предмету.
КФУ,Казань,ВСОШ по астрономии,БВИ,ЕГЭ от75 баллов по профильному предмету.
КФУ,Казань,ВСОШ по биологии,БВИ,ЕГЭ от75 баллов по профильному предмету.
КФУ,Казань,ВСОШ по информатике,100 баллов,ЕГЭ от75 баллов по профильному предмету.
КФУ,Казань,ВСОШ по математике,БВИ,ЕГЭ от75 баллов по профильному предмету.
КФУ,Казань,ВСОШ по обществознанию,БВИ,ЕГЭ от75 баллов по профильному предмету.
КФУ,Казань,ВСОШ по физике,БВИ,ЕГЭ от75 баллов по профильному предмету.
КФУ,Казань,ВСОШ по химии,БВИ,ЕГЭ от75 баллов по профильному предмету.
КФУ,Казань,ВСОШ по экологии,БВИ,ЕГЭ от75 баллов по профильному предмету.
КФУ,Казань,ВСОШ по экономике,БВИ,ЕГЭ от75 баллов по профильному предмету.
КФУ,Казань,Вузовско-академическая олимпиада по информатике,БВИ,ЕГЭ от75 баллов по профильному предмету.
КФУ,Казань,Высшая проба,БВИ,ЕГЭ от75 баллов по профильному предмету.
КФУ,Казань,Газпром,БВИ,ЕГЭ от75 баллов по профильному предмету.
КФУ,Казань,Городская открытая олимпиада школьников по физике,БВИ,ЕГЭ от75 баллов по профильному предмету.
КФУ,Казань,Гранит науки,БВИ,ЕГЭ от75 баллов по профильному предмету.
КФУ,Казань,Звезда,БВИ,ЕГЭ от75 баллов по профильному предмету.
КФУ,Казань,Изумруд,БВИ,ЕГЭ от75 баллов по профильному предмету.
КФУ,Казань,Инженерная олимпиада школьников,БВИ,ЕГЭ от75 баллов по профильному предмету.
КФУ,Казань,Иннагрика,БВИ,ЕГЭ от75 баллов по профильному предмету.
КФУ,Казань,Интернет-олимпиада школьников по физике,БВИ,ЕГЭ от75 баллов по профильному предмету.
КФУ,Казань,Когнитивные технологии,100 баллов,ЕГЭ от75 баллов по профильному предмету.
КФУ,Казань,Ломоносов,БВИ,ЕГЭ от75 баллов по профильному предмету.
КФУ,Казань,Международная олимпиада по финансовой безопасности,БВИ,ЕГЭ от75 баллов по профильному предмету.
КФУ,Казань,Межрегиональная олимпиада школьников имени И.Я. Верченко,БВИ,ЕГЭ от75 баллов по профильному предмету.
КФУ,Казань,Межрегиональная олимпиада школьников на базе ведомственных образовательных организаций,БВИ,ЕГЭ от75 баллов по профильному предмету.
КФУ,Казань,Межрегиональная химическая олимпиада школьников имени академика П.Д. Саркисова,БВИ,ЕГЭ от75 баллов по профильному предмету.
КФУ,Казань,Миссия выполнима. Твое призвание - финансист!,БВИ,ЕГЭ от75 баллов по профильному предмету.
КФУ,Казань,Московская олимпиада школьников,БВИ,ЕГЭ от75 баллов по профильному предмету.
КФУ,Казань,Надежда энергетики,БВИ,ЕГЭ от75 баллов по профильному предмету.
КФУ,Казань,НТО,БВИ,ЕГЭ от75 баллов по профильному предмету.
КФУ,Казань,Оборонно-техническая олимпиада,БВИ,ЕГЭ от75 баллов по профильному предмету.
КФУ,Казань,Объединенная межвузовская олимпиада школьников,БВИ,ЕГЭ от75 баллов по профильному предмету.
КФУ,Казань,Океан знаний,БВИ,ЕГЭ от75 баллов по профильному предмету.
КФУ,Казань,Олимпиада Курчатов,БВИ,ЕГЭ от75 баллов по профильному предмету.
КФУ,Казань,Олимпиада РАНХИГС,БВИ,ЕГЭ от75 баллов по профильному предмету.
КФУ,Казань,Олимпиада РГГУ для школьников,БВИ,ЕГЭ от75 баллов по профильному предмету.
КФУ,Казань,Олимпиада СПбГУ,БВИ,ЕГЭ от75 баллов по профильному предмету.
КФУ,Казань,Олимпиада школьников по информатике и программированию,100 баллов,ЕГЭ от75 баллов по профильному предмету.
КФУ,Казань,Олимпиада Юношеской математической школы,БВИ,ЕГЭ от75 баллов по профильному предмету.
КФУ,Казань,Олимпиады КФУ,БВИ,ЕГЭ от75 баллов по профильному предмету.
КФУ,Казань,ОРМО,БВИ,ЕГЭ от75 баллов по профильному предмету.
КФУ,Казань,Открытая олимпиада школьников,БВИ,ЕГЭ от75 баллов по профильному предмету.
КФУ,Казань,Открытая олимпиада школьников по программированию,100 баллов,ЕГЭ от75 баллов по профильному предмету.
КФУ,Казань,Открытая химическая олимпиада,БВИ,ЕГЭ от75 баллов по профильному предмету.
КФУ,Казань,Пироговская олимпиада для школьников по химии и биологии,БВИ,ЕГЭ от75 баллов по профильному предмету.
КФУ,Казань,Плехановская олимпиада школьников,БВИ,ЕГЭ от75 баллов по профильному предмету.
КФУ,Казань,Покори Воробьевы горы!,БВИ,ЕГЭ от75 баллов по профильному предмету.
КФУ,Казань,Потомки Менделеева,БВИ,ЕГЭ от75 баллов по профильному предмету.
КФУ,Казань,Региональный конкурс школьников Челябинского университетского образовательного округа,БВИ,ЕГЭ от75 баллов по профильному предмету.
КФУ,Казань,Робофест,БВИ,ЕГЭ от75 баллов по профильному предмету.
КФУ,Казань,Росатом,БВИ,ЕГЭ от75 баллов по профильному предмету.
КФУ,Казань,Санкт-Петербургская астрономическая олимпиада,БВИ,ЕГЭ от75 баллов по профильному предмету.
КФУ,Казань,Санкт-Петербургская олимпиада школьников,БВИ,ЕГЭ от75 баллов по профильному предмету.
КФУ,Казань,Сибириада. Шаг в мечту,БВИ,ЕГЭ от75 баллов по профильному предмету.
КФУ,Казань,Твой путь в настоящую науку,БВИ,ЕГЭ от75 баллов по профильному предмету.
КФУ,Казань,Технокубок,100 баллов,ЕГЭ от75 баллов по профильному предмету.
КФУ,Казань,Турнир городов,БВИ,ЕГЭ от75 баллов по профильному предмету.
КФУ,Казань,Турнир имени М.В. Ломоносова,БВИ,ЕГЭ от75 баллов по профильному предмету.
КФУ,Казань,Физтех,БВИ,ЕГЭ от75 баллов по профильному предмету.
КФУ,Казань,Финатлон для старшеклассников,БВИ,ЕГЭ от75 баллов по профильному предмету.
КФУ,Казань,Формула Единства,БВИ,ЕГЭ от75 баллов по профильному предмету.
КФУ,Казань,Шаг в будущее,БВИ,ЕГЭ от75 баллов по профильному предмету.
КФУ,Казань,Юниор,БВИ,ЕГЭ от75 баллов по профильному предмету.
КФУ,Казань,Юные таланты,БВИ,ЕГЭ от75 баллов по профильному предмету.
Казанский ГМУ,Казань,Innopolis Open,100 баллов,ЕГЭ от75 баллов по профильному предмету.
Казанский ГМУ,Казань,Бельчонок,100 баллов,ЕГЭ от75 баллов по профильному предмету.
Казанский ГМУ,Казань,Будущее Сибири,100 баллов,ЕГЭ от75 баллов по профильному предмету.
Казанский ГМУ,Казань,Будущие исследователи - будущее науки,100 баллов,ЕГЭ от75 баллов по профильному предмету.
Казанский ГМУ,Казань,Всероссийская Сеченовская олимпиада школьников,100 баллов,ЕГЭ от75 баллов по профильному предмету.
Казанский ГМУ,Казань,Всесибирская открытая олимпиада школьников,100 баллов,ЕГЭ от75 баллов по профильному предмету.
Казанский ГМУ,Казань,ВСОШ по биологии,БВИ,ЕГЭ от75 баллов по профильному предмету.
Казанский ГМУ,Казань,ВСОШ по математике,БВИ,ЕГЭ от75 баллов по профильному предмету.
Казанский ГМУ,Казань,ВСОШ по физике,БВИ,ЕГЭ от75 баллов по профильному предмету.
Казанский ГМУ,Казань,ВСОШ по химии,БВИ,ЕГЭ от75 баллов по профильному предмету.
Казанский ГМУ,Казань,Высшая проба,100 баллов,ЕГЭ от75 баллов по профильному предмету.
Казанский ГМУ,Казань,Городская открытая олимпиада школьников по физике,100 баллов,ЕГЭ от75 баллов по профильному предмету.
Казанский ГМУ,Казань,Гранит науки,100 баллов,ЕГЭ от75 баллов по профильному предмету.
Казанский ГМУ,Казань,Изумруд,100 баллов,ЕГЭ от75 баллов по профильному предмету.
Казанский ГМУ,Казань,Инженерная олимпиада школьников,100 баллов,ЕГЭ от75 баллов по профильному предмету.
Казанский ГМУ,Казань,Интернет-олимпиада школьников по физике,100 баллов,ЕГЭ от75 баллов по профильному предмету.
Казанский ГМУ,Казань,Ломоносов,100 баллов,ЕГЭ от75 баллов по профильному предмету.
Казанский ГМУ,Казань,Межрегиональная олимпиада школьников имени И.Я. Верченко,100 баллов,ЕГЭ от75 баллов по профильному предмету.
Казанский ГМУ,Казань,Межрегиональная олимпиада школьников на базе ведомственных образовательных организаций,100 баллов,ЕГЭ от75 баллов по профильному предмету.
Казанский ГМУ,Казань,Межрегиональная химическая олимпиада школьников имени академика П.Д. Саркисова,100 баллов,ЕГЭ от75 баллов по профильному предмету.
Казанский ГМУ,Казань,Московская олимпиада школьников,100 баллов,ЕГЭ от75 баллов по профильному предмету.
Казанский ГМУ,Казань,Надежда энергетики,100 баллов,ЕГЭ от75 баллов по профильному предмету.
Казанский ГМУ,Казань,Объединенная межвузовская олимпиада школьников,100 баллов,ЕГЭ от75 баллов по профильному предмету.
Казанский ГМУ,Казань,Олимпиада Курчатов,100 баллов,ЕГЭ от75 баллов по профильному предмету.
Казанский ГМУ,Казань,Олимпиада СПбГУ,100 баллов,ЕГЭ от75 баллов по профильному предмету.
Казанский ГМУ,Казань,Олимпиада Юношеской математической школы,100 баллов,ЕГЭ от75 баллов по профильному предмету.
Казанский ГМУ,Казань,Олимпиады КФУ,100 баллов,ЕГЭ от75 баллов по профильному предмету.
Казанский ГМУ,Казань,ОРМО,100 баллов,ЕГЭ от75 баллов по профильному предмету.
Казанский ГМУ,Казань,Открытая олимпиада школьников,100 баллов,ЕГЭ от75 баллов по профильному предмету.
Казанский ГМУ,Казань,Открытая химическая олимпиада,100 баллов,ЕГЭ от75 баллов по профильному предмету.
Казанский ГМУ,Казань,Пироговская олимпиада для школьников по химии и биологии,100 баллов,ЕГЭ от75 баллов по профильному предмету.
Казанский ГМУ,Казань,Покори Воробьевы горы!,100 баллов,ЕГЭ от75 баллов по профильному предмету.
Казанский ГМУ,Казань,Потомки Менделеева,100 баллов,ЕГЭ от75 баллов по профильному предмету.
Казанский ГМУ,Казань,Робофест,100 баллов,ЕГЭ от75 баллов по профильному предмету.
Казанский ГМУ,Казань,Росатом,100 баллов,ЕГЭ от75 баллов по профильному предмету.
Казанский ГМУ,Казань,Санкт-Петербургская олимпиада школьников,100 баллов,ЕГЭ от75 баллов по профильному предмету.
Казанский ГМУ,Казань,Твой путь в настоящую науку,100 баллов,ЕГЭ от75 баллов по профильному предмету.
Казанский ГМУ,Казань,Турнир городов,100 баллов,ЕГЭ от75 баллов по профильному предмету.
Казанский ГМУ,Казань,Турнир имени М.В. Ломоносова,100 баллов,ЕГЭ от75 баллов по профильному предмету.
Казанский ГМУ,Казань,Физтех,100 баллов,ЕГЭ от75 баллов по профильному предмету.
Казанский ГМУ,Казань,Формула Единства,100 баллов,ЕГЭ от75 баллов по профильному предмету.
Казанский ГМУ,Казань,Шаг в будущее,100 баллов,ЕГЭ от75 баллов по профильному предмету.
Казанский ГМУ,Казань,Юные таланты,100 баллов,ЕГЭ от75 баллов по профильному предмету.
МГУ им. М.В. Ломоносова,Москва,Innopolis Open,100 баллов,не видно на предоставленных скриншотах
МГУ им. М.В. Ломоносова,Москва,Бельчонок,100 баллов,не видно на предоставленных скриншотах
МГУ им. М.В. Ломоносова,Москва,Будущее Сибири,БВИ победителям,не видно на предоставленных скриншотах
МГУ им. М.В. Ломоносова,Москва,Будущие исследователи - будущее науки,100 баллов,не видно на предоставленных скриншотах
МГУ им. М.В. Ломоносова,Москва,Всероссийская академическая олимпиада школьников имени В.И. Вернадского,БВИ,не видно на предоставленных скриншотах
МГУ им. М.В. Ломоносова,Москва,Всероссийская олимпиада по искусственному интеллекту,100 баллов,не видно на предоставленных скриншотах
МГУ им. М.В. Ломоносова,Москва,Всероссийская Сеченовская олимпиада школьников,100 баллов,не видно на предоставленных скриншотах
МГУ им. М.В. Ломоносова,Москва,Всероссийская Толстовская олимпиада школьников,100 баллов,не видно на предоставленных скриншотах
МГУ им. М.В. Ломоносова,Москва,Всесибирская открытая олимпиада школьников,БВИ победителям,не видно на предоставленных скриншотах
МГУ им. М.В. Ломоносова,Москва,ВСОШ по астрономии,БВИ,не видно на предоставленных скриншотах
МГУ им. М.В. Ломоносова,Москва,ВСОШ по биологии,БВИ,не видно на предоставленных скриншотах
МГУ им. М.В. Ломоносова,Москва,ВСОШ по информатике,БВИ,не видно на предоставленных скриншотах
МГУ им. М.В. Ломоносова,Москва,ВСОШ по математике,БВИ,не видно на предоставленных скриншотах
МГУ им. М.В. Ломоносова,Москва,ВСОШ по обществознанию,БВИ,не видно на предоставленных скриншотах
МГУ им. М.В. Ломоносова,Москва,ВСОШ по физике,БВИ,не видно на предоставленных скриншотах
МГУ им. М.В. Ломоносова,Москва,ВСОШ по химии,БВИ,не видно на предоставленных скриншотах
МГУ им. М.В. Ломоносова,Москва,ВСОШ по экономике,БВИ,не видно на предоставленных скриншотах
МГУ им. М.В. Ломоносова,Москва,Вузовско-академическая олимпиада по информатике,БВИ победителям,не видно на предоставленных скриншотах
МГУ им. М.В. Ломоносова,Москва,Высшая проба,БВИ,не видно на предоставленных скриншотах
МГУ им. М.В. Ломоносова,Москва,Газпром,100 баллов,не видно на предоставленных скриншотах
МГУ им. М.В. Ломоносова,Москва,Городская открытая олимпиада школьников по физике,БВИ победителям,не видно на предоставленных скриншотах
МГУ им. М.В. Ломоносова,Москва,Гранит науки,100 баллов,не видно на предоставленных скриншотах
МГУ им. М.В. Ломоносова,Москва,Звезда,100 баллов,не видно на предоставленных скриншотах
МГУ им. М.В. Ломоносова,Москва,Изумруд,100 баллов,не видно на предоставленных скриншотах
МГУ им. М.В. Ломоносова,Москва,Инженерная олимпиада школьников,БВИ,не видно на предоставленных скриншотах
МГУ им. М.В. Ломоносова,Москва,Иннагрика,100 баллов,не видно на предоставленных скриншотах
МГУ им. М.В. Ломоносова,Москва,Интернет-олимпиада школьников по физике,БВИ победителям,не видно на предоставленных скриншотах
МГУ им. М.В. Ломоносова,Москва,Когнитивные технологии,100 баллов,не видно на предоставленных скриншотах
МГУ им. М.В. Ломоносова,Москва,Ломоносов,БВИ,не видно на предоставленных скриншотах
МГУ им. М.В. Ломоносова,Москва,Международная олимпиада по финансовой безопасности,БВИ победителям,не видно на предоставленных скриншотах
МГУ им. М.В. Ломоносова,Москва,Межрегиональная олимпиада школьников имени И.Я. Верченко,100 баллов,не видно на предоставленных скриншотах
МГУ им. М.В. Ломоносова,Москва,Межрегиональная олимпиада школьников на базе ведомственных образовательных организаций,100 баллов,не видно на предоставленных скриншотах
МГУ им. М.В. Ломоносова,Москва,Миссия выполнима. Твое призвание - финансист!,100 баллов,не видно на предоставленных скриншотах
МГУ им. М.В. Ломоносова,Москва,Московская олимпиада школьников,БВИ,не видно на предоставленных скриншотах
МГУ им. М.В. Ломоносова,Москва,Надежда энергетики,100 баллов,не видно на предоставленных скриншотах
МГУ им. М.В. Ломоносова,Москва,НТО,100 баллов,не видно на предоставленных скриншотах
МГУ им. М.В. Ломоносова,Москва,Объединенная межвузовская олимпиада школьников,100 баллов,не видно на предоставленных скриншотах
МГУ им. М.В. Ломоносова,Москва,Океан знаний,100 баллов,не видно на предоставленных скриншотах
МГУ им. М.В. Ломоносова,Москва,Олимпиада Курчатов,БВИ победителям,не видно на предоставленных скриншотах
МГУ им. М.В. Ломоносова,Москва,Олимпиада РАНХИГС,100 баллов,не видно на предоставленных скриншотах
МГУ им. М.В. Ломоносова,Москва,Олимпиада РГГУ для школьников,100 баллов,не видно на предоставленных скриншотах
МГУ им. М.В. Ломоносова,Москва,Олимпиада СПбГУ,БВИ,не видно на предоставленных скриншотах
МГУ им. М.В. Ломоносова,Москва,Олимпиада школьников по информатике и программированию,БВИ победителям,не видно на предоставленных скриншотах
МГУ им. М.В. Ломоносова,Москва,Олимпиада Юношеской математической школы,100 баллов,не видно на предоставленных скриншотах
МГУ им. М.В. Ломоносова,Москва,Олимпиады КФУ,100 баллов,не видно на предоставленных скриншотах
МГУ им. М.В. Ломоносова,Москва,ОРМО,100 баллов,не видно на предоставленных скриншотах
МГУ им. М.В. Ломоносова,Москва,Открытая олимпиада школьников,БВИ победителям,не видно на предоставленных скриншотах
МГУ им. М.В. Ломоносова,Москва,Открытая олимпиада школьников по программированию,БВИ победителям,не видно на предоставленных скриншотах
МГУ им. М.В. Ломоносова,Москва,Плехановская олимпиада школьников,100 баллов,не видно на предоставленных скриншотах
МГУ им. М.В. Ломоносова,Москва,Покори Воробьевы горы!,БВИ,не видно на предоставленных скриншотах
МГУ им. М.В. Ломоносова,Москва,Потомки Менделеева,100 баллов,не видно на предоставленных скриншотах
МГУ им. М.В. Ломоносова,Москва,Региональный конкурс школьников Челябинского университетского образовательного округа,100 баллов,не видно на предоставленных скриншотах
МГУ им. М.В. Ломоносова,Москва,Робофест,БВИ победителям,не видно на предоставленных скриншотах
МГУ им. М.В. Ломоносова,Москва,Росатом,БВИ,не видно на предоставленных скриншотах
МГУ им. М.В. Ломоносова,Москва,Санкт-Петербургская астрономическая олимпиада,100 баллов,не видно на предоставленных скриншотах
МГУ им. М.В. Ломоносова,Москва,Санкт-Петербургская олимпиада школьников,БВИ,не видно на предоставленных скриншотах
МГУ им. М.В. Ломоносова,Москва,Сибириада. Шаг в мечту,100 баллов,не видно на предоставленных скриншотах
МГУ им. М.В. Ломоносова,Москва,Твой путь в настоящую науку,БВИ победителям,не видно на предоставленных скриншотах
МГУ им. М.В. Ломоносова,Москва,ТехноКубок,100 баллов,не видно на предоставленных скриншотах
МГУ им. М.В. Ломоносова,Москва,Турнир городов,БВИ,не видно на предоставленных скриншотах
МГУ им. М.В. Ломоносова,Москва,Турнир имени М.В. Ломоносова,БВИ победителям,не видно на предоставленных скриншотах
МГУ им. М.В. Ломоносова,Москва,Физтех,БВИ,не видно на предоставленных скриншотах
МГУ им. М.В. Ломоносова,Москва,Финатлон для старшеклассников,100 баллов,не видно на предоставленных скриншотах
МГУ им. М.В. Ломоносова,Москва,Формула Единства,100 баллов,не видно на предоставленных скриншотах
МГУ им. М.В. Ломоносова,Москва,Шаг в будущее,БВИ победителям,не видно на предоставленных скриншотах
МГУ им. М.В. Ломоносова,Москва,Юниор,100 баллов,не видно на предоставленных скриншотах
МГУ им. М.В. Ломоносова,Москва,Юные таланты,100 баллов,не видно на предоставленных скриншотах
МФТИ,Долгопрудный,Innopolis Open,БВИ победителям,ЕГЭ от75 до 85 баллов по профильному предмету.
МФТИ,Долгопрудный,Будущее Сибири,БВИ победителям,ЕГЭ от75 до 85 баллов по профильному предмету.
МФТИ,Долгопрудный,Будущие исследователи - будущее науки,БВИ победителям,ЕГЭ от75 до 85 баллов по профильному предмету.
МФТИ,Долгопрудный,Всероссийская олимпиада по искусственному интеллекту,БВИ,ЕГЭ от75 до 85 баллов по профильному предмету.
МФТИ,Долгопрудный,Всероссийская Сеченовская олимпиада школьников,БВИ победителям,ЕГЭ от75 до 85 баллов по профильному предмету.
МФТИ,Долгопрудный,Всесибирская открытая олимпиада школьников,БВИ победителям,ЕГЭ от75 до 85 баллов по профильному предмету.
МФТИ,Долгопрудный,ВСОШ по астрономии,БВИ,ЕГЭ от75 до 85 баллов по профильному предмету.
МФТИ,Долгопрудный,ВСОШ по биологии,БВИ,ЕГЭ от75 до 85 баллов по профильному предмету.
МФТИ,Долгопрудный,ВСОШ по информатике,БВИ,ЕГЭ от75 до 85 баллов по профильному предмету.
МФТИ,Долгопрудный,ВСОШ по математике,БВИ,ЕГЭ от75 до 85 баллов по профильному предмету.
МФТИ,Долгопрудный,ВСОШ по физике,БВИ,ЕГЭ от75 до 85 баллов по профильному предмету.
МФТИ,Долгопрудный,ВСОШ по химии,БВИ,ЕГЭ от75 до 85 баллов по профильному предмету.
МФТИ,Долгопрудный,ВСОШ по экономике,БВИ,ЕГЭ от75 до 85 баллов по профильному предмету.
МФТИ,Долгопрудный,Вузовско-академическая олимпиада по информатике,БВИ победителям,ЕГЭ от75 до 85 баллов по профильному предмету.
МФТИ,Долгопрудный,Высшая проба,БВИ победителям,ЕГЭ от75 до 85 баллов по профильному предмету.
МФТИ,Долгопрудный,Городская открытая олимпиада школьников по физике,БВИ победителям,ЕГЭ от75 до 85 баллов по профильному предмету.
МФТИ,Долгопрудный,Звезда,БВИ победителям,ЕГЭ от75 до 85 баллов по профильному предмету.
МФТИ,Долгопрудный,Изумруд,100 баллов,ЕГЭ от75 до 85 баллов по профильному предмету.
МФТИ,Долгопрудный,Инженерная олимпиада школьников,БВИ победителям,ЕГЭ от75 до 85 баллов по профильному предмету.
МФТИ,Долгопрудный,Интернет-олимпиада школьников по физике,100 баллов,ЕГЭ от75 до 85 баллов по профильному предмету.
МФТИ,Долгопрудный,Когнитивные технологии,БВИ победителям,ЕГЭ от75 до 85 баллов по профильному предмету.
МФТИ,Долгопрудный,Ломоносов,БВИ победителям,ЕГЭ от75 до 85 баллов по профильному предмету.
МФТИ,Долгопрудный,Межрегиональная олимпиада школьников имени И.Я. Верченко,100 баллов,ЕГЭ от75 до 85 баллов по профильному предмету.
МФТИ,Долгопрудный,Межрегиональная олимпиада школьников на базе ведомственных образовательных организаций,100 баллов,ЕГЭ от75 до 85 баллов по профильному предмету.
МФТИ,Долгопрудный,Московская олимпиада школьников,БВИ победителям,ЕГЭ от75 до 85 баллов по профильному предмету.
МФТИ,Долгопрудный,НТО,100 баллов,ЕГЭ от75 до 85 баллов по профильному предмету.
МФТИ,Долгопрудный,Объединенная межвузовская олимпиада школьников,БВИ победителям,ЕГЭ от75 до 85 баллов по профильному предмету.
МФТИ,Долгопрудный,Олимпиада Курчатов,БВИ победителям,ЕГЭ от75 до 85 баллов по профильному предмету.
МФТИ,Долгопрудный,Олимпиада РАНХИГС,БВИ победителям,ЕГЭ от75 до 85 баллов по профильному предмету.
МФТИ,Долгопрудный,Олимпиада СПбГУ,БВИ победителям,ЕГЭ от75 до 85 баллов по профильному предмету.
МФТИ,Долгопрудный,Олимпиада школьников по информатике и программированию,БВИ победителям,ЕГЭ от75 до 85 баллов по профильному предмету.
МФТИ,Долгопрудный,Олимпиада Юношеской математической школы,БВИ победителям,ЕГЭ от75 до 85 баллов по профильному предмету.
МФТИ,Долгопрудный,Олимпиады КФУ,БВИ победителям,ЕГЭ от75 до 85 баллов по профильному предмету.
МФТИ,Долгопрудный,ОРМО,100 баллов,ЕГЭ от75 до 85 баллов по профильному предмету.
МФТИ,Долгопрудный,Открытая олимпиада школьников,БВИ победителям,ЕГЭ от75 до 85 баллов по профильному предмету.
МФТИ,Долгопрудный,Открытая олимпиада школьников по программированию,БВИ победителям,ЕГЭ от75 до 85 баллов по профильному предмету.
МФТИ,Долгопрудный,Открытая химическая олимпиада,БВИ победителям,ЕГЭ от75 до 85 баллов по профильному предмету.
МФТИ,Долгопрудный,Пироговская олимпиада для школьников по химии и биологии,100 баллов,ЕГЭ от75 до 85 баллов по профильному предмету.
МФТИ,Долгопрудный,Покори Воробьевы горы!,БВИ победителям,ЕГЭ от75 до 85 баллов по профильному предмету.
МФТИ,Долгопрудный,Робофест,100 баллов,ЕГЭ от75 до 85 баллов по профильному предмету.
МФТИ,Долгопрудный,Росатом,БВИ победителям,ЕГЭ от75 до 85 баллов по профильному предмету.
МФТИ,Долгопрудный,Санкт-Петербургская астрономическая олимпиада,БВИ победителям,ЕГЭ от75 до 85 баллов по профильному предмету.
МФТИ,Долгопрудный,Санкт-Петербургская олимпиада школьников,БВИ победителям,ЕГЭ от75 до 85 баллов по профильному предмету.
МФТИ,Долгопрудный,ТехноКубок,БВИ победителям,ЕГЭ от75 до 85 баллов по профильному предмету.
МФТИ,Долгопрудный,Турнир городов,БВИ,ЕГЭ от75 до 85 баллов по профильному предмету.
МФТИ,Долгопрудный,Турнир имени М.В. Ломоносова,БВИ победителям,ЕГЭ от75 до 85 баллов по профильному предмету.
МФТИ,Долгопрудный,Физтех,БВИ,ЕГЭ от75 до 85 баллов по профильному предмету.
МФТИ,Долгопрудный,Шаг в будущее,БВИ победителям,ЕГЭ от75 до 85 баллов по профильному предмету.
МФТИ,Долгопрудный,Юниор,БВИ победителям,ЕГЭ от75 до 85 баллов по профильному предмету.
МФТИ,Долгопрудный,Юные таланты,БВИ победителям,ЕГЭ от75 до 85 баллов по профильному предмету.
НГУ,Новосибирск,Innopolis Open,БВИ,ЕГЭ от75 баллов по профильному предмету.
НГУ,Новосибирск,Бельчонок,БВИ,ЕГЭ от75 баллов по профильному предмету.
НГУ,Новосибирск,Будущее Сибири,БВИ,ЕГЭ от75 баллов по профильному предмету.
НГУ,Новосибирск,Будущие исследователи - будущее науки,БВИ,ЕГЭ от75 баллов по профильному предмету.
НГУ,Новосибирск,Всероссийская академическая олимпиада школьников имени В.И. Вернадского,БВИ,ЕГЭ от75 баллов по профильному предмету.
НГУ,Новосибирск,Всероссийская олимпиада по искусственному интеллекту,БВИ,ЕГЭ от75 баллов по профильному предмету.
НГУ,Новосибирск,Всероссийская Сеченовская олимпиада школьников,БВИ,ЕГЭ от75 баллов по профильному предмету.
НГУ,Новосибирск,Всероссийская Толстовская олимпиада школьников,БВИ,ЕГЭ от75 баллов по профильному предмету.
НГУ,Новосибирск,Всесибирская открытая олимпиада школьников,БВИ,ЕГЭ от75 баллов по профильному предмету.
НГУ,Новосибирск,ВСОШ по астрономии,БВИ,ЕГЭ от75 баллов по профильному предмету.
НГУ,Новосибирск,ВСОШ по биологии,БВИ,ЕГЭ от75 баллов по профильному предмету.
НГУ,Новосибирск,ВСОШ по информатике,БВИ,ЕГЭ от75 баллов по профильному предмету.
НГУ,Новосибирск,ВСОШ по математике,БВИ,ЕГЭ от75 баллов по профильному предмету.
НГУ,Новосибирск,ВСОШ по обществознанию,БВИ,ЕГЭ от75 баллов по профильному предмету.
НГУ,Новосибирск,ВСОШ по физике,БВИ,ЕГЭ от75 баллов по профильному предмету.
НГУ,Новосибирск,ВСОШ по химии,БВИ,ЕГЭ от75 баллов по профильному предмету.
НГУ,Новосибирск,ВСОШ по экологии,БВИ,ЕГЭ от75 баллов по профильному предмету.
НГУ,Новосибирск,ВСОШ по экономике,БВИ,ЕГЭ от75 баллов по профильному предмету.
НГУ,Новосибирск,Вузовско-академическая олимпиада по информатике,БВИ,ЕГЭ от75 баллов по профильному предмету.
НГУ,Новосибирск,Высшая проба,БВИ,ЕГЭ от75 баллов по профильному предмету.
НГУ,Новосибирск,Городская открытая олимпиада школьников по физике,БВИ,ЕГЭ от75 баллов по профильному предмету.
НГУ,Новосибирск,Гранит науки,БВИ,ЕГЭ от75 баллов по профильному предмету.
НГУ,Новосибирск,Звезда,БВИ,ЕГЭ от75 баллов по профильному предмету.
НГУ,Новосибирск,Изумруд,БВИ,ЕГЭ от75 баллов по профильному предмету.
НГУ,Новосибирск,Инженерная олимпиада школьников,БВИ,ЕГЭ от75 баллов по профильному предмету.
НГУ,Новосибирск,Интернет-олимпиада школьников по физике,БВИ,ЕГЭ от75 баллов по профильному предмету.
НГУ,Новосибирск,Когнитивные технологии,БВИ,ЕГЭ от75 баллов по профильному предмету.
НГУ,Новосибирск,Ломоносов,БВИ,ЕГЭ от75 баллов по профильному предмету.
НГУ,Новосибирск,Межрегиональная олимпиада школьников имени И.Я. Верченко,БВИ,ЕГЭ от75 баллов по профильному предмету.
НГУ,Новосибирск,Межрегиональная олимпиада школьников на базе ведомственных образовательных организаций,БВИ,ЕГЭ от75 баллов по профильному предмету.
НГУ,Новосибирск,Межрегиональная химическая олимпиада школьников имени академика П.Д. Саркисова,БВИ,ЕГЭ от75 баллов по профильному предмету.
НГУ,Новосибирск,Миссия выполнима. Твое призвание - финансист!,БВИ,ЕГЭ от75 баллов по профильному предмету.
НГУ,Новосибирск,Московская олимпиада школьников,БВИ,ЕГЭ от75 баллов по профильному предмету.
НГУ,Новосибирск,Надежда энергетики,БВИ,ЕГЭ от75 баллов по профильному предмету.
НГУ,Новосибирск,НТО,БВИ,ЕГЭ от75 баллов по профильному предмету.
НГУ,Новосибирск,Оборонно-техническая олимпиада,БВИ,ЕГЭ от75 баллов по профильному предмету.
НГУ,Новосибирск,Объединенная межвузовская олимпиада школьников,БВИ,ЕГЭ от75 баллов по профильному предмету.
НГУ,Новосибирск,Океан знаний,БВИ,ЕГЭ от75 баллов по профильному предмету.
НГУ,Новосибирск,Олимпиада Курчатов,БВИ,ЕГЭ от75 баллов по профильному предмету.
НГУ,Новосибирск,Олимпиада РАНХИГС,БВИ,ЕГЭ от75 баллов по профильному предмету.
НГУ,Новосибирск,Олимпиада РГГУ для школьников,БВИ,ЕГЭ от75 баллов по профильному предмету.
НГУ,Новосибирск,Олимпиада СПбГУ,БВИ,ЕГЭ от75 баллов по профильному предмету.
НГУ,Новосибирск,Олимпиада школьников по информатике и программированию,БВИ,ЕГЭ от75 баллов по профильному предмету.
НГУ,Новосибирск,Олимпиада Юношеской математической школы,БВИ,ЕГЭ от75 баллов по профильному предмету.
НГУ,Новосибирск,Олимпиады КФУ,БВИ,ЕГЭ от75 баллов по профильному предмету.
НГУ,Новосибирск,ОРМО,БВИ,ЕГЭ от75 баллов по профильному предмету.
НГУ,Новосибирск,Открытая олимпиада школьников,БВИ,ЕГЭ от75 баллов по профильному предмету.
НГУ,Новосибирск,Открытая олимпиада школьников по программированию,БВИ,ЕГЭ от75 баллов по профильному предмету.
НГУ,Новосибирск,Открытая химическая олимпиада,БВИ,ЕГЭ от75 баллов по профильному предмету.
НГУ,Новосибирск,Пироговская олимпиада для школьников по химии и биологии,БВИ,ЕГЭ от75 баллов по профильному предмету.
НГУ,Новосибирск,Плехановская олимпиада школьников,БВИ,ЕГЭ от75 баллов по профильному предмету.
НГУ,Новосибирск,Покори Воробьевы горы!,БВИ,ЕГЭ от75 баллов по профильному предмету.
НГУ,Новосибирск,Потомки Менделеева,БВИ,ЕГЭ от75 баллов по профильному предмету.
НГУ,Новосибирск,Региональный конкурс школьников Челябинского университетского образовательного округа,БВИ,ЕГЭ от75 баллов по профильному предмету.
НГУ,Новосибирск,Робофест,БВИ,ЕГЭ от75 баллов по профильному предмету.
НГУ,Новосибирск,Росатом,БВИ,ЕГЭ от75 баллов по профильному предмету.
НГУ,Новосибирск,Санкт-Петербургская астрономическая олимпиада,БВИ,ЕГЭ от75 баллов по профильному предмету.
НГУ,Новосибирск,Санкт-Петербургская олимпиада школьников,БВИ,ЕГЭ от75 баллов по профильному предмету.
НГУ,Новосибирск,Сибириада. Шаг в мечту,БВИ,ЕГЭ от75 баллов по профильному предмету.
НГУ,Новосибирск,Твой путь в настоящую науку,БВИ,ЕГЭ от75 баллов по профильному предмету.
НГУ,Новосибирск,ТехноКубок,БВИ,ЕГЭ от75 баллов по профильному предмету.
НГУ,Новосибирск,Турнир городов,БВИ,ЕГЭ от75 баллов по профильному предмету.
НГУ,Новосибирск,Турнир имени М.В. Ломоносова,БВИ,ЕГЭ от75 баллов по профильному предмету.
НГУ,Новосибирск,Турнир имени М.В. Ломоносог,БВИ,ЕГЭ от75 баллов по профильному предмету.
НГУ,Новосибирск,Физтех,БВИ,ЕГЭ от75 баллов по профильному предмету.
НГУ,Новосибирск,Формула Единства,БВИ,ЕГЭ от75 баллов по профильному предмету.
НГУ,Новосибирск,Шаг в будущее,БВИ,ЕГЭ от75 баллов по профильному предмету.
НГУ,Новосибирск,Юниор,БВИ,ЕГЭ от75 баллов по профильному предмету.
НГУ,Новосибирск,Юные таланты,БВИ,ЕГЭ от75 баллов по профильному предмету.
НИУ ВШЭ,Москва,Innopolis Open,БВИ,ЕГЭ от75 до 90 баллов по профильному предмету.
НИУ ВШЭ,Москва,Бельчонок,БВИ,ЕГЭ от75 до 90 баллов по профильному предмету.
НИУ ВШЭ,Москва,Будущее Сибири,БВИ,ЕГЭ от75 до 90 баллов по профильному предмету.
НИУ ВШЭ,Москва,Будущие исследователи - будущее науки,БВИ,ЕГЭ от75 до 90 баллов по профильному предмету.
НИУ ВШЭ,Москва,Всероссийская академическая олимпиада школьников имени В.И. Вернадского,БВИ,ЕГЭ от75 до 90 баллов по профильному предмету.
НИУ ВШЭ,Москва,Всероссийская олимпиада по искусственному интеллекту,БВИ,ЕГЭ от75 до 90 баллов по профильному предмету.
НИУ ВШЭ,Москва,Всероссийская Сеченовская олимпиада школьников,100 баллов,ЕГЭ от75 до 90 баллов по профильному предмету.
НИУ ВШЭ,Москва,Всероссийская Толстовская олимпиада школьников,БВИ,ЕГЭ от75 до 90 баллов по профильному предмету.
НИУ ВШЭ,Москва,Всесибирская открытая олимпиада школьников,БВИ,ЕГЭ от75 до 90 баллов по профильному предмету.
НИУ ВШЭ,Москва,ВСОШ по астрономии,БВИ,ЕГЭ от75 до 90 баллов по профильному предмету.
НИУ ВШЭ,Москва,ВСОШ по биологии,БВИ,ЕГЭ от75 до 90 баллов по профильному предмету.
НИУ ВШЭ,Москва,ВСОШ по информатике,БВИ,ЕГЭ от75 до 90 баллов по профильному предмету.
НИУ ВШЭ,Москва,ВСОШ по математике,БВИ,ЕГЭ от75 до 90 баллов по профильному предмету.
НИУ ВШЭ,Москва,ВСОШ по обществознанию,БВИ,ЕГЭ от75 до 90 баллов по профильному предмету.
НИУ ВШЭ,Москва,ВСОШ по физике,БВИ,ЕГЭ от75 до 90 баллов по профильному предмету.
НИУ ВШЭ,Москва,ВСОШ по химии,БВИ,ЕГЭ от75 до 90 баллов по профильному предмету.
НИУ ВШЭ,Москва,ВСОШ по экономике,БВИ,ЕГЭ от75 до 90 баллов по профильному предмету.
НИУ ВШЭ,Москва,Вузовско-академическая олимпиада по информатике,БВИ,ЕГЭ от75 до 90 баллов по профильному предмету.
НИУ ВШЭ,Москва,Высшая проба,БВИ,ЕГЭ от75 до 90 баллов по профильному предмету.
НИУ ВШЭ,Москва,Газпром,БВИ,ЕГЭ от75 до 90 баллов по профильному предмету.
НИУ ВШЭ,Москва,Городская открытая олимпиада школьников по физике,БВИ,ЕГЭ от75 до 90 баллов по профильному предмету.
НИУ ВШЭ,Москва,гохническая олимпиада,БВИ,ЕГЭ от75 до 90 баллов по профильному предмету.
НИУ ВШЭ,Москва,Гранит науки,БВИ,ЕГЭ от75 до 90 баллов по профильному предмету.
НИУ ВШЭ,Москва,Звезда,БВИ,ЕГЭ от75 до 90 баллов по профильному предмету.
НИУ ВШЭ,Москва,Изумруд,БВИ,ЕГЭ от75 до 90 баллов по профильному предмету.
НИУ ВШЭ,Москва,Инженерная олимпиада школьников,БВИ,ЕГЭ от75 до 90 баллов по профильному предмету.
НИУ ВШЭ,Москва,Иннагрика,100 баллов,ЕГЭ от75 до 90 баллов по профильному предмету.
НИУ ВШЭ,Москва,Интернет-олимпиада школьников по физике,БВИ,ЕГЭ от75 до 90 баллов по профильному предмету.
НИУ ВШЭ,Москва,Когнитивные технологии,БВИ,ЕГЭ от75 до 90 баллов по профильному предмету.
НИУ ВШЭ,Москва,Ломоносов,БВИ,ЕГЭ от75 до 90 баллов по профильному предмету.
НИУ ВШЭ,Москва,Международная олимпиада по финансовой безопасности,БВИ,ЕГЭ от75 до 90 баллов по профильному предмету.
НИУ ВШЭ,Москва,Межрегиональная олимпиада школьников имени И.Я. Верченко,БВИ,ЕГЭ от75 до 90 баллов по профильному предмету.
НИУ ВШЭ,Москва,Межрегиональная олимпиада школьников на базе ведомственных образовательных организаций,БВИ,ЕГЭ от75 до 90 баллов по профильному предмету.
НИУ ВШЭ,Москва,Миссия выполнима. Твое призвание - финансист!,БВИ,ЕГЭ от75 до 90 баллов по профильному предмету.
НИУ ВШЭ,Москва,Московская олимпиада школьников,БВИ,ЕГЭ от75 до 90 баллов по профильному предмету.
НИУ ВШЭ,Москва,Надежда энергетики,БВИ,ЕГЭ от75 до 90 баллов по профильному предмету.
НИУ ВШЭ,Москва,НТО,БВИ,ЕГЭ от75 до 90 баллов по профильному предмету.
НИУ ВШЭ,Москва,Объединенная межвузовская олимпиада школьников,БВИ,ЕГЭ от75 до 90 баллов по профильному предмету.
НИУ ВШЭ,Москва,Океан знаний,БВИ,ЕГЭ от75 до 90 баллов по профильному предмету.
НИУ ВШЭ,Москва,Олимпиада Курчатов,БВИ,ЕГЭ от75 до 90 баллов по профильному предмету.
НИУ ВШЭ,Москва,Олимпиада РАНХИГС,БВИ,ЕГЭ от75 до 90 баллов по профильному предмету.
НИУ ВШЭ,Москва,Олимпиада РГГУ для школьников,БВИ,ЕГЭ от75 до 90 баллов по профильному предмету.
НИУ ВШЭ,Москва,Олимпиада СПбГУ,БВИ,ЕГЭ от75 до 90 баллов по профильному предмету.
НИУ ВШЭ,Москва,Олимпиада школьников по информатике и программированию,БВИ,ЕГЭ от75 до 90 баллов по профильному предмету.
НИУ ВШЭ,Москва,Олимпиада Юношеской математической школы,БВИ,ЕГЭ от75 до 90 баллов по профильному предмету.
НИУ ВШЭ,Москва,Олимпиады КФУ,БВИ,ЕГЭ от75 до 90 баллов по профильному предмету.
НИУ ВШЭ,Москва,ОРМО,БВИ,ЕГЭ от75 до 90 баллов по профильному предмету.
НИУ ВШЭ,Москва,Открытая олимпиада школьников,БВИ,ЕГЭ от75 до 90 баллов по профильному предмету.
НИУ ВШЭ,Москва,Открытая олимпиада школьников по программированию,БВИ,ЕГЭ от75 до 90 баллов по профильному предмету.
НИУ ВШЭ,Москва,Пироговская олимпиада для школьников по химии и биологии,100 баллов,ЕГЭ от75 до 90 баллов по профильному предмету.
НИУ ВШЭ,Москва,Плехановская олимпиада школьников,БВИ,ЕГЭ от75 до 90 баллов по профильному предмету.
НИУ ВШЭ,Москва,Покори Воробьевы горы!,БВИ,ЕГЭ от75 до 90 баллов по профильному предмету.
НИУ ВШЭ,Москва,Региональный конкурс школьников Челябинского университетского образовательного округа,БВИ,ЕГЭ от75 до 90 баллов по профильному предмету.
НИУ ВШЭ,Москва,Робофест,БВИ,ЕГЭ от75 до 90 баллов по профильному предмету.
НИУ ВШЭ,Москва,Росатом,БВИ,ЕГЭ от75 до 90 баллов по профильному предмету.
НИУ ВШЭ,Москва,Санкт-Петербургская астрономическая олимпиада,БВИ,ЕГЭ от75 до 90 баллов по профильному предмету.
НИУ ВШЭ,Москва,Санкт-Петербургская олимпиада школьников,БВИ,ЕГЭ от75 до 90 баллов по профильному предмету.
НИУ ВШЭ,Москва,Сибириада. Шаг в мечту,БВИ,ЕГЭ от75 до 90 баллов по профильному предмету.
НИУ ВШЭ,Москва,Твой путь в настоящую науку,БВИ,ЕГЭ от75 до 90 баллов по профильному предмету.
НИУ ВШЭ,Москва,Технокубок,БВИ,ЕГЭ от75 до 90 баллов по профильному предмету.
НИУ ВШЭ,Москва,Турнир городов,БВИ,ЕГЭ от75 до 90 баллов по профильному предмету.
НИУ ВШЭ,Москва,Турнир имени М.В. Ломоносова,БВИ,ЕГЭ от75 до 90 баллов по профильному предмету.
НИУ ВШЭ,Москва,Физтех,БВИ,ЕГЭ от75 до 90 баллов по профильному предмету.
НИУ ВШЭ,Москва,Финатлон для старшеклассников,БВИ,ЕГЭ от75 до 90 баллов по профильному предмету.
НИУ ВШЭ,Москва,Формула Единства,БВИ,ЕГЭ от75 до 90 баллов по профильному предмету.
НИУ ВШЭ,Москва,Шаг в будущее,БВИ,ЕГЭ от75 до 90 баллов по профильному предмету.
НИУ ВШЭ,Москва,Юниор,БВИ,ЕГЭ от75 до 90 баллов по профильному предмету.
НИУ ВШЭ,Москва,Юные таланты,БВИ победителям,ЕГЭ от75 до 90 баллов по профильному предмету.
СПбГУ,Санкт-Петербург,Innopolis Open,БВИ,ЕГЭ от75 до 85 баллов по профильному предмету.
СПбГУ,Санкт-Петербург,Бельчонок,БВИ,ЕГЭ от75 до 85 баллов по профильному предмету.
СПбГУ,Санкт-Петербург,Будущее Сибири,БВИ,ЕГЭ от75 до 85 баллов по профильному предмету.
СПбГУ,Санкт-Петербург,Будущие исследователи - будущее науки,БВИ,ЕГЭ от75 до 85 баллов по профильному предмету.
СПбГУ,Санкт-Петербург,Всероссийская академическая олимпиада школьников имени В.И. Вернадского,БВИ победителям,ЕГЭ от75 до 85 баллов по профильному предмету.
СПбГУ,Санкт-Петербург,Всероссийская олимпиада по искусственному интеллекту,БВИ,ЕГЭ от75 до 85 баллов по профильному предмету.
СПбГУ,Санкт-Петербург,Всероссийская Сеченовская олимпиада школьников,БВИ,ЕГЭ от75 до 85 баллов по профильному предмету.
СПбГУ,Санкт-Петербург,Всесибирская открытая олимпиада школьников,БВИ,ЕГЭ от75 до 85 баллов по профильному предмету.
СПбГУ,Санкт-Петербург,ВСОШ по астрономии,БВИ,ЕГЭ от75 до 85 баллов по профильному предмету.
СПбГУ,Санкт-Петербург,ВСОШ по биологии,БВИ,ЕГЭ от75 до 85 баллов по профильному предмету.
СПбГУ,Санкт-Петербург,ВСОШ по информатике,БВИ,ЕГЭ от75 до 85 баллов по профильному предмету.
СПбГУ,Санкт-Петербург,ВСОШ по математике,БВИ,ЕГЭ от75 до 85 баллов по профильному предмету.
СПбГУ,Санкт-Петербург,ВСОШ по обществознанию,БВИ,ЕГЭ от75 до 85 баллов по профильному предмету.
СПбГУ,Санкт-Петербург,ВСОШ по физике,БВИ,ЕГЭ от75 до 85 баллов по профильному предмету.
СПбГУ,Санкт-Петербург,ВСОШ по химии,БВИ,ЕГЭ от75 до 85 баллов по профильному предмету.
СПбГУ,Санкт-Петербург,ВСОШ по экологии,100 баллов,ЕГЭ от75 до 85 баллов по профильному предмету.
СПбГУ,Санкт-Петербург,ВСОШ по экономике,БВИ,ЕГЭ от75 до 85 баллов по профильному предмету.
СПбГУ,Санкт-Петербург,Вузовско-академическая олимпиада по информатике,БВИ,ЕГЭ от75 до 85 баллов по профильному предмету.
СПбГУ,Санкт-Петербург,Высшая проба,БВИ,ЕГЭ от75 до 85 баллов по профильному предмету.
СПбГУ,Санкт-Петербург,Газпром,БВИ,ЕГЭ от75 до 85 баллов по профильному предмету.
СПбГУ,Санкт-Петербург,Городская открытая олимпиада школьников по физике,БВИ,ЕГЭ от75 до 85 баллов по профильному предмету.
СПбГУ,Санкт-Петербург,Гранит науки,БВИ,ЕГЭ от75 до 85 баллов по профильному предмету.
СПбГУ,Санкт-Петербург,Звезда,БВИ,ЕГЭ от75 до 85 баллов по профильному предмету.
СПбГУ,Санкт-Петербург,Изумруд,БВИ,ЕГЭ от75 до 85 баллов по профильному предмету.
СПбГУ,Санкт-Петербург,Инженерная олимпиада школьников,БВИ,ЕГЭ от75 до 85 баллов по профильному предмету.
СПбГУ,Санкт-Петербург,Иннагрика,БВИ,ЕГЭ от75 до 85 баллов по профильному предмету.
СПбГУ,Санкт-Петербург,Интернет-олимпиада школьников по физике,БВИ,ЕГЭ от75 до 85 баллов по профильному предмету.
СПбГУ,Санкт-Петербург,Когнитивные технологии,БВИ,ЕГЭ от75 до 85 баллов по профильному предмету.
СПбГУ,Санкт-Петербург,Ломоносов,БВИ,ЕГЭ от75 до 85 баллов по профильному предмету.
СПбГУ,Санкт-Петербург,Международная олимпиада по финансовой безопасности,БВИ,ЕГЭ от75 до 85 баллов по профильному предмету.
СПбГУ,Санкт-Петербург,Межрегиональная олимпиада школьников имени И.Я. Верченко,БВИ,ЕГЭ от75 до 85 баллов по профильному предмету.
СПбГУ,Санкт-Петербург,Межрегиональная олимпиада школьников на базе ведомственных образовательных организаций,БВИ,ЕГЭ от75 до 85 баллов по профильному предмету.
СПбГУ,Санкт-Петербург,Межрегиональная химическая олимпиада школьников имени академика П.Д. Саркисова,БВИ,ЕГЭ от75 до 85 баллов по профильному предмету.
СПбГУ,Санкт-Петербург,Миссия выполнима. Твое призвание - финансист!,БВИ победителям,ЕГЭ от75 до 85 баллов по профильному предмету.
СПбГУ,Санкт-Петербург,Московская олимпиада школьников,БВИ,ЕГЭ от75 до 85 баллов по профильному предмету.
СПбГУ,Санкт-Петербург,Надежда энергетики,БВИ,ЕГЭ от75 до 85 баллов по профильному предмету.
СПбГУ,Санкт-Петербург,НТО,БВИ,ЕГЭ от75 до 85 баллов по профильному предмету.
СПбГУ,Санкт-Петербург,Оборонно-техническая олимпиада,БВИ,ЕГЭ от75 до 85 баллов по профильному предмету.
СПбГУ,Санкт-Петербург,Объединенная межвузовская олимпиада школьников,БВИ,ЕГЭ от75 до 85 баллов по профильному предмету.
СПбГУ,Санкт-Петербург,Олимпиада Курчатов,БВИ,ЕГЭ от75 до 85 баллов по профильному предмету.
СПбГУ,Санкт-Петербург,Олимпиада РАНХИГС,БВИ победителям,ЕГЭ от75 до 85 баллов по профильному предмету.
СПбГУ,Санкт-Петербург,Олимпиада РГГУ для школьников,БВИ победителям,ЕГЭ от75 до 85 баллов по профильному предмету.
СПбГУ,Санкт-Петербург,Олимпиада СПбГУ,БВИ,ЕГЭ от75 до 85 баллов по профильному предмету.
СПбГУ,Санкт-Петербург,Олимпиада школьников по информатике и программированию,БВИ,ЕГЭ от75 до 85 баллов по профильному предмету.
СПбГУ,Санкт-Петербург,Олимпиада Юношеской математической школы,БВИ,ЕГЭ от75 до 85 баллов по профильному предмету.
СПбГУ,Санкт-Петербург,Олимпиады КФУ,БВИ,ЕГЭ от75 до 85 баллов по профильному предмету.
СПбГУ,Санкт-Петербург,ОРМО,БВИ,ЕГЭ от75 до 85 баллов по профильному предмету.
СПбГУ,Санкт-Петербург,Открытая олимпиада школьников,БВИ,ЕГЭ от75 до 85 баллов по профильному предмету.
СПбГУ,Санкт-Петербург,Открытая олимпиада школьников по программированию,БВИ,ЕГЭ от75 до 85 баллов по профильному предмету.
СПбГУ,Санкт-Петербург,Открытая химическая олимпиада,БВИ,ЕГЭ от75 до 85 баллов по профильному предмету.
СПбГУ,Санкт-Петербург,Пироговская олимпиада для школьников по химии и биологии,БВИ,ЕГЭ от75 до 85 баллов по профильному предмету.
СПбГУ,Санкт-Петербург,Покори Воробьевы горы!,БВИ,ЕГЭ от75 до 85 баллов по профильному предмету.
СПбГУ,Санкт-Петербург,Потомки Менделеева,БВИ,ЕГЭ от75 до 85 баллов по профильному предмету.
СПбГУ,Санкт-Петербург,Робофест,БВИ,ЕГЭ от75 до 85 баллов по профильному предмету.
СПбГУ,Санкт-Петербург,Росатом,БВИ,ЕГЭ от75 до 85 баллов по профильному предмету.
СПбГУ,Санкт-Петербург,Санкт-Петербургская астрономическая олимпиада,БВИ,ЕГЭ от75 до 85 баллов по профильному предмету.
СПбГУ,Санкт-Петербург,Санкт-Петербургская олимпиада школьников,БВИ,ЕГЭ от75 до 85 баллов по профильному предмету.
СПбГУ,Санкт-Петербург,Сибириада. Шаг в мечту,БВИ победителям,ЕГЭ от75 до 85 баллов по профильному предмету.
СПбГУ,Санкт-Петербург,Твой путь в настоящую науку,БВИ,ЕГЭ от75 до 85 баллов по профильному предмету.
СПбГУ,Санкт-Петербург,Технокубок,БВИ,ЕГЭ от75 до 85 баллов по профильному предмету.
СПбГУ,Санкт-Петербург,Турнир городов,БВИ,ЕГЭ от75 до 85 баллов по профильному предмету.
СПбГУ,Санкт-Петербург,Турнир имени М.В. Ломоносов,БВИ,ЕГЭ от75 до 85 баллов по профильному предмету.
СПбГУ,Санкт-Петербург,Турнир имени М.В. Ломоносова,БВИ,ЕГЭ от75 до 85 баллов по профильному предмету.
СПбГУ,Санкт-Петербург,Физтех,БВИ,ЕГЭ от75 до 85 баллов по профильному предмету.
СПбГУ,Санкт-Петербург,Формула Единства,БВИ,ЕГЭ от75 до 85 баллов по профильному предмету.
СПбГУ,Санкт-Петербург,Шаг в будущее,БВИ,ЕГЭ от75 до 85 баллов по профильному предмету.
СПбГУ,Санкт-Петербург,Юные таланты,БВИ,ЕГЭ от75 до 85 баллов по профильному предмету.
Сеченовский Университет,Москва,Innopolis Open,100 баллов,ЕГЭ от75 баллов по профильному предмету.
Сеченовский Университет,Москва,Будущее Сибири,100 баллов,ЕГЭ от75 баллов по профильному предмету.
Сеченовский Университет,Москва,Будущие исследователи - будущее науки,100 баллов,ЕГЭ от75 баллов по профильному предмету.
Сеченовский Университет,Москва,Всероссийская олимпиада по искусственному интеллекту,100 баллов,ЕГЭ от75 баллов по профильному предмету.
Сеченовский Университет,Москва,Всероссийская Сеченовская олимпиада школьников,100 баллов,ЕГЭ от75 баллов по профильному предмету.
Сеченовский Университет,Москва,Всесибирская открытая олимпиада школьников,100 баллов,ЕГЭ от75 баллов по профильному предмету.
Сеченовский Университет,Москва,ВСОШ по биологии,БВИ,ЕГЭ от75 баллов по профильному предмету.
Сеченовский Университет,Москва,ВСОШ по информатике,БВИ,ЕГЭ от75 баллов по профильному предмету.
Сеченовский Университет,Москва,ВСОШ по математике,БВИ,ЕГЭ от75 баллов по профильному предмету.
Сеченовский Университет,Москва,ВСОШ по обществознанию,БВИ,ЕГЭ от75 баллов по профильному предмету.
Сеченовский Университет,Москва,ВСОШ по физике,БВИ,ЕГЭ от75 баллов по профильному предмету.
Сеченовский Университет,Москва,ВСОШ по химии,БВИ,ЕГЭ от75 баллов по профильному предмету.
Сеченовский Университет,Москва,ВСОШ по экономике,БВИ,ЕГЭ от75 баллов по профильному предмету.
Сеченовский Университет,Москва,Вузовско-академическая олимпиада по информатике,100 баллов,ЕГЭ от75 баллов по профильному предмету.
Сеченовский Университет,Москва,Высшая проба,100 баллов,ЕГЭ от75 баллов по профильному предмету.
Сеченовский Университет,Москва,Газпром,100 баллов,ЕГЭ от75 баллов по профильному предмету.
Сеченовский Университет,Москва,Городская открытая олимпиада школьников по физике,100 баллов,ЕГЭ от75 баллов по профильному предмету.
Сеченовский Университет,Москва,Гранит науки,100 баллов,ЕГЭ от75 баллов по профильному предмету.
Сеченовский Университет,Москва,Звезда,100 баллов,ЕГЭ от75 баллов по профильному предмету.
Сеченовский Университет,Москва,Изумруд,100 баллов,ЕГЭ от75 баллов по профильному предмету.
Сеченовский Университет,Москва,Инженерная олимпиада школьников,100 баллов,ЕГЭ от75 баллов по профильному предмету.
Сеченовский Университет,Москва,Иннагрика,100 баллов,ЕГЭ от75 баллов по профильному предмету.
Сеченовский Университет,Москва,Интернет-олимпиада школьников по физике,100 баллов,ЕГЭ от75 баллов по профильному предмету.
Сеченовский Университет,Москва,Когнитивные технологии,100 баллов,ЕГЭ от75 баллов по профильному предмету.
Сеченовский Университет,Москва,Ломоносов,100 баллов,ЕГЭ от75 баллов по профильному предмету.
Сеченовский Университет,Москва,Межрегиональная олимпиада школьников имени И.Я. Верченко,100 баллов,ЕГЭ от75 баллов по профильному предмету.
Сеченовский Университет,Москва,Межрегиональная олимпиада школьников на базе ведомственных образовательных организаций,100 баллов,ЕГЭ от75 баллов по профильному предмету.
Сеченовский Университет,Москва,Межрегиональная химическая олимпиада школьников имени академика П.Д. Саркисова,100 баллов,ЕГЭ от75 баллов по профильному предмету.
Сеченовский Университет,Москва,Московская олимпиада школьников,100 баллов,ЕГЭ от75 баллов по профильному предмету.
Сеченовский Университет,Москва,Надежда энергетики,100 баллов,ЕГЭ от75 баллов по профильному предмету.
Сеченовский Университет,Москва,НТО,100 баллов,ЕГЭ от75 баллов по профильному предмету.
Сеченовский Университет,Москва,Объединенная межвузовская олимпиада школьников,100 баллов,ЕГЭ от75 баллов по профильному предмету.
Сеченовский Университет,Москва,Олимпиада Курчатов,100 баллов,ЕГЭ от75 баллов по профильному предмету.
Сеченовский Университет,Москва,Олимпиада СПбГУ,100 баллов,ЕГЭ от75 баллов по профильному предмету.
Сеченовский Университет,Москва,Олимпиада школьников по информатике и программированию,100 баллов,ЕГЭ от75 баллов по профильному предмету.
Сеченовский Университет,Москва,Олимпиада Юношеской математической школы,100 баллов,ЕГЭ от75 баллов по профильному предмету.
Сеченовский Университет,Москва,Олимпиады КФУ,100 баллов,ЕГЭ от75 баллов по профильному предмету.
Сеченовский Университет,Москва,ОРМО,100 баллов,ЕГЭ от75 баллов по профильному предмету.
Сеченовский Университет,Москва,Открытая олимпиада школьников,100 баллов,ЕГЭ от75 баллов по профильному предмету.
Сеченовский Университет,Москва,Открытая олимпиада школьников по программированию,100 баллов,ЕГЭ от75 баллов по профильному предмету.
Сеченовский Университет,Москва,Открытая химическая олимпиада,100 баллов,ЕГЭ от75 баллов по профильному предмету.
Сеченовский Университет,Москва,Пироговская олимпиада для школьников по химии и биологии,100 баллов,ЕГЭ от75 баллов по профильному предмету.
Сеченовский Университет,Москва,Плехановская олимпиада школьников,100 баллов,ЕГЭ от75 баллов по профильному предмету.
Сеченовский Университет,Москва,Покори Воробьевы горы!,100 баллов,ЕГЭ от75 баллов по профильному предмету.
Сеченовский Университет,Москва,Потомки Менделеева,100 баллов,ЕГЭ от75 баллов по профильному предмету.
Сеченовский Университет,Москва,Робофест,100 баллов,ЕГЭ от75 баллов по профильному предмету.
Сеченовский Университет,Москва,Росатом,100 баллов,ЕГЭ от75 баллов по профильному предмету.
Сеченовский Университет,Москва,Санкт-Петербургская олимпиада школьников,100 баллов,ЕГЭ от75 баллов по профильному предмету.
Сеченовский Университет,Москва,Твой путь в настоящую науку,100 баллов,ЕГЭ от75 баллов по профильному предмету.
Сеченовский Университет,Москва,Технокубок,100 баллов,ЕГЭ от75 баллов по профильному предмету.
Сеченовский Университет,Москва,Турнир городов,100 баллов,ЕГЭ от75 баллов по профильному предмету.
Сеченовский Университет,Москва,Турнир имени М.В. Ломоносова,100 баллов,ЕГЭ от75 баллов по профильному предмету.
Сеченовский Университет,Москва,Физтех,100 баллов,ЕГЭ от75 баллов по профильному предмету.
Сеченовский Университет,Москва,Формула Единства,100 баллов,ЕГЭ от75 баллов по профильному предмету.
Сеченовский Университет,Москва,Шаг в будущее,100 баллов,ЕГЭ от75 баллов по профильному предмету.
Сеченовский Университет,Москва,Юниор,100 баллов,ЕГЭ от75 баллов по профильному предмету.
Сеченовский Университет,Москва,Юные таланты,100 баллов,ЕГЭ от75 баллов по профильному предмету.
Университет Иннополис,Иннополис,Innopolis Open,БВИ,ЕГЭ от 75 баллов по профильному предмету.
Университет Иннополис,Иннополис,Бельчонок,БВИ,ЕГЭ от 75 баллов по профильному предмету.
Университет Иннополис,Иннополис,Будущее Сибири,БВИ,ЕГЭ от 75 баллов по профильному предмету.
Университет Иннополис,Иннополис,Будущие исследователи - будущее науки,БВИ,ЕГЭ от 75 баллов по профильному предмету.
Университет Иннополис,Иннополис,Всероссийская олимпиада по искусственному интеллекту,БВИ,ЕГЭ от 75 баллов по профильному предмету.
Университет Иннополис,Иннополис,Всесибирская открытая олимпиада школьников,БВИ,ЕГЭ от 75 баллов по профильному предмету.
Университет Иннополис,Иннополис,ВСОШ по информатике,БВИ,ЕГЭ от 75 баллов по профильному предмету.
Университет Иннополис,Иннополис,ВСОШ по математике,БВИ,ЕГЭ от 75 баллов по профильному предмету.
Университет Иннополис,Иннополис,ВСОШ по физике,БВИ,ЕГЭ от 75 баллов по профильному предмету.
Университет Иннополис,Иннополис,Вузовско-академическая олимпиада по информатике,БВИ,ЕГЭ от 75 баллов по профильному предмету.
Университет Иннополис,Иннополис,Высшая проба,БВИ,ЕГЭ от 75 баллов по профильному предмету.
Университет Иннополис,Иннополис,Газпром,БВИ,ЕГЭ от 75 баллов по профильному предмету.
Университет Иннополис,Иннополис,Городская открытая олимпиада школьников по физике,БВИ,ЕГЭ от 75 баллов по профильному предмету.
Университет Иннополис,Иннополис,Гранит науки,БВИ,ЕГЭ от 75 баллов по профильному предмету.
Университет Иннополис,Иннополис,Изумруд,БВИ,ЕГЭ от 75 баллов по профильному предмету.
Университет Иннополис,Иннополис,Инженерная олимпиада школьников,БВИ,ЕГЭ от 75 баллов по профильному предмету.
Университет Иннополис,Иннополис,Интернет-олимпиада школьников по физике,БВИ,ЕГЭ от 75 баллов по профильному предмету.
Университет Иннополис,Иннополис,Когнитивные технологии,БВИ,ЕГЭ от 75 баллов по профильному предмету.
Университет Иннополис,Иннополис,Ломоносов,БВИ,ЕГЭ от 75 баллов по профильному предмету.
Университет Иннополис,Иннополис,Международная олимпиада по финансовой безопасности,БВИ,ЕГЭ от 75 баллов по профильному предмету.
Университет Иннополис,Иннополис,Межрегиональная олимпиада школьников имени И.Я. Верченко,БВИ,ЕГЭ от 75 баллов по профильному предмету.
Университет Иннополис,Иннополис,Межрегиональная олимпиада школьников на базе ведомственных образовательных организаций,БВИ,ЕГЭ от 75 баллов по профильному предмету.
Университет Иннополис,Иннополис,Московская олимпиада школьников,БВИ,ЕГЭ от 75 баллов по профильному предмету.
Университет Иннополис,Иннополис,Надежда энергетики,БВИ,ЕГЭ от 75 баллов по профильному предмету.
Университет Иннополис,Иннополис,НТО,БВИ,ЕГЭ от 75 баллов по профильному предмету.
Университет Иннополис,Иннополис,Оборонно-техническая олимпиада,БВИ,ЕГЭ от 75 баллов по профильному предмету.
Университет Иннополис,Иннополис,Объединенная межвузовская олимпиада школьников,БВИ,ЕГЭ от 75 баллов по профильному предмету.
Университет Иннополис,Иннополис,Олимпиада Курчатов,БВИ,ЕГЭ от 75 баллов по профильному предмету.
Университет Иннополис,Иннополис,Олимпиада СПбГУ,БВИ,ЕГЭ от 75 баллов по профильному предмету.
Университет Иннополис,Иннополис,Олимпиада школьников по информатике и программированию,БВИ,ЕГЭ от 75 баллов по профильному предмету.
Университет Иннополис,Иннополис,Олимпиада Юношеской математической школы,БВИ,ЕГЭ от 75 баллов по профильному предмету.
Университет Иннополис,Иннополис,Олимпиады КФУ,БВИ,ЕГЭ от 75 баллов по профильному предмету.
Университет Иннополис,Иннополис,ОРМО,БВИ,ЕГЭ от 75 баллов по профильному предмету.
Университет Иннополис,Иннополис,Открытая олимпиада школьников,БВИ,ЕГЭ от 75 баллов по профильному предмету.
Университет Иннополис,Иннополис,Открытая олимпиада школьников по программированию,БВИ,ЕГЭ от 75 баллов по профильному предмету.
Университет Иннополис,Иннополис,Покори Воробьевы горы!,БВИ,ЕГЭ от 75 баллов по профильному предмету.
Университет Иннополис,Иннополис,Робофест,БВИ,ЕГЭ от 75 баллов по профильному предмету.
Университет Иннополис,Иннополис,Росатом,БВИ,ЕГЭ от 75 баллов по профильному предмету.
Университет Иннополис,Иннополис,Санкт-Петербургская астрономическая олимпиада,БВИ,ЕГЭ от 75 баллов по профильному предмету.
Университет Иннополис,Иннополис,Санкт-Петербургская олимпиада школьников,БВИ,ЕГЭ от 75 баллов по профильному предмету.
Университет Иннополис,Иннополис,Твой путь в настоящую науку,БВИ,ЕГЭ от 75 баллов по профильному предмету.
Университет Иннополис,Иннополис,Технокубок,БВИ,ЕГЭ от 75 баллов по профильному предмету.
Университет Иннополис,Иннополис,Турнир городов,БВИ,ЕГЭ от 75 баллов по профильному предмету.
Университет Иннополис,Иннополис,Турнир имени М.В. Ломоносова,БВИ,ЕГЭ от 75 баллов по профильному предмету.
Университет Иннополис,Иннополис,Физтех,БВИ,ЕГЭ от 75 баллов по профильному предмету.
Университет Иннополис,Иннополис,Формула Единства,БВИ,ЕГЭ от 75 баллов по профильному предмету.
Университет Иннополис,Иннополис,Шаг в будущее,БВИ,ЕГЭ от 75 баллов по профильному предмету.
Университет Иннополис,Иннополис,Юниор,100 баллов,ЕГЭ от 75 баллов по профильному предмету.
