olympiad_id;series;profiles;title_hint;note
5825;ai-olympiad;искусственный интеллект;Всероссийская олимпиада по искусственному интеллекту;
5278;architecture-art;искусство;Межрегиональная олимпиада «Архитектура и искусство» по комплексу предметов;
177;architecture-art-south;рисунок, живопись, композиция, черчение;Южно-Российская межрегиональная олимпиада школьников «Архитектура и искусство»;
5420;art-of-graphics;графический дизайн|композиция|рисунок;Международная олимпиада школьников «Искусство графики»;
396;belchonok;;Университетская олимпиада школьников «Бельчонок» по физике;
397;belchonok;;Университетская олимпиада школьников «Бельчонок» по математике;
398;belchonok;;Университетская олимпиада школьников «Бельчонок» по информатике;
5159;belchonok;;Университетская олимпиада школьников «Бельчонок» по химии;
5160;belchonok;;Университетская олимпиада школьников «Бельчонок» по биологии;
5518;belchonok;;Университетская олимпиада школьников «Бельчонок» по обществознанию;
5400;chelyabinsk-contest;обществознание;Региональный конкурс школьников Челябинского университетского образовательного округа по обществознанию;
5401;chelyabinsk-contest;иностранный язык;Региональный конкурс школьников Челябинского университетского образовательного округа по иностранным языкам;
5625;chelyabinsk-contest;;Региональный конкурс школьников Челябинского университетского образовательного округа по математике, информатике и криптографии;
5628;chelyabinsk-contest;;Региональный конкурс школьников Челябинского университетского образовательного округа по русскому языку;
5185;cognitive-technologies;информатика;Открытая олимпиада по программированию «Когнитивные технологии»;
6936;defense-tech;техника и технологии;Оборонно-техническая олимпиада по направлению «Техника и технологии»;
171;departmental;иностранный язык;Межрегиональная олимпиада школьников на базе ведомственных образовательных организаций (иностранные языки);
173;departmental;обществознание;Межрегиональная олимпиада школьников на базе ведомственных образовательных организаций (обществознание);
175;departmental;физика;Межрегиональная олимпиада школьников на базе ведомственных образовательных организаций (физика);
5183;departmental;русский язык;Межрегиональная олимпиада школьников на базе ведомственных образовательных организаций (русский язык);
5331;energy-hope;;Олимпиада школьников «Надежда энергетики» по математике;В перечне у «Надежды энергетики» только профиль «физика».
282;engineering-olympiad;физика;Инженерная олимпиада школьников;
5003;eurasian-linguistic;иностранные языки;Международная олимпиада «Евразийская лингвистическая олимпиада»;
185;femida;право;Межрегиональная олимпиада по праву «Фемида»;
5795;financial-security;финансовая безопасность;Международная олимпиада по финансовой безопасности;
180;finatlon;финансовая грамотность;Всероссийская олимпиада для старшеклассников по финансовой грамотности (Финатлон для старшеклассников);
223;formula-of-unity;математика;Объединенная международная математическая олимпиада «Формула Единства» / «Третье тысячелетие»;
5618;formula-of-unity;;Олимпиада «Формула Единства»/«Третье тысячелетие» по английскому языку;
5633;formula-of-unity;физика;Олимпиада «Формула Единства»/«Третье тысячелетие» по физике;
6925;formula-of-unity;;Олимпиада «Формула Единства»/«Третье тысячелетие» по экологии;
368;future-of-siberia;физика;Открытая межвузовская олимпиада школьников «Будущее Сибири» по физике;
369;future-of-siberia;химия;Открытая межвузовская олимпиада школьников «Будущее Сибири» по химии;
358;future-researchers;биология;Олимпиада «Будущие исследователи - будущее науки» по биологии;
359;future-researchers;история;Олимпиада «Будущие исследователи - будущее науки» по истории;
360;future-researchers;математика;Олимпиада «Будущие исследователи - будущее науки» по математике;
361;future-researchers;физика;Олимпиада «Будущие исследователи - будущее науки» по физике;
362;future-researchers;химия;Олимпиада «Будущие исследователи - будущее науки» по химии;
363;future-researchers;русский язык;Олимпиада «Будущие исследователи - будущее науки» по русскому языку;
5516;gazprom;*;Олимпиада «Газпром»;
5477;granit-nauki;естественные науки;Олимпиада «Гранит науки» по естественным наукам;
5480;granit-nauki;;Олимпиада школьников «Гранит науки» по химии;"В перечне у «Гранита науки» профили «естественные науки» и «информатика»; отдельная олимпиада по химии профилем не считается."
5481;granit-nauki;информатика;Олимпиада «Гранит науки» по информатике;
5028;herzen;география;Герценовская олимпиада школьников по географии;
5029;herzen;иностранный язык;Герценовская олимпиада школьников по иностранным языкам;
147;hse-vysshaya-proba;история;Олимпиада «Высшая проба» по истории;
148;hse-vysshaya-proba;филология;Олимпиада «Высшая проба» по филологии;
149;hse-vysshaya-proba;математика;Олимпиада «Высшая проба» по математике;
150;hse-vysshaya-proba;обществознание;Олимпиада «Высшая проба» по обществознанию;
151;hse-vysshaya-proba;право;Олимпиада «Высшая проба» по праву;
152;hse-vysshaya-proba;экономика;Олимпиада «Высшая проба» по экономике;
153;hse-vysshaya-proba;информатика;Олимпиада «Высшая проба» по информатике;
157;hse-vysshaya-proba;востоковедение;Олимпиада «Высшая проба» по востоковедению;
158;hse-vysshaya-proba;дизайн;Олимпиада «Высшая проба» по дизайну;
159;hse-vysshaya-proba;журналистика;Олимпиада «Высшая проба» по журналистике;
160;hse-vysshaya-proba;русский язык;Олимпиада «Высшая проба» по русскому языку;
227;hse-vysshaya-proba;инженерные науки;Олимпиада «Высшая проба» по инженерным наукам;
5058;hse-vysshaya-proba;психология;Олимпиада «Высшая проба» по психологии;
5208;hse-vysshaya-proba;иностранный язык;Олимпиада «Высшая проба» по иностранным языкам;
5319;hse-vysshaya-proba;восточные языки;Олимпиада «Высшая проба» по восточным языкам;
5448;hse-vysshaya-proba;социология;Олимпиада «Высшая проба» по социологии;
5449;hse-vysshaya-proba;философия;Олимпиада «Высшая проба» по философии;
5572;hse-vysshaya-proba;финансовая грамотность;Олимпиада «Высшая проба» по финансовой грамотности;
5574;hse-vysshaya-proba;основы бизнеса;Олимпиада «Высшая проба» по основам бизнеса;
5668;hse-vysshaya-proba;биология;Олимпиада «Высшая проба» по биологии;
5669;hse-vysshaya-proba;культурология;Олимпиада «Высшая проба» по культурологии;
5670;hse-vysshaya-proba;химия;Олимпиада «Высшая проба» по химии;
5819;hse-vysshaya-proba;международные отношения;Олимпиада «Высшая проба» по международным отношениям;
5906;hse-vysshaya-proba;история искусств;Олимпиада «Высшая проба» по истории искусств;
5907;hse-vysshaya-proba;промышленное программирование;Олимпиада «Высшая проба» по промышленному программированию;
4337;informatics-programming;информатика;Олимпиада школьников по информатике и программированию;
5854;innagrika;аграрная генетика;Всероссийская олимпиада по агрогенетике «Иннагрика»;
5283;innopolis-open;информатика;Международная олимпиада Innopolis Open по информатике;
5284;innopolis-open;робототехника;Международная олимпиада Innopolis Open по робототехнике;
5367;innopolis-open;математика;Международная олимпиада Innopolis Open по математике;
5698;innopolis-open;информационная безопасность;Международная олимпиада Innopolis Open по информационной безопасности;
5770;innopolis-open;искусственный интеллект;Международная олимпиада Innopolis Open по искусственному интеллекту;
57;internet-physics;физика;Интернет-олимпиада школьников по физике;
5393;izumrud;математика;Международная олимпиада УрФУ для школьников «Изумруд» по математике;
5394;izumrud;русский язык;Международная олимпиада УрФУ для школьников «Изумруд» по русскому языку;
5395;izumrud;;Международная олимпиада УрФУ для школьников «Изумруд» по физике;
5396;izumrud;обществознание;Международная олимпиада УрФУ для школьников «Изумруд» по обществознанию;
5616;izumrud;химия;Международная олимпиада УрФУ для школьников «Изумруд» по химии;
5617;izumrud;история;Международная олимпиада УрФУ для школьников «Изумруд» по истории;
5638;izumrud;информатика;Международная олимпиада УрФУ для школьников «Изумруд» по информатике;
6934;izumrud;;Международная олимпиада УрФУ для школьников «Изумруд» по анализу данных;
5430;junior;естественные науки;Всероссийский конкурс научных работ школьников «Юниор» по естественным наукам;
372;kfu;русский язык;Олимпиада Казанского федерального университета по русскому языку;
373;kfu;;Олимпиада Казанского федерального университета по татарскому языку;
375;kfu;;Олимпиада Казанского федерального университета по математике;
376;kfu;физика;Олимпиада Казанского федерального университета по физике;
377;kfu;;Олимпиада Казанского федерального университета по информатике;
378;kfu;биология;Олимпиада Казанского федерального университета по биологии;
379;kfu;химия;Олимпиада Казанского федерального университета по химии;
380;kfu;;Олимпиада Казанского федерального университета по географии;
382;kfu;история;Олимпиада Казанского федерального университета по истории;
383;kfu;;Олимпиада Казанского федерального университета по литературе;
384;kfu;;Олимпиада Казанского федерального университета по обществознанию;
5608;kfu;;Олимпиада Казанского федерального университета по астрономии;
5609;kfu;;Олимпиада Казанского федерального университета по экологии;
5610;kfu;;Олимпиада Казанского федерального университета по психологии и педагогике;
5611;kfu;право;Олимпиада Казанского федерального университета по праву;
5612;kfu;;Олимпиада Казанского федерального университета по экономике;
5613;kfu;;Олимпиада Казанского федерального университета по политологии;
5664;kfu;иностранный язык;Олимпиада Казанского федерального университета по иностранным языкам;
5755;kfu;дизайн;Олимпиада Казанского федерального университета по дизайну;
5835;kfu;;Олимпиада Казанского федерального университета по экономике стран мира;
5867;kfu;;Олимпиада Казанского федерального университета по нефтегазовому делу и геологии;
6958;kfu;;Олимпиада Казанского федерального университета по МХК;
6959;kfu;;Олимпиада Казанского федерального университета по китайскому языку;"Китайский язык на olimpiada.ru — отдельная олимпиада КФУ; в перечне у КФУ профиль «иностранный язык» без уточнения языков, поэтому профиль не присвоен."
6960;kfu;;Олимпиада Казанского федерального университета по автомобилестроению (КиберАвтотехТех);
388;kurchatov;физика;Олимпиада Курчатов по физике;
199;kutafin;право;Кутафинская олимпиада школьников по праву;
5864;legal-heights;право;Олимпиада «Юридические высоты!»;
20;lomonosov;фундаментальная медицина;Олимпиада школьников «Ломоносов» по фундаментальной медицине;
156;lomonosov;основы российской государственности;Олимпиада школьников «Ломоносов» по основам российской государственности;
251;lomonosov;высокие технологии;Олимпиада школьников «Ломоносов» по высоким технологиям;
324;lomonosov;биология;Олимпиада школьников «Ломоносов» по биологии;
325;lomonosov;иностранный язык;Олимпиада школьников «Ломоносов» по иностранным языкам;
326;lomonosov;журналистика;Олимпиада школьников «Ломоносов» по журналистике;
327;lomonosov;экология;Олимпиада школьников «Ломоносов» по экологии;
328;lomonosov;психология;Олимпиада школьников «Ломоносов» по психологии;
340;lomonosov;право;Олимпиада школьников «Ломоносов» по праву;
341;lomonosov;международные отношения и глобалистика;Олимпиада школьников «Ломоносов» по международным отношениям и глобалистике;
342;lomonosov;политология;Олимпиада школьников «Ломоносов» по политологии;
343;lomonosov;информатика;Олимпиада школьников «Ломоносов» по информатике;
344;lomonosov;физика;Олимпиада школьников «Ломоносов» по физике;
345;lomonosov;геология;Олимпиада школьников «Ломоносов» по геологии;
347;lomonosov;русский язык;Олимпиада школьников «Ломоносов» по русскому языку;
348;lomonosov;математика;Олимпиада школьников «Ломоносов» по математике;
349;lomonosov;литература;Олимпиада школьников «Ломоносов» по литературе;
350;lomonosov;химия;Олимпиада школьников «Ломоносов» по химии;
351;lomonosov;обществознание;Олимпиада школьников «Ломоносов» по обществознанию;
352;lomonosov;робототехника;Олимпиада школьников «Ломоносов» по робототехнике;
353;lomonosov;история;Олимпиада школьников «Ломоносов» по истории;
354;lomonosov;география;Олимпиада школьников «Ломоносов» по географии;
355;lomonosov;философия;Олимпиада школьников «Ломоносов» по философии;
356;lomonosov;механика и математическое моделирование;Олимпиада школьников «Ломоносов» по механике и математическому моделированию;
5620;lomonosov;космонавтика;Олимпиада школьников «Ломоносов» по космонавтике;
5723;lomonosov;;Олимпиада школьников «Ломоносов» по предпринимательству;
5762;lomonosov;генетика;Олимпиада школьников «Ломоносов» по генетике;
5763;lomonosov;религиоведение;Олимпиада школьников «Ломоносов» по религиоведению;
4;lomonosov-tournament;;Турнир Ломоносова;
6944;mendeleev-descendants;химия;Олимпиада школьников по химии и химической технологии «Потомки Менделеева»;
5005;mgimo;гуманитарные и социальные науки;Олимпиада МГИМО(У) МИД России для школьников;
4354;mission-financier;экономика;Олимпиада «Миссия выполнима. Твое призвание - финансист!» по экономике;
4355;mission-financier;;Олимпиада «Миссия выполнима. Твое призвание - финансист!» по математике;
5178;mission-financier;;Олимпиада «Миссия выполнима. Твое призвание - финансист!» по информатике;
5296;mission-financier;обществознание;Олимпиада «Миссия выполнима. Твое призвание - финансист!» по обществознанию;
5418;mission-financier;история;Олимпиада «Миссия выполнима. Твое призвание - финансист!» по истории;
5758;mission-financier;иностранный язык;Олимпиада «Миссия выполнима. Твое призвание - финансист!» по английскому языку;
5822;mission-financier;финансовая грамотность;Олимпиада «Миссия выполнима. Твое призвание - финансист!» по финансовой грамотности;
5872;mission-financier;;Олимпиада «Миссия выполнима. Твое призвание - финансист!» по международному туризму;
5873;mission-financier;;Олимпиада «Миссия выполнима. Твое призвание - финансист!» по праву;
58;moscow-geology;геология;Московская открытая олимпиада по геологии;
1;mosh;математика;Московская математическая олимпиада;
7;mosh;;Математический праздник;Математический праздник входит в объединение МОШ на olimpiada.ru, но в перечень не входит.
39;mosh;лингвистика;Московская традиционная олимпиада по лингвистике;
40;mosh;;Московская филологическая олимпиада;
55;mosh;вероятность и статистика;Московская олимпиада по вероятности и статистике;
99;mosh;астрономия;Московская астрономическая олимпиада;
102;mosh;информатика;Московская олимпиада по информатике;
103;mosh;история;Московская олимпиада по истории;
104;mosh;география;Московская олимпиада по географии;
106;mosh;обществознание;Московская олимпиада по обществознанию;
107;mosh;;Московская олимпиада по биологии;
108;mosh;физика;Московская олимпиада по физике;
109;mosh;химия;Московская олимпиада по химии;
110;mosh;экономика;Московская олимпиада по экономике;
111;mosh;право;Московская олимпиада по праву;
113;mosh;;Московская олимпиада по труду (технологии);
126;mosh;изобразительное искусство;Московская олимпиада по изобразительному искусству;
5346;mosh;робототехника;Московская олимпиада по робототехнике;
5372;mosh;;Московская олимпиада по комплексной безопасности;
5451;mosh;финансовая грамотность;Московская олимпиада по финансовой грамотности;
5466;mosh;предпрофессиональная;Московская предпрофессиональная олимпиада;
5470;mosh;история искусств;Московская олимпиада по истории искусств;
5675;mosh;экология;Московская олимпиада по экологии;
5753;mosh;генетика;Московская олимпиада по генетике;
6955;mosh;;Московская олимпиада по арабскому языку;
6961;mosh;;Московская олимпиада по информационной безопасности;
6981;mosh;;Московская олимпиада по биоэкономике;Биоэкономика не совпадает с профилем «экономика» МОШ.
5033;music-olympiad;теория и история музыки;Международная музыкальная олимпиада по предмету «Теория и история музыки»;
5034;music-olympiad;инструменты народного оркестра;Международная музыкальная олимпиада по предмету «Инструменты народного оркестра»;
5035;music-olympiad;струнные инструменты;Международная музыкальная олимпиада по предмету «Струнные инструменты»;
5039;music-olympiad;хоровое дирижирование;Международная музыкальная олимпиада по предмету «Хоровое дирижирование»;
5354;music-olympiad;музыкальная педагогика и исполнительство;Международная музыкальная олимпиада по предмету «Музыкальная педагогика и исполнительство»;
5911;music-olympiad;духовые и ударные инструменты;Международная музыкальная олимпиада по предмету «Деревянные духовые инструменты»;
5912;music-olympiad;фортепиано;Международная музыкальная олимпиада по предмету «Фортепиано»;
5369;nto;*;Национальная технологическая олимпиада для школьников 8-11 классов;"Карточка охватывает все профили НТО; уровень зависит от профиля."
5041;ocean-of-knowledge;;Олимпиада «Океан знаний» по математике;
5042;ocean-of-knowledge;;Олимпиада «Океан знаний» по физике;
5043;ocean-of-knowledge;;Олимпиада «Океан знаний» по химии;
5044;ocean-of-knowledge;;Олимпиада «Океан знаний» по биологии;
5047;ocean-of-knowledge;;Олимпиада «Океан знаний» по русскому языку;
5049;ocean-of-knowledge;;Олимпиада «Океан знаний» по истории;
5050;ocean-of-knowledge;;Олимпиада «Океан знаний» по обществознанию;
6;omo;математика;Объединенная межвузовская математическая олимпиада;
5353;open-chemistry;химия;Открытая химическая олимпиада;
4357;open-olympiad;информатика;Открытая олимпиада школьников (информатика);
23;open-programming;информатика;Открытая олимпиада по программированию;
469;ormo;география;Открытая региональная межвузовская олимпиада школьников по географии;
470;ormo;история;Открытая региональная межвузовская олимпиада школьников по истории;
471;ormo;литература;Открытая региональная межвузовская олимпиада школьников по литературе;
472;ormo;физика;Открытая региональная межвузовская олимпиада школьников по физике;
473;ormo;химия;Открытая региональная межвузовская олимпиада школьников по химии;
5355;ormo;;Открытая региональная межвузовская олимпиада школьников по математике;
5437;ormo;русский язык;Открытая региональная межвузовская олимпиада школьников по русскому языку;
5438;ormo;;Открытая региональная межвузовская олимпиада школьников по издательскому делу;
6973;ormo;;Открытая региональная межвузовская олимпиада школьников по биологии;
6974;ormo;;Открытая региональная межвузовская олимпиада школьников по информатике;
194;orthodox-culture;основы православной культуры;Олимпиада школьников «Основы православной культуры»;
279;phystech;научно-технический;Научно-техническая олимпиада «Старт в науку»;
394;phystech;физика;Олимпиада школьников «Физтех» по физике;
395;phystech;математика;Олимпиада школьников «Физтех» по математике;
5735;phystech;биология;Олимпиада школьников «Физтех» по биологии;
5839;phystech;;Олимпиада школьников «Физтех» по русскому языку;
5882;phystech;инженерное дело;Олимпиада школьников «Физтех.Инженер»;
5898;phystech;информатика и программирование;Олимпиада «Физтех.Код будущего»;
6923;phystech;химия;Олимпиада школьников «Физтех» по химии;
5777;pirogov;биология;Пироговская олимпиада по биологии;
5013;plekhanov;русский язык;Плехановская олимпиада по русскому языку;
5015;plekhanov;;Плехановская олимпиада по информатике;
5172;plekhanov;экономика;Плехановская олимпиада по экономике;
5635;plekhanov;финансовая грамотность;Плехановская олимпиада по финансовой грамотности;
5709;plekhanov;;Плехановская олимпиада по предпринимательству;
5710;plekhanov;иностранный язык;Плехановская олимпиада по иностранным языкам;
5827;plekhanov;;Плехановская олимпиада по журналистике;
6966;plekhanov;;Плехановская олимпиада по беспилотным авиационным системам;
6967;plekhanov;;Плехановская олимпиада по экологии;
115;pokori-vorobyovy-gory;математика;Олимпиада «Покори Воробьевы горы!» по математике;
116;pokori-vorobyovy-gory;обществознание;Олимпиада «Покори Воробьевы горы!» по обществознанию;
163;pokori-vorobyovy-gory;иностранный язык;Олимпиада «Покори Воробьевы горы!» по иностранным языкам;
164;pokori-vorobyovy-gory;история;Олимпиада «Покори Воробьевы горы!» по истории;
165;pokori-vorobyovy-gory;литература;Олимпиада «Покори Воробьевы горы!» по литературе;
166;pokori-vorobyovy-gory;физика;Олимпиада «Покори Воробьевы горы!» по физике;
5444;pokori-vorobyovy-gory;география;Олимпиада «Покори Воробьевы горы!» по географии;
5445;pokori-vorobyovy-gory;журналистика;Олимпиада «Покори Воробьевы горы!» по журналистике;
5008;ranepa;иностранный язык;Олимпиада РАНХиГС по иностранному языку;
5009;ranepa;обществознание;Олимпиада РАНХиГС по обществознанию;
5285;ranepa;история;Олимпиада РАНХиГС по истории;
5411;ranepa;журналистика;Олимпиада РАНХиГС по журналистике;
5412;ranepa;экономика;Олимпиада РАНХиГС по экономике;
5415;ranepa;политология;Олимпиада РАНХиГС по политологии;
5772;ranepa;финансовая грамотность;Олимпиада РАНХиГС по финансовой грамотности;
6962;ranepa;;Олимпиада РАНХиГС по филологии;
5894;real-science;;Олимпиада «Твой путь в настоящую науку»;
390;rggu;иностранный язык;Олимпиада РГГУ для школьников по иностранным языкам;
391;rggu;русский язык;Олимпиада РГГУ для школьников по русскому языку;
392;rggu;история;Олимпиада РГГУ для школьников по истории;
393;rggu;обществознание;Олимпиада РГГУ для школьников по обществознанию;
5360;rggu;литература;Олимпиада РГГУ для школьников по литературе;
411;rosatom;математика;Олимпиада «Росатом» по математике;
412;rosatom;физика;Олимпиада «Росатом» по физике;
5881;rosatom;информатика;Олимпиада «Росатом» по информатике;
225;sarkisov;химия;Химическая олимпиада имени академика П. Д. Саркисова;
5148;sechenov;химия;Всероссийская Сеченовская олимпиада школьников по химии;
242;sibiriada;экономика;Олимпиада по экономике в рамках международного экономического фестиваля «Сибириада. Шаг в мечту»;
287;spb-astronomy;астрономия;Санкт-Петербургская астрономическая олимпиада;
241;spb-city-physics;;Санкт-Петербургская олимпиада школьников по физике;С 2026 года на olimpiada.ru называется «Санкт-Петербургская олимпиада школьников по физике».
246;spb-olympiad;математика;Санкт-Петербургская олимпиада школьников по математике;
124;spbu;биология;Олимпиада СПбГУ по биологии;
442;spbu;обществознание;Олимпиада СПбГУ по обществознанию;
443;spbu;математика;Олимпиада СПбГУ по математике;
444;spbu;физика;Олимпиада СПбГУ по физике;
445;spbu;химия;Олимпиада СПбГУ по химии;
446;spbu;география;Олимпиада СПбГУ по географии;
447;spbu;право;Олимпиада СПбГУ по праву;
459;spbu;история;Олимпиада СПбГУ по истории;
460;spbu;филология;Олимпиада СПбГУ по филологии;
461;spbu;иностранный язык;Олимпиада СПбГУ по иностранным языкам;
462;spbu;гуманитарные и социальные науки;Олимпиада СПбГУ по гуманитарным и социальным наукам;
463;spbu;медицина;Олимпиада СПбГУ по медицине;
464;spbu;экономика;Олимпиада СПбГУ по экономике;
465;spbu;информатика;Олимпиада СПбГУ по информатике;
5289;spbu;журналистика;Олимпиада СПбГУ по журналистике;
5290;spbu;;Олимпиада СПбГУ «Современный менеджер»;
5345;spbu;инженерные системы;Олимпиада СПбГУ «Инженерные системы»;
5828;spbu;математическое моделирование и искусственный интеллект;Олимпиада СПбГУ по математическому моделированию и искусственному интеллекту;
5829;spbu;международные отношения;Олимпиада СПбГУ по международным отношениям;
5830;spbu;политология;Олимпиада СПбГУ по политологии;
5831;spbu;философия;Олимпиада СПбГУ по философии, этике и религиоведению;
5838;spbu;психология;Олимпиада СПбГУ по психологии;
6965;spbu;;Олимпиада СПбГУ по теологии;
168;step-into-future;математика;Олимпиада «Шаг в будущее» по математике;
169;step-into-future;физика;Олимпиада «Шаг в будущее» по физике;
170;step-into-future;инженерное дело;Олимпиада «Шаг в будущее» по инженерному делу;
406;step-into-future;информатика;Олимпиада «Шаг в будущее» по информатике;
5362;step-into-future;компьютерное моделирование и графика;Олимпиада «Шаг в будущее» по компьютерному моделированию и графике;
5790;step-into-future;химия;Олимпиада «Шаг в будущее» по химии;
5298;tatlin;графика|композиция|рисунок;Межрегиональная олимпиада имени В. Е. Татлина;
5371;technocup;информатика;Олимпиада по программированию «Технокубок»;
5207;tolstoy;история;Всероссийская Толстовская олимпиада школьников по истории;
5428;tolstoy;литература;Всероссийская Толстовская олимпиада школьников по литературе;
5443;tolstoy;обществознание;Всероссийская Толстовская олимпиада школьников по обществознанию;
5768;tolstoy;право;Всероссийская Толстовская олимпиада школьников по праву;
5805;tolstoy;;Всероссийская Толстовская олимпиада школьников по информатике;
5846;tolstoy;;Всероссийская Толстовская олимпиада школьников по педагогике;
6971;tolstoy;;Всероссийская Толстовская олимпиада школьников по биологии;
5;tournament-of-towns;;Турнир городов;
5405;umov-robofest;физика;Научно-практическая олимпиада имени Н.А. Умова по физике;
24;verchenko;математика и криптография;Межрегиональная олимпиада школьников им. И. Я. Верченко по математике и криптографии;
5054;vernadsky;гуманитарные и социальные науки;Всероссийская академическая олимпиада имени В.И. Вернадского по истории и обществознанию;
5726;vguyu-law;право;Олимпиада школьников «В мир права»;
315;vsesib;математика;Всесибирская открытая олимпиада школьников по математике;
316;vsesib;информатика;Всесибирская открытая олимпиада школьников по информатике;
317;vsesib;химия;Всесибирская открытая олимпиада школьников по химии;
318;vsesib;биология;Всесибирская открытая олимпиада школьников по биологии;
319;vsesib;физика;Всесибирская открытая олимпиада школьников по физике;
75;vsosh-astronomy;;Всероссийская олимпиада по астрономии;
77;vsosh-biology;;Всероссийская олимпиада по биологии;
76;vsosh-chemistry;;Всероссийская олимпиада по химии;
78;vsosh-ecology;;Всероссийская олимпиада по экологии;
86;vsosh-economics;;Всероссийская олимпиада по экономике;
73;vsosh-informatics;;Всероссийская олимпиада по информатике;
72;vsosh-mathematics;;Всероссийская олимпиада по математике;
74;vsosh-physics;;Всероссийская олимпиада по физике;
85;vsosh-social-studies;;Всероссийская олимпиада по обществознанию;
5059;vuz-academic-informatics;;Вузовско-академическая олимпиада по информатике;
208;young-talents;;Олимпиада «Юные таланты» по экономике;
209;young-talents;;Олимпиада «Юные таланты» по информатике;
210;young-talents;;Олимпиада «Юные таланты» по русскому языку;
211;young-talents;география;Олимпиада «Юные таланты» по географии;
222;young-talents;химия;Олимпиада «Юные таланты» по химии;
425;young-talents;;Олимпиада «Юные таланты» по философии;
426;young-talents;;Олимпиада «Юные таланты» по социологии;
427;young-talents;;Олимпиада «Юные таланты» по обществознанию;
430;young-talents;геология;Олимпиада «Юные таланты» по геологии;
431;young-talents;;Олимпиада «Юные таланты» по журналистике;
435;young-talents;;Олимпиада «Юные таланты» по иностранным языкам;
436;young-talents;;Олимпиада «Юные таланты» по истории;
5573;young-talents;;Олимпиада «Юные таланты» по математике;
66;yumsh;математика;Олимпиада Юношеской математической школы;
5106;zvezda;;Многопрофильная инженерная олимпиада «Звезда» по истории;
5107;zvezda;;Многопрофильная инженерная олимпиада «Звезда» по обществознанию;
5108;zvezda;;Многопрофильная инженерная олимпиада «Звезда» по русскому языку;
5112;zvezda;;Многопрофильная инженерная олимпиада «Звезда» по экономике;
5113;zvezda;;Многопрофильная инженерная олимпиада «Звезда» по праву;
5218;zvezda;;Многопрофильная инженерная олимпиада «Звезда» по психологии;
5322;zvezda;естественные науки;Многопрофильная инженерная олимпиада «Звезда» по естественным наукам;
5661;zvezda;;Многопрофильная инженерная олимпиада «Звезда» по международным отношениям;
5662;zvezda;;Многопрофильная инженерная олимпиада «Звезда» по переводу и переводоведению;
5663;zvezda;техника и технологии;Многопрофильная инженерная олимпиада «Звезда» по технике и технологии;
6954;zvezda;;Многопрофильная инженерная олимпиада «Звезда» по математике;
6957;zvezda;;Многопрофильная инженерная олимпиада «Звезда» по общественным наукам;
82;vsosh-geography;;Всероссийская олимпиада по географии;
84;vsosh-history;;Всероссийская олимпиада по истории;
83;vsosh-literature;;Всероссийская олимпиада по литературе;
87;vsosh-law;;Всероссийская олимпиада по праву;
80;vsosh-russian;;Всероссийская олимпиада по русскому языку;
88;vsosh-foreign-languages;;Всероссийская олимпиада по английскому языку;
98;vsosh-foreign-languages;;Всероссийская олимпиада по немецкому языку;
89;vsosh-foreign-languages;;Всероссийская олимпиада по французскому языку;
5301;vsosh-foreign-languages;;Всероссийская олимпиада по испанскому языку;
5302;vsosh-foreign-languages;;Всероссийская олимпиада по итальянскому языку;
5303;vsosh-foreign-languages;;Всероссийская олимпиада по китайскому языку;
232;levsha-heirs;;Олимпиада «Наследники Левши»;
206;umnitsy;;Телевизионная гуманитарная олимпиада школьников «Умницы и умники»;
