ID;Название;Предмет;Классы;Класс от;Класс до;Формат;Тип участия;Рейтинг;Статус;Статус исходный;Календарь;Календарь статус;Календарь исходный;Расписание обновлено;Источник календаря;Уровень олимпиады;Профиль уровня;Статус уровня;Источник уровня;Дата проверки;Организатор;Контакты;Документы;Описание;Особенности;Источник;URL
124;Олимпиада СПбГУ по биологии;Биология;5–11 классы;5.0;11.0;Очно-заочная;Личная;7.8;Расписание не опубликовано;Расписание следующей олимпиады ожидается в октябре 2026 года;Публикация расписания: ожидается в октябре 2026 года;Частично заполнен по текущему статусу;Расписание олимпиады в этом году пока не известно;;https://olimpiada.ru/activity/124;—;;Уровень задаётся справочником серий: data/reference;;27.09.2026;Санкт-Петербургский государственный университет;"olympiada.spbu.ru; bio-olymp@spbu.ru";Положение и регламент;Олимпиада школьников СПбГУ по биологии стартовала в 2006/07 учебном году. Раньше она проводилась исключительно для учащихся выпускных классов, теперь в ней могут участвовать ученики 5-11 классов. Олимпиада состоит из двух этапов: отборочный, заочный, и заключительный, очный. На выполнение заданий заочного этапа дается один час. Участники, успешно выполнившие задания отборочного этапа, приглашаются в финал.;Личная | Участник самостоятельно выполняет задания | Очно-заочная | Нужно пройти дистанционный отбор, чтобы участвовать в очном финале;Объединение: Олимпиада СПбГУ;https://olimpiada.ru/activity/124
246;Санкт-Петербургская олимпиада школьников по математике;Математика;6–11 классы;6.0;11.0;Очная;Личная;8.6;Этап запланирован;Районный тур пройдет 14 ноября;Районный тур: 14 ноя;Опубликован;"Районный тур
14 ноя";Обновлено 21 сентября;https://olimpiada.ru/activity/246;—;;Уровень задаётся справочником серий: data/reference;;27.09.2026;"Комитет по образованию администрации Санкт-Петербурга; Дворец творчества юных; Российский государственный педагогический университет; Санкт-Петербургский государственный университет; Санкт-Петербургское отделение Математического института РАН";"http://www.pdmi.ras.ru/~olymp/index.html; olymp@pdmi.ras.ru";Положение;Петербургская математическая олимпиада – старейшая в стране. Впервые соревнование прошло в Ленинграде в 1934 году. Его отличительная черта – наличие устных туров, на которых участники не записывают решения задач, а рассказывают их членам жюри. Школьники 6-11 классов соревнуются в двух турах: районном и городском. Первый тур включает письменное решение 4-5 задач. Второй тур проводится в устной форме, а предлагаемый вариант заданий состоит из 6-7 задач.;Личная | Участник самостоятельно выполняет задания | Очная | Для участия нужно прийти в заранее известное место проведения;Каталог /activities;https://olimpiada.ru/activity/246
315;Всесибирская открытая олимпиада школьников по математике;Математика;7–11 классы;7.0;11.0;Очно-заочная;Личная;8.3;Регистрация откроется позже;Регистрация на отборочный этап откроется 28 сентября;"Регистрация на отборочный этап: 28 сен—16 окт
Отборочный этап: 18 окт
Регистрация на заключительный этап: 1—12 фев
Заключительный этап: 14 фев";Опубликован;"Регистрация на отборочный этап
28 сен—16 окт
Отборочный этап
18 окт
Регистрация на заключительный этап
1—12 фев
Заключительный этап
14 фев";Обновлено 20 августа;https://olimpiada.ru/activity/315;—;;Уровень задаётся справочником серий: data/reference;;27.09.2026;Новосибирский национальный исследовательский государственный университет;https://sesc.nsu.ru/olymp-vsesib/sections/maths/;Положение и регламент;Всесибирская олимпиада по математике проводится с 1962 года. Состязание для всех желающих учеников 7-11 классов проходит в два этапа – отборочный и заключительный. Для участия требуется регистрация. Первый этап проходит очно на площадках в регионах России и странах СНГ. Участников, успешно справившихся с заданиями отбора, пригласят на заключительный этап. Финал также проводится в очном формате.;Личная | Участник самостоятельно выполняет задания | Очно-заочная | Нужно пройти дистанционный отбор, чтобы участвовать в очном финале;Объединение: Всесибирская открытая олимпиада школьников;https://olimpiada.ru/activity/315
316;Всесибирская открытая олимпиада школьников по информатике;Информатика;7–11 классы;7.0;11.0;Очно-заочная;Личная;7.8;Регистрация откроется позже;Регистрация на отборочный этап откроется 19 октября;"Регистрация на отборочный этап: 19 окт—6 ноя
Отборочный этап: 8 ноя
Регистрация на заключительный этап: 1—19 фев
Заключительный этап: 21 фев";Опубликован;"Регистрация на отборочный этап
19 окт—6 ноя
Отборочный этап
8 ноя
Регистрация на заключительный этап
1—19 фев
Заключительный этап
21 фев";Обновлено 1 сентября;https://olimpiada.ru/activity/316;—;;Уровень задаётся справочником серий: data/reference;;27.09.2026;Новосибирский национальный исследовательский государственный университет;https://sesc.nsu.ru/olymp-vsesib/sections/informatics/;Положение и регламент;Олимпиада по информатике проходит для учащихся 7-11 классов в два этапа: отборочный и заключительный. Очный отборочный этап проходит в один день, на выполнение заданий дается несколько часов. Перед состязанием участникам нужно заранее зарегистрироваться. Победителей и призеров отбора пригласят на заключительный этап. Финал проходит в очном формате в Новосибирске, Москве и других городах России и странах СНГ.;Личная | Участник самостоятельно выполняет задания | Очно-заочная | Нужно пройти дистанционный отбор, чтобы участвовать в очном финале;Объединение: Всесибирская открытая олимпиада школьников;https://olimpiada.ru/activity/316
317;Всесибирская открытая олимпиада школьников по химии;Химия;7–11 классы;7.0;11.0;Очно-заочная;Личная;7.8;Регистрация откроется позже;Регистрация на отборочный этап откроется 26 октября;"Регистрация на отборочный этап: 26 окт—20 ноя
Отборочный этап: 22 ноя
Регистрация на заключительный этап: 1—26 фев
Заключительный этап: 28 фев";Опубликован;"Регистрация на отборочный этап
26 окт—20 ноя
Отборочный этап
22 ноя
Регистрация на заключительный этап
1—26 фев
Заключительный этап
28 фев";Обновлено 20 августа;https://olimpiada.ru/activity/317;—;;Уровень задаётся справочником серий: data/reference;;27.09.2026;Новосибирский национальный исследовательский государственный университет;https://sesc.nsu.ru/olymp-vsesib/sections/chemistry/;Положение и регламент;Олимпиада по химии проводится для учеников 7-11 классов. Состязание включает два этапа: отборочный и заключительный. Первый отборочный этап проходит в очном формате – участники могут выбрать удобную площадку проведения и на ней выполнять задания. Победителей и призеров отборочного этапа приглашают в финал. Он проводится очно в Новосибирске и других городах России и странах СНГ.;Личная | Участник самостоятельно выполняет задания | Очно-заочная | Нужно пройти дистанционный отбор, чтобы участвовать в очном финале;Объединение: Всесибирская открытая олимпиада школьников;https://olimpiada.ru/activity/317
318;Всесибирская открытая олимпиада школьников по биологии;Биология;7–11 классы;7.0;11.0;Очно-заочная;Личная;8.6;Регистрация откроется позже;Регистрация на отборочный этап откроется 12 октября;"Регистрация на отборочный этап: 12—30 окт
Отборочный этап: 1 ноя
Регистрация на заключительный этап: 1 фев—5 мар
Заключительный этап: 7 мар";Опубликован;"Регистрация на отборочный этап
12—30 окт
Отборочный этап
1 ноя
Регистрация на заключительный этап
1 фев—5 мар
Заключительный этап
7 мар";Обновлено 20 августа;https://olimpiada.ru/activity/318;—;;Уровень задаётся справочником серий: data/reference;;27.09.2026;Новосибирский национальный исследовательский государственный университет;https://sesc.nsu.ru/olymp-vsesib/sections/biology/;Положение и регламент;Состязание по биологии проводится для учащихся 7-11 классов. Олимпиада проходит в два этапа: отборочный и заключительный. Для участия в соревновании необходимо зарегистрироваться. Отборочный этап проходит очно, его победителей и призеров состязаний приглашают в финал. Заключительный этап проводится в очном формате в городах России и странах СНГ.;Личная | Участник самостоятельно выполняет задания | Очно-заочная | Нужно пройти дистанционный отбор, чтобы участвовать в очном финале;Объединение: Всесибирская открытая олимпиада школьников;https://olimpiada.ru/activity/318
319;Всесибирская открытая олимпиада школьников по физике;Физика;7–11 классы;7.0;11.0;Очно-заочная;Личная;7.6;Регистрация откроется позже;Регистрация на отборочный этап откроется 26 октября;"Регистрация на отборочный этап: 26 окт—13 ноя
Отборочный этап: 15 ноя
Регистрация на заключительный этап: 1 фев—12 мар
Заключительный этап: 14 мар";Опубликован;"Регистрация на отборочный этап
26 окт—13 ноя
Отборочный этап
15 ноя
Регистрация на заключительный этап
1 фев—12 мар
Заключительный этап
14 мар";Обновлено 20 августа;https://olimpiada.ru/activity/319;—;;Уровень задаётся справочником серий: data/reference;;27.09.2026;Новосибирский национальный исследовательский государственный университет;https://sesc.nsu.ru/olymp-vsesib/sections/physics/;Положение и регламент;Всесибирская физико-математическая олимпиада была организована еще в 1962 году. Сейчас соревнование по физике проходит для всех желающих учеников 7-11 классов. Олимпиада проводится в два этапа: отборочный и заключительный. Для участия нужно зарегистрироваться, приехать на удобную площадку проведения и выполнить задания. Победителей и призеров отборочного этапа, а также дипломантов заключительного этапа прошлого года приглашают в финал. Соревнование проводится в очном формате в регионах России и странах СНГ.;Личная | Участник самостоятельно выполняет задания | Очно-заочная | Нужно пройти дистанционный отбор, чтобы участвовать в очном финале;Объединение: Всесибирская открытая олимпиада школьников;https://olimpiada.ru/activity/319
372;Олимпиада Казанского федерального университета по русскому языку;Русский язык;8–11 классы;8.0;11.0;Очно-заочная;Личная;8.0;Этап запланирован;Отборочный этап начнется 26 октября;"Отборочный этап: 26 окт—23 ноя
Заключительный этап: 13 янв—7 фев";Опубликован;"Отборочный этап
26 окт—23 ноя
Заключительный этап
13 янв—7 фев";Обновлено 14 сентября;https://olimpiada.ru/activity/372;—;;Уровень задаётся справочником серий: data/reference;;27.09.2026;Казанский (Приволжский) федеральный университет;"malun.kpfu.ru/mpo; mpo@kpfu.ru";"Положение; Регламент";;Личная | Участник самостоятельно выполняет задания | Очно-заочная | Нужно пройти дистанционный отбор, чтобы участвовать в очном финале;Объединение: Олимпиада Казанского федерального университета;https://olimpiada.ru/activity/372
373;Олимпиада Казанского федерального университета по татарскому языку;Татарский язык;8–11 классы;8.0;11.0;Очно-заочная;Личная;5.7;Этап запланирован;Отборочный этап начнется 26 октября;"Отборочный этап: 26 окт—23 ноя
Заключительный этап: 13 янв—7 фев";Опубликован;"Отборочный этап
26 окт—23 ноя
Заключительный этап
13 янв—7 фев";Обновлено 14 сентября;https://olimpiada.ru/activity/373;—;;Уровень задаётся справочником серий: data/reference;;27.09.2026;Казанский (Приволжский) федеральный университет;"malun.kpfu.ru/mpo; mpo@kpfu.ru";"Положение; Регламент";;Личная | Участник самостоятельно выполняет задания | Очно-заочная | Нужно пройти дистанционный отбор, чтобы участвовать в очном финале;Объединение: Олимпиада Казанского федерального университета;https://olimpiada.ru/activity/373
375;Олимпиада Казанского федерального университета по математике;Математика;5–11 классы;5.0;11.0;Очно-заочная;Личная;8.1;Следующий цикл ожидается;Следующее соревнование начнется в ноябре 2026 года;Следующее соревнование: Следующее соревнование начнется в ноябре 2026 года;Частично заполнен по текущему статусу;Расписание олимпиады в этом году пока не известно;;https://olimpiada.ru/activity/375;—;;Уровень задаётся справочником серий: data/reference;;27.09.2026;Казанский (Приволжский) федеральный университет;"malun.kpfu.ru/mpo; mpo@kpfu.ru";"Положение; Регламент";;Личная | Участник самостоятельно выполняет задания | Очно-заочная | Нужно пройти дистанционный отбор, чтобы участвовать в очном финале;Объединение: Олимпиада Казанского федерального университета;https://olimpiada.ru/activity/375
376;Олимпиада Казанского федерального университета по физике;Физика;7–11 классы;7.0;11.0;Очно-заочная;Личная;7.8;Следующий цикл ожидается;Следующее соревнование начнется в ноябре 2026 года;Следующее соревнование: Следующее соревнование начнется в ноябре 2026 года;Частично заполнен по текущему статусу;Расписание олимпиады в этом году пока не известно;;https://olimpiada.ru/activity/376;—;;Уровень задаётся справочником серий: data/reference;;27.09.2026;Казанский (Приволжский) федеральный университет;"malun.kpfu.ru/mpo; mpo@kpfu.ru";"Положение; Регламент";;Личная | Участник самостоятельно выполняет задания | Очно-заочная | Нужно пройти дистанционный отбор, чтобы участвовать в очном финале;Объединение: Олимпиада Казанского федерального университета;https://olimpiada.ru/activity/376
377;Олимпиада Казанского федерального университета по информатике;Информатика;9–11 классы;9.0;11.0;Очно-заочная;Личная;7.8;Следующий цикл ожидается;Следующее соревнование начнется в ноябре 2026 года;Следующее соревнование: Следующее соревнование начнется в ноябре 2026 года;Частично заполнен по текущему статусу;Расписание олимпиады в этом году пока не известно;;https://olimpiada.ru/activity/377;—;;Уровень задаётся справочником серий: data/reference;;27.09.2026;Казанский (Приволжский) федеральный университет;"malun.kpfu.ru/mpo; mpo@kpfu.ru";"Положение; Регламент";;Личная | Участник самостоятельно выполняет задания | Очно-заочная | Нужно пройти дистанционный отбор, чтобы участвовать в очном финале;Объединение: Олимпиада Казанского федерального университета;https://olimpiada.ru/activity/377
378;Олимпиада Казанского федерального университета по биологии;Биология;9–11 классы;9.0;11.0;Очно-заочная;Личная;8.1;Этап запланирован;Отборочный этап начнется 26 октября;"Отборочный этап: 26 окт—23 ноя
Заключительный этап: 13 янв—7 фев";Опубликован;"Отборочный этап
26 окт—23 ноя
Заключительный этап
13 янв—7 фев";Обновлено 14 сентября;https://olimpiada.ru/activity/378;—;;Уровень задаётся справочником серий: data/reference;;27.09.2026;Казанский (Приволжский) федеральный университет;"malun.kpfu.ru/mpo; mpo@kpfu.ru";"Положение; Регламент";;Личная | Участник самостоятельно выполняет задания | Очно-заочная | Нужно пройти дистанционный отбор, чтобы участвовать в очном финале;Объединение: Олимпиада Казанского федерального университета;https://olimpiada.ru/activity/378
379;Олимпиада Казанского федерального университета по химии;Химия;8–11 классы;8.0;11.0;Очно-заочная;Личная;8.2;Этап запланирован;Отборочный этап начнется 26 октября;"Отборочный этап: 26 окт—23 ноя
Заключительный этап: 13 янв—7 фев";Опубликован;"Отборочный этап
26 окт—23 ноя
Заключительный этап
13 янв—7 фев";Обновлено 14 сентября;https://olimpiada.ru/activity/379;—;;Уровень задаётся справочником серий: data/reference;;27.09.2026;Казанский (Приволжский) федеральный университет;"malun.kpfu.ru/mpo; mpo@kpfu.ru";"Положение; Регламент";;Личная | Участник самостоятельно выполняет задания | Очно-заочная | Нужно пройти дистанционный отбор, чтобы участвовать в очном финале;Объединение: Олимпиада Казанского федерального университета;https://olimpiada.ru/activity/379
380;Олимпиада Казанского федерального университета по географии;География;8–11 классы;8.0;11.0;Очно-заочная;Личная;7.1;Этап запланирован;Отборочный этап начнется 26 октября;"Отборочный этап: 26 окт—23 ноя
Заключительный этап: 13 янв—7 фев";Опубликован;"Отборочный этап
26 окт—23 ноя
Заключительный этап
13 янв—7 фев";Обновлено 14 сентября;https://olimpiada.ru/activity/380;—;;Уровень задаётся справочником серий: data/reference;;27.09.2026;Казанский (Приволжский) федеральный университет;"malun.kpfu.ru/mpo; mpo@kpfu.ru";"Положение; Регламент";;Личная | Участник самостоятельно выполняет задания | Очно-заочная | Нужно пройти дистанционный отбор, чтобы участвовать в очном финале;Объединение: Олимпиада Казанского федерального университета;https://olimpiada.ru/activity/380
382;Олимпиада Казанского федерального университета по истории;История;9–11 классы;9.0;11.0;Очно-заочная;Личная;7.5;Этап запланирован;Отборочный этап начнется 26 октября;"Отборочный этап: 26 окт—23 ноя
Заключительный этап: 13 янв—7 фев";Опубликован;"Отборочный этап
26 окт—23 ноя
Заключительный этап
13 янв—7 фев";Обновлено 14 сентября;https://olimpiada.ru/activity/382;—;;Уровень задаётся справочником серий: data/reference;;27.09.2026;Казанский (Приволжский) федеральный университет;"malun.kpfu.ru/mpo; mpo@kpfu.ru";"Положение; Регламент";;Личная | Участник самостоятельно выполняет задания | Очно-заочная | Нужно пройти дистанционный отбор, чтобы участвовать в очном финале;Объединение: Олимпиада Казанского федерального университета;https://olimpiada.ru/activity/382
383;Олимпиада Казанского федерального университета по литературе;Литература;8–11 классы;8.0;11.0;Очно-заочная;Личная;7.5;Этап запланирован;Отборочный этап начнется 26 октября;"Отборочный этап: 26 окт—23 ноя
Заключительный этап: 13 янв—7 фев";Опубликован;"Отборочный этап
26 окт—23 ноя
Заключительный этап
13 янв—7 фев";Обновлено 14 сентября;https://olimpiada.ru/activity/383;—;;Уровень задаётся справочником серий: data/reference;;27.09.2026;Казанский (Приволжский) федеральный университет;"malun.kpfu.ru/mpo; mpo@kpfu.ru";"Положение; Регламент";;Личная | Участник самостоятельно выполняет задания | Очно-заочная | Нужно пройти дистанционный отбор, чтобы участвовать в очном финале;Объединение: Олимпиада Казанского федерального университета;https://olimpiada.ru/activity/383
384;Олимпиада Казанского федерального университета по обществознанию;Обществознание;9–11 классы;9.0;11.0;Очно-заочная;Личная;8.0;Этап запланирован;Отборочный этап начнется 26 октября;"Отборочный этап: 26 окт—23 ноя
Заключительный этап: 13 янв—7 фев";Опубликован;"Отборочный этап
26 окт—23 ноя
Заключительный этап
13 янв—7 фев";Обновлено 14 сентября;https://olimpiada.ru/activity/384;—;;Уровень задаётся справочником серий: data/reference;;27.09.2026;Казанский (Приволжский) федеральный университет;"malun.kpfu.ru/mpo; mpo@kpfu.ru";"Положение; Регламент";;Личная | Участник самостоятельно выполняет задания | Очно-заочная | Нужно пройти дистанционный отбор, чтобы участвовать в очном финале;Объединение: Олимпиада Казанского федерального университета;https://olimpiada.ru/activity/384
442;Олимпиада СПбГУ по обществознанию;Обществознание;8–11 классы;8.0;11.0;Очно-заочная;Личная;8.6;Расписание не опубликовано;Расписание следующей олимпиады ожидается в октябре 2026 года;Публикация расписания: ожидается в октябре 2026 года;Частично заполнен по текущему статусу;Расписание олимпиады в этом году пока не известно;;https://olimpiada.ru/activity/442;—;;Уровень задаётся справочником серий: data/reference;;27.09.2026;Санкт-Петербургский государственный университет;"olympiada.spbu.ru; society-olymp@spbu.ru";Положение и регламент;Олимпиада по обществознанию в СПбГУ впервые была проведена в 2006 году и с тех пор является одной из наиболее популярных среди учащихся России и стран СНГ. Участвовать могут ученики 8-11 классов. Состязание проводится в два этапа. Отборочный этап проходит заочно, ребята выполняют задания через интернет. Заочный этап длится один час и включает широкий спектр вопросов, связанных с современными общественными явлениями и процессами. Заключительный этап проводится для учеников, успешно прошедших отбор, а также победителей и призеров финала прошлого года.;Личная | Участник самостоятельно выполняет задания | Очно-заочная | Нужно пройти дистанционный отбор, чтобы участвовать в очном финале;Объединение: Олимпиада СПбГУ;https://olimpiada.ru/activity/442
443;Олимпиада СПбГУ по математике;Математика;6–11 классы;6.0;11.0;Очно-заочная;Личная;8.3;Расписание не опубликовано;Расписание следующей олимпиады ожидается в октябре 2026 года;Публикация расписания: ожидается в октябре 2026 года;Частично заполнен по текущему статусу;Расписание олимпиады в этом году пока не известно;;https://olimpiada.ru/activity/443;—;;Уровень задаётся справочником серий: data/reference;;27.09.2026;Санкт-Петербургский государственный университет;"olympiada.spbu.ru; math-olymp@spbu.ru";Положение и регламент;Олимпиада СПбГУ по математике является одним из старейших математических состязаний для школьников в стране. В ней участвуют ученики 6-11 классов. Соревнование включает отборочный и заключительный этапы. Отбор проходит заочно, приступить к заданиям можно после регистрации. На решения дается 1,5 часа. Обратите внимание, при выставлении итогового балла за работу оценивается как правильность данного ответа, так и ход решения соответствующего задания. Победителей и призеров отборочного этапа приглашают на финальные испытания.;Личная | Участник самостоятельно выполняет задания | Очно-заочная | Нужно пройти дистанционный отбор, чтобы участвовать в очном финале;Объединение: Олимпиада СПбГУ;https://olimpiada.ru/activity/443
444;Олимпиада СПбГУ по физике;Физика;8–11 классы;8.0;11.0;Очно-заочная;Личная;8.4;Расписание не опубликовано;Расписание следующей олимпиады ожидается в октябре 2026 года;Публикация расписания: ожидается в октябре 2026 года;Частично заполнен по текущему статусу;Расписание олимпиады в этом году пока не известно;;https://olimpiada.ru/activity/444;—;;Уровень задаётся справочником серий: data/reference;;27.09.2026;Санкт-Петербургский государственный университет;"olympiada.spbu.ru; phys-olymp@spbu.ru";Положение и регламент;Олимпиада школьников СПбГУ по физике проводится, начиная с 1985 года. Сегодня состязание состоит из двух обязательных этапов: отборочного и заключительного. Отборочный этап проводится в заочном формате. На решение заданий у участников есть 1,5 астрономических часа. К участию в заключительном этапе допускаются победители и призеры отборочного этапа, а также дипломанты предыдущего учебного года.;Личная | Участник самостоятельно выполняет задания | Очно-заочная | Нужно пройти дистанционный отбор, чтобы участвовать в очном финале;Объединение: Олимпиада СПбГУ;https://olimpiada.ru/activity/444
445;Олимпиада СПбГУ по химии;Химия;8–11 классы;8.0;11.0;Очно-заочная;Личная;8.6;Расписание не опубликовано;Расписание следующей олимпиады ожидается в октябре 2026 года;Публикация расписания: ожидается в октябре 2026 года;Частично заполнен по текущему статусу;Расписание олимпиады в этом году пока не известно;;https://olimpiada.ru/activity/445;—;;Уровень задаётся справочником серий: data/reference;;27.09.2026;Санкт-Петербургский государственный университет;"olympiada.spbu.ru; chem-olymp@spbu.ru";Положение и регламент;Олимпиада школьников СПбГУ по химии была основана и регулярно проводится с 1996 года. Состязание для учеников 8-11 классов состоит из двух обязательных этапов: отборочного и заключительного... На выполнение заданий отборочного, заочного, этапа дается 2 астрономических часа. Победителей и призеров приглашают на заключительный этап.;Личная | Участник самостоятельно выполняет задания | Очно-заочная | Нужно пройти дистанционный отбор, чтобы участвовать в очном финале;Объединение: Олимпиада СПбГУ;https://olimpiada.ru/activity/445
446;Олимпиада СПбГУ по географии;География;6–11 классы;6.0;11.0;Очно-заочная;Личная;7.5;Расписание не опубликовано;Расписание следующей олимпиады ожидается в октябре 2026 года;Публикация расписания: ожидается в октябре 2026 года;Частично заполнен по текущему статусу;Расписание олимпиады в этом году пока не известно;;https://olimpiada.ru/activity/446;—;;Уровень задаётся справочником серий: data/reference;;27.09.2026;Санкт-Петербургский государственный университет;"olympiada.spbu.ru; geo-olymp@spbu.ru";Положение и регламент;Олимпиада школьников СПбГУ по географии проводится с 2006 года. Участвовать в соревновании могут ученики 6-11 классов. Состязание проходит в два этапа. Отбор проводится дистанционно. Для участия нужно зарегистрироваться и в удобное время приступить к решению заданий. Длительность их выполнения – один астрономический час. Победители и призеры отборочного этапа приглашаются на финал.;Личная | Участник самостоятельно выполняет задания | Очно-заочная | Нужно пройти дистанционный отбор, чтобы участвовать в очном финале;Объединение: Олимпиада СПбГУ;https://olimpiada.ru/activity/446
447;Олимпиада СПбГУ по праву;Право;7–11 классы;7.0;11.0;Очно-заочная;Личная;8.4;Расписание не опубликовано;Расписание следующей олимпиады ожидается в октябре 2026 года;Публикация расписания: ожидается в октябре 2026 года;Частично заполнен по текущему статусу;Расписание олимпиады в этом году пока не известно;;https://olimpiada.ru/activity/447;—;;Уровень задаётся справочником серий: data/reference;;27.09.2026;Санкт-Петербургский государственный университет;"olympiada.spbu.ru; law-olymp@spbu.ru";Положение и регламент;Идея подготовки юристов в Санкт-Петербургском государственном университете принадлежала Петру Великому. Сейчас СПбГУ проводит олимпиаду для школьников по праву, в которой могут поучаствовать все желающие ученики 7-11 классов... Олимпиада включает два этапа. Отборочный этап проходит заочно, участники выполняют тестовые задания. Победители и призеры приглашаются в финал.;Личная | Участник самостоятельно выполняет задания | Очно-заочная | Нужно пройти дистанционный отбор, чтобы участвовать в очном финале;Объединение: Олимпиада СПбГУ;https://olimpiada.ru/activity/447
459;Олимпиада СПбГУ по истории;История;6–11 классы;6.0;11.0;Очно-заочная;Личная;8.6;Расписание не опубликовано;Расписание следующей олимпиады ожидается в октябре 2026 года;Публикация расписания: ожидается в октябре 2026 года;Частично заполнен по текущему статусу;Расписание олимпиады в этом году пока не известно;;https://olimpiada.ru/activity/459;—;;Уровень задаётся справочником серий: data/reference;;27.09.2026;Санкт-Петербургский государственный университет;"olympiada.spbu.ru; hist-olymp@spbu.ru";Положение и регламент;Олимпиада впервые была проведена университетом в 2006-2007 учебном году. С первых дней работы организаторы искали талантливых старшеклассников, интересующихся историей. Попробовать свои силы и проявить таланты могут ученики 6-11 классов. Для участия нужно зарегистрироваться и начать выполнять задания отборочного этапа. Отборочный этап проходит заочно. По его результатам ученики приглашаются на заключительный этап.;Личная | Участник самостоятельно выполняет задания | Очно-заочная | Нужно пройти дистанционный отбор, чтобы участвовать в очном финале;Объединение: Олимпиада СПбГУ;https://olimpiada.ru/activity/459
460;Олимпиада СПбГУ по филологии;"Английский язык; Испанский язык; Литература; Немецкий язык; Русский язык; Французский язык";7–11 классы;7.0;11.0;Очно-заочная;Личная;8.6;Расписание не опубликовано;Расписание следующей олимпиады ожидается в октябре 2026 года;Публикация расписания: ожидается в октябре 2026 года;Частично заполнен по текущему статусу;Расписание олимпиады в этом году пока не известно;;https://olimpiada.ru/activity/460;—;;Уровень задаётся справочником серий: data/reference;;27.09.2026;Санкт-Петербургский государственный университет;"olympiada.spbu.ru; philology-olymp@spbu.ru";Положение и регламент;Олимпиада проводится по трем предметам: русский язык, литература, иностранные языки (английский, немецкий, французский и испанский языки). Участвуют ученики 7-11 классов. Соревнование включает два этапа: отборочный и заключительный. Задание заочного этапа представляет собой тест, включающий от 50 до 100 сложных заданий репродуктивного характера по русскому языку, литературе и иностранным языкам. Задания заключительного этапа носят комплексный интегративный характер и связаны с анализом и творческой интерпретацией (предметной и межпредметной) художественного текста. В разные годы проведения олимпиады участники анализировали фрагменты и целостные произведения Н. В. Гоголя, А. П. Чехова, М. В. Ломоносова, И. А. Гончарова, М. М. Зощенко.;Личная | Участник самостоятельно выполняет задания | Очно-заочная | Нужно пройти дистанционный отбор, чтобы участвовать в очном финале;Объединение: Олимпиада СПбГУ;https://olimpiada.ru/activity/460
461;Олимпиада СПбГУ по иностранным языкам;"Английский язык; Испанский язык; Китайский язык; Немецкий язык; Французский язык";7–11 классы;7.0;11.0;Очно-заочная;Личная;8.6;Расписание не опубликовано;Расписание следующей олимпиады ожидается в октябре 2026 года;Публикация расписания: ожидается в октябре 2026 года;Частично заполнен по текущему статусу;Расписание олимпиады в этом году пока не известно;;https://olimpiada.ru/activity/461;—;;Уровень задаётся справочником серий: data/reference;;27.09.2026;Санкт-Петербургский государственный университет;"olympiada.spbu.ru; languages-olymp@spbu.ru";Положение и регламент;Олимпиада проводится с 2003 года. Можно выполнять задания по английскому, немецкому, французскому, испанскому и китайскому языкам. Испытать свои силы могут учащиеся 7-11 классов. Олимпиада включает в себя два тура: заочный и очный. На отборочном этапе участникам предстоит выполнить тестовое задание, включающее от 50 до 100 вопросов, за один час. Участвовать в финале могут победители и призеры отборочного этапа. Задания носят комплексный интегративный творческий характер, позволяющий выявить способность к пониманию, интерпретации и порождению текстов различной природы на иностранном языке.;Личная | Участник самостоятельно выполняет задания | Очно-заочная | Нужно пройти дистанционный отбор, чтобы участвовать в очном финале;Объединение: Олимпиада СПбГУ;https://olimpiada.ru/activity/461
462;Олимпиада СПбГУ по гуманитарным и социальным наукам;"История; Обществознание";9–11 классы;9.0;11.0;Очно-заочная;Личная;8.6;Расписание не опубликовано;Расписание следующей олимпиады ожидается в октябре 2026 года;Публикация расписания: ожидается в октябре 2026 года;Частично заполнен по текущему статусу;Расписание олимпиады в этом году пока не известно;;https://olimpiada.ru/activity/462;—;;Уровень задаётся справочником серий: data/reference;;27.09.2026;Санкт-Петербургский государственный университет;"olympiada.spbu.ru; sociology-olymp@spbu.ru";Положение и регламент;Олимпиада была основана в 2005 году. В 2024/25 учебном году соревнование стало проводиться по комплексу предметов «Гуманитарные и социальные науки». Задания рассчитаны на учеников 9-11 классов. Отборочный этап проходит заочно и длится один час. За это время участникам нужно выполнить тестовые задания по истории и обществознанию. По итогам отбора публикуется список приглашенных на очный этап. Задания нацелены на формулировку собственного подхода участника олимпиады к решению сложных социальных проблем, выявлению закономерностей социально-исторических процессов, понимание эволюции социальных институтов.;Личная | Участник самостоятельно выполняет задания | Очно-заочная | Нужно пройти дистанционный отбор, чтобы участвовать в очном финале;Объединение: Олимпиада СПбГУ;https://olimpiada.ru/activity/462
463;Олимпиада СПбГУ по медицине;Биология;7–11 классы;7.0;11.0;Очно-заочная;Личная;8.7;Расписание не опубликовано;Расписание следующей олимпиады ожидается в октябре 2026 года;Публикация расписания: ожидается в октябре 2026 года;Частично заполнен по текущему статусу;Расписание олимпиады в этом году пока не известно;;https://olimpiada.ru/activity/463;—;;Уровень задаётся справочником серий: data/reference;;27.09.2026;Санкт-Петербургский государственный университет;"olympiada.spbu.ru; med-olymp@spbu.ru";Положение и регламент;Участвовать в соревновании могут учащиеся 7-11 классов. Состязание проводится по биологии в два этапа. Отборочный этап проходит заочно, на выполнение заданий дается 1 астрономический час. Заключительный этап проводится для участников, успешно прошедших отбор, а также победителей и призеров олимпиады прошлого года. Участники должны продемонстрировать не только и не столько подготовку в области собственно медицинских знаний, сколько подготовку по всему спектру естественных наук, изучаемых в школе – физике, химии и особенно биологии.;Личная | Участник самостоятельно выполняет задания | Очно-заочная | Нужно пройти дистанционный отбор, чтобы участвовать в очном финале;Объединение: Олимпиада СПбГУ;https://olimpiada.ru/activity/463
464;Олимпиада СПбГУ по экономике;Экономика;8–11 классы;8.0;11.0;Очно-заочная;Личная;8.4;Расписание не опубликовано;Расписание следующей олимпиады ожидается в октябре 2026 года;Публикация расписания: ожидается в октябре 2026 года;Частично заполнен по текущему статусу;Расписание олимпиады в этом году пока не известно;;https://olimpiada.ru/activity/464;—;;Уровень задаётся справочником серий: data/reference;;27.09.2026;Санкт-Петербургский государственный университет;"olympiada.spbu.ru; econ-olymp@spbu.ru";Положение и регламент;Олимпиада по экономике проводится СПбГУ для учеников 8-11 классов. Состязание включает отборочный и заключительный этапы. Отборочный этап проходит в заочном формате. Победители и призеры приглашаются в финал. Задачи состоят из заданий по микроэкономике, макроэкономике и математике с экономической направленностью.;Личная | Участник самостоятельно выполняет задания | Очно-заочная | Нужно пройти дистанционный отбор, чтобы участвовать в очном финале;Объединение: Олимпиада СПбГУ;https://olimpiada.ru/activity/464
465;Олимпиада СПбГУ по информатике;Информатика;7–11 классы;7.0;11.0;Очно-заочная;Личная;8.9;Расписание не опубликовано;Расписание следующей олимпиады ожидается в октябре 2026 года;Публикация расписания: ожидается в октябре 2026 года;Частично заполнен по текущему статусу;Расписание олимпиады в этом году пока не известно;;https://olimpiada.ru/activity/465;—;;Уровень задаётся справочником серий: data/reference;;27.09.2026;Санкт-Петербургский государственный университет;"olympiada.spbu.ru; it-olymp@spbu.ru";Положение и регламент;В Санкт-Петербургском университете олимпиада по информатике проводится с 2006 года. Состязание традиционно включает два этапа: отборочный и заключительный. Отборочный этап проходит заочно. Ученики 7-11 классов выполняют задания на сайте, затем получают задания по программированию. Варианты для каждого участника случайно комплектуются из закрытого банка задач, составленных методической комиссией олимпиады. Задания предполагают творческий подход к интерпретации условий задачи и формированию алгоритмов ее решения. Победители и призеры приглашаются в финал. В отборочном и заключительном этапах школьникам предлагается написать различного рода программы, моделирующие социально-экономические процессы, программы сортировки баз данных, кодирования и шифрования и т.п. В дальнейшем эти программы могут быть использованы участниками олимпиады как отдельные самостоятельные разработки.;Личная | Участник самостоятельно выполняет задания | Очно-заочная | Нужно пройти дистанционный отбор, чтобы участвовать в очном финале;Объединение: Олимпиада СПбГУ;https://olimpiada.ru/activity/465
5059;Вузовско-академическая олимпиада по информатике;Информатика;7–11 классы;7.0;11.0;Очная;Личная;8.1;Итоги опубликованы;"Опубликованы итоги; следующее соревнование ожидается в октябре 2026 года";"Следующее соревнование: Опубликованы итоги; следующее соревнование ожидается в октябре 2026 года";Частично заполнен по текущему статусу;Расписание олимпиады в этом году пока не известно;;https://olimpiada.ru/activity/5059;—;;Уровень задаётся справочником серий: data/reference;;27.09.2026;"Уральский федеральный университет имени первого Президента России Б. Н. Ельцина; Институт математики и механики УрО РАН";"https://sp.urfu.ru/vuzakadem/inform/2027/; sp@urfu.ru";"Положение; Регламент";;Личная | Участник самостоятельно выполняет задания | Очная | Для участия нужно прийти в заранее известное место проведения;Каталог /activities;https://olimpiada.ru/activity/5059
5289;Олимпиада СПбГУ по журналистике;"История; Литература; Обществознание; Русский язык";9–11 классы;9.0;11.0;Очно-заочная;Личная;8.3;Расписание не опубликовано;Расписание следующей олимпиады ожидается в октябре 2026 года;Публикация расписания: ожидается в октябре 2026 года;Частично заполнен по текущему статусу;Расписание олимпиады в этом году пока не известно;;https://olimpiada.ru/activity/5289;—;;Уровень задаётся справочником серий: data/reference;;27.09.2026;Санкт-Петербургский государственный университет;"olympiada.spbu.ru; journalism-olymp@spbu.ru";Положение и регламент;Олимпиада школьников СПбГУ по журналистике была учреждена в 2011 году как конкурс индивидуального журналистского мастерства. До 2017 года олимпиада называлась «Проба пера». Состязание ежегодно проводится для учеников 9-11 классов в два этапа: отборочный и заключительный. Отборочный проходит в дистанционном режиме. Чтобы выполнять задания, нужно зарегистрироваться. Сначала школьники выполняют тест, на него дается 60 минут. По завершении тестовой части участник получает тему творческой работы. Текст выполненной работы участник загружает в электронную систему в течение трех суток с момента получения темы. Победители и призеры отборочного этапа приглашаются на финал.;Личная | Участник самостоятельно выполняет задания | Очно-заочная | Нужно пройти дистанционный отбор, чтобы участвовать в очном финале;Объединение: Олимпиада СПбГУ;https://olimpiada.ru/activity/5289
5290;Олимпиада СПбГУ «Современный менеджер»;"Английский язык; Математика; Обществознание";10–11 классы;10.0;11.0;Очно-заочная;Личная;8.0;Расписание не опубликовано;Расписание следующей олимпиады ожидается в октябре 2026 года;Публикация расписания: ожидается в октябре 2026 года;Частично заполнен по текущему статусу;Расписание олимпиады в этом году пока не известно;;https://olimpiada.ru/activity/5290;—;;Уровень задаётся справочником серий: data/reference;;27.09.2026;Санкт-Петербургский государственный университет;"olympiada.spbu.ru; olympiad@gsom.spbu.ru";Положение и регламент;Олимпиада школьников СПбГУ «Современный менеджер» впервые была проведена в 2009 году. Школьники выполняют письменные тесты с заданиями по комплексу предметов: обществознание, английский язык и математика. Соревнование проходит для учеников 10-11 классов в два этапа. Отборочный этап проводится в интерактивном режиме в сети Интернет. Победители и призеры приглашаются в финал.;Личная | Участник самостоятельно выполняет задания | Очно-заочная | Нужно пройти дистанционный отбор, чтобы участвовать в очном финале;Объединение: Олимпиада СПбГУ;https://olimpiada.ru/activity/5290
5345;Олимпиада СПбГУ «Инженерные системы»;"Информатика; Математика; Физика; Химия";8–11 классы;8.0;11.0;Очно-заочная;Личная;8.6;Расписание не опубликовано;Расписание следующей олимпиады ожидается в октябре 2026 года;Публикация расписания: ожидается в октябре 2026 года;Частично заполнен по текущему статусу;Расписание олимпиады в этом году пока не известно;;https://olimpiada.ru/activity/5345;—;;Уровень задаётся справочником серий: data/reference;;27.09.2026;Санкт-Петербургский государственный университет;"olympiada.spbu.ru; tech-olymp@spbu.ru";Положение и регламент;Олимпиада Санкт-Петербургского государственного университета «Инженерные системы» проводится по комплексу предметов: математика, химия, физика, информатика. Участвовать могут учащиеся 8-11 классов. Состязание проводится в два этапа. Отборочный этап включает выполнение заданий на сайте и после получение заданий по комплексу предметов. Список задач генерируется из базы вопросов путем случайной выборки. Победители и призеры приглашаются в финал.;Личная | Участник самостоятельно выполняет задания | Очно-заочная | Нужно пройти дистанционный отбор, чтобы участвовать в очном финале;Объединение: Олимпиада СПбГУ;https://olimpiada.ru/activity/5345
5400;Региональный конкурс школьников Челябинского университетского образовательного округа по обществознанию;Обществознание;8–11 классы;8.0;11.0;Очно-заочная;Личная;7.3;Расписание не опубликовано;Расписание следующего конкурса ожидается в октябре 2026 года;Публикация расписания: ожидается в октябре 2026 года;Частично заполнен по текущему статусу;Расписание олимпиады в этом году пока не известно;;https://olimpiada.ru/activity/5400;—;;Уровень задаётся справочником серий: data/reference;;27.09.2026;Челябинский государственный университет;"http://www.csu.ru/studying/pre-university-education/Regional%20competition.aspx; cendov@csu.ru";Положение и регламент;Региональный конкурс школьников Челябинского университетского образовательного округа проводится ежегодно, начиная с 2004 года. Состязание проходит по обществознанию для учеников 8-11 классов. Отборочный этап проводится в заочном формате. Для участия необходимо предварительно зарегистрироваться. Школьников, успешно прошедших отбор, приглашают на заключительный этап.;Личная | Участник самостоятельно выполняет задания | Очно-заочная | Нужно пройти дистанционный отбор, чтобы участвовать в очном финале;Объединение: Региональный конкурс школьников Челябинского университетского образовательного округа;https://olimpiada.ru/activity/5400
5401;Региональный конкурс школьников Челябинского университетского образовательного округа по иностранным языкам;"Английский язык; Немецкий язык; Французский язык";8–11 классы;8.0;11.0;Очно-заочная;Личная;7.9;Расписание не опубликовано;Расписание следующего конкурса ожидается в октябре 2026 года;Публикация расписания: ожидается в октябре 2026 года;Частично заполнен по текущему статусу;Расписание олимпиады в этом году пока не известно;;https://olimpiada.ru/activity/5401;—;;Уровень задаётся справочником серий: data/reference;;27.09.2026;Челябинский государственный университет;"http://www.csu.ru/studying/pre-university-education/Regional%20competition.aspx; cendov@csu.ru";Положение и регламент;Региональный конкурс школьников Челябинского университетского образовательного округа проводится ежегодно, начиная с 2004 года. Состязание для учеников 8-11 классов проходит по английскому, немецкому и французскому языкам. Отборочный этап проводится в заочном формате. Для участия необходимо предварительно зарегистрироваться. Школьников, успешно прошедших отбор, приглашают на заключительный этап.;Личная | Участник самостоятельно выполняет задания | Очно-заочная | Нужно пройти дистанционный отбор, чтобы участвовать в очном финале;Объединение: Региональный конкурс школьников Челябинского университетского образовательного округа;https://olimpiada.ru/activity/5401
5608;Олимпиада Казанского федерального университета по астрономии;Астрономия;8–11 классы;8.0;11.0;Очно-заочная;Личная;7.0;Этап запланирован;Отборочный этап начнется 26 октября;"Отборочный этап: 26 окт—23 ноя
Заключительный этап: 13 янв—7 фев";Опубликован;"Отборочный этап
26 окт—23 ноя
Заключительный этап
13 янв—7 фев";Обновлено 14 сентября;https://olimpiada.ru/activity/5608;—;;Уровень задаётся справочником серий: data/reference;;27.09.2026;Казанский (Приволжский) федеральный университет;"malun.kpfu.ru/mpo; mpo@kpfu.ru";"Положение; Регламент";;Личная | Участник самостоятельно выполняет задания | Очно-заочная | Нужно пройти дистанционный отбор, чтобы участвовать в очном финале;Объединение: Олимпиада Казанского федерального университета;https://olimpiada.ru/activity/5608
5609;Олимпиада Казанского федерального университета по экологии;Экология;8–11 классы;8.0;11.0;Очно-заочная;Личная;7.2;Этап запланирован;Отборочный этап начнется 26 октября;"Отборочный этап: 26 окт—23 ноя
Заключительный этап: 13 янв—7 фев";Опубликован;"Отборочный этап
26 окт—23 ноя
Заключительный этап
13 янв—7 фев";Обновлено 14 сентября;https://olimpiada.ru/activity/5609;—;;Уровень задаётся справочником серий: data/reference;;27.09.2026;Казанский (Приволжский) федеральный университет;"malun.kpfu.ru/mpo; mpo@kpfu.ru";"Положение; Регламент";;Личная | Участник самостоятельно выполняет задания | Очно-заочная | Нужно пройти дистанционный отбор, чтобы участвовать в очном финале;Объединение: Олимпиада Казанского федерального университета;https://olimpiada.ru/activity/5609
5610;Олимпиада Казанского федерального университета по психологии и педагогике;Психология;10–11 классы;10.0;11.0;Очно-заочная;Личная;7.1;Этап запланирован;Отборочный этап начнется 26 октября;"Отборочный этап: 26 окт—23 ноя
Заключительный этап: 13 янв—7 фев";Опубликован;"Отборочный этап
26 окт—23 ноя
Заключительный этап
13 янв—7 фев";Обновлено 14 сентября;https://olimpiada.ru/activity/5610;—;;Уровень задаётся справочником серий: data/reference;;27.09.2026;Казанский (Приволжский) федеральный университет;"malun.kpfu.ru/mpo; mpo@kpfu.ru";"Положение; Регламент";;Личная | Участник самостоятельно выполняет задания | Очно-заочная | Нужно пройти дистанционный отбор, чтобы участвовать в очном финале;Объединение: Олимпиада Казанского федерального университета;https://olimpiada.ru/activity/5610
5611;Олимпиада Казанского федерального университета по праву;Право;10–11 классы;10.0;11.0;Очно-заочная;Личная;7.3;Следующий цикл ожидается;Следующее соревнование начнется в ноябре 2026 года;Следующее соревнование: Следующее соревнование начнется в ноябре 2026 года;Частично заполнен по текущему статусу;Расписание олимпиады в этом году пока не известно;;https://olimpiada.ru/activity/5611;—;;Уровень задаётся справочником серий: data/reference;;27.09.2026;Казанский (Приволжский) федеральный университет;"malun.kpfu.ru/mpo; mpo@kpfu.ru";"Положение; Регламент";;Личная | Участник самостоятельно выполняет задания | Очно-заочная | Нужно пройти дистанционный отбор, чтобы участвовать в очном финале;Объединение: Олимпиада Казанского федерального университета;https://olimpiada.ru/activity/5611
5612;Олимпиада Казанского федерального университета по экономике;Экономика;10–11 классы;10.0;11.0;Очно-заочная;Личная;7.1;Этап запланирован;Отборочный этап начнется 26 октября;"Отборочный этап: 26 окт—23 ноя
Заключительный этап: 13 янв—7 фев";Опубликован;"Отборочный этап
26 окт—23 ноя
Заключительный этап
13 янв—7 фев";Обновлено 14 сентября;https://olimpiada.ru/activity/5612;—;;Уровень задаётся справочником серий: data/reference;;27.09.2026;Казанский (Приволжский) федеральный университет;"malun.kpfu.ru/mpo; mpo@kpfu.ru";"Положение; Регламент";;Личная | Участник самостоятельно выполняет задания | Очно-заочная | Нужно пройти дистанционный отбор, чтобы участвовать в очном финале;Объединение: Олимпиада Казанского федерального университета;https://olimpiada.ru/activity/5612
5613;Олимпиада Казанского федерального университета по политологии;"Обществознание; Право";10–11 классы;10.0;11.0;Очно-заочная;Личная;7.5;Этап запланирован;Отборочный этап начнется 26 октября;"Отборочный этап: 26 окт—23 ноя
Заключительный этап: 13 янв—7 фев";Опубликован;"Отборочный этап
26 окт—23 ноя
Заключительный этап
13 янв—7 фев";Обновлено 14 сентября;https://olimpiada.ru/activity/5613;—;;Уровень задаётся справочником серий: data/reference;;27.09.2026;Казанский (Приволжский) федеральный университет;"malun.kpfu.ru/mpo; mpo@kpfu.ru";"Положение; Регламент";;Личная | Участник самостоятельно выполняет задания | Очно-заочная | Нужно пройти дистанционный отбор, чтобы участвовать в очном финале;Объединение: Олимпиада Казанского федерального университета;https://olimpiada.ru/activity/5613
5625;Региональный конкурс школьников Челябинского университетского образовательного округа по математике, информатике и криптографии;"Информатика; Математика";8–11 классы;8.0;11.0;Очно-заочная;Личная;7.2;Расписание не опубликовано;Расписание следующего конкурса ожидается в октябре 2026 года;Публикация расписания: ожидается в октябре 2026 года;Частично заполнен по текущему статусу;Расписание олимпиады в этом году пока не известно;;https://olimpiada.ru/activity/5625;—;;Уровень задаётся справочником серий: data/reference;;27.09.2026;Челябинский государственный университет;"http://www.csu.ru/studying/pre-university-education/Regional%20competition.aspx; cendov@csu.ru";Положение и регламент;Региональный конкурс школьников Челябинского университетского образовательного округа математике, информатике и криптографии проводится с 2017 года. Состязание рассчитано на учеников 8-11 классов. Отборочный этап проводится в заочном формате. Для участия необходимо предварительно зарегистрироваться. Школьников, успешно прошедших отбор, приглашают на заключительный этап.;Личная | Участник самостоятельно выполняет задания | Очно-заочная | Нужно пройти дистанционный отбор, чтобы участвовать в очном финале;Объединение: Региональный конкурс школьников Челябинского университетского образовательного округа;https://olimpiada.ru/activity/5625
5628;Региональный конкурс школьников Челябинского университетского образовательного округа по русскому языку;Русский язык;8–11 классы;8.0;11.0;Очно-заочная;Личная;7.1;Расписание не опубликовано;Расписание следующего конкурса ожидается в октябре 2026 года;Публикация расписания: ожидается в октябре 2026 года;Частично заполнен по текущему статусу;Расписание олимпиады в этом году пока не известно;;https://olimpiada.ru/activity/5628;—;;Уровень задаётся справочником серий: data/reference;;27.09.2026;Челябинский государственный университет;"https://www.csu.ru/studying/pre-university-education/Regional%20competition.aspx; cendov@csu.ru";Положение и регламент;Региональный конкурс школьников Челябинского университетского образовательного округа по русскому языку проходит для учеников 8-11 классов. Отборочный этап проводится в заочном формате. Для участия необходимо предварительно зарегистрироваться. Школьников, успешно прошедших отбор, приглашают на заключительный этап.;Личная | Участник самостоятельно выполняет задания | Очно-заочная | Нужно пройти дистанционный отбор, чтобы участвовать в очном финале;Объединение: Региональный конкурс школьников Челябинского университетского образовательного округа;https://olimpiada.ru/activity/5628
5664;Олимпиада Казанского федерального университета по иностранным языкам;"Английский язык; Испанский язык; Итальянский язык; Немецкий язык; Французский язык";5–11 классы;5.0;11.0;Очно-заочная;Личная;8.5;Следующий цикл ожидается;Следующее соревнование начнется в ноябре 2026 года;Следующее соревнование: Следующее соревнование начнется в ноябре 2026 года;Частично заполнен по текущему статусу;Расписание олимпиады в этом году пока не известно;;https://olimpiada.ru/activity/5664;—;;Уровень задаётся справочником серий: data/reference;;27.09.2026;Казанский (Приволжский) федеральный университет;"malun.kpfu.ru/mpo; mpo@kpfu.ru";"Положение; Регламент";;Личная | Участник самостоятельно выполняет задания | Очно-заочная | Нужно пройти дистанционный отбор, чтобы участвовать в очном финале;Объединение: Олимпиада Казанского федерального университета;https://olimpiada.ru/activity/5664
5755;Олимпиада Казанского федерального университета по дизайну;"ИЗО; Искусство";8–11 классы;8.0;11.0;Очно-заочная;Личная;7.2;Этап запланирован;Отборочный этап начнется 26 октября;"Отборочный этап: 26 окт—23 ноя
Заключительный этап: 13 янв—7 фев";Опубликован;"Отборочный этап
26 окт—23 ноя
Заключительный этап
13 янв—7 фев";Обновлено 14 сентября;https://olimpiada.ru/activity/5755;—;;Уровень задаётся справочником серий: data/reference;;27.09.2026;Казанский (Приволжский) федеральный университет;"malun.kpfu.ru/mpo; mpo@kpfu.ru";"Положение; Регламент";;Личная | Участник самостоятельно выполняет задания | Очно-заочная | Нужно пройти дистанционный отбор, чтобы участвовать в очном финале;Объединение: Олимпиада Казанского федерального университета;https://olimpiada.ru/activity/5755
5828;Олимпиада СПбГУ по математическому моделированию и искусственному интеллекту;"Информатика; Математика";9–11 классы;9.0;11.0;Очно-заочная;Личная;7.0;Расписание не опубликовано;Расписание следующей олимпиады ожидается в октябре 2026 года;Публикация расписания: ожидается в октябре 2026 года;Частично заполнен по текущему статусу;Расписание олимпиады в этом году пока не известно;;https://olimpiada.ru/activity/5828;—;;Уровень задаётся справочником серий: data/reference;;27.09.2026;Санкт-Петербургский государственный университет;"olympiada.spbu.ru; olympiada@spbu.ru";Положение и регламент;Олимпиада Санкт-Петербургского государственного университета по математическому моделированию и искусственному интеллекту прошла впервые в 2022/23 учебном году. Участников ждут задания по математике и информатике. Состязание проводится в два этапа. Отборочный проходит в заочном формате. Школьники, успешно выполнившие задания, приглашаются в финал.;Личная | Участник самостоятельно выполняет задания | Очно-заочная | Нужно пройти дистанционный отбор, чтобы участвовать в очном финале;Объединение: Олимпиада СПбГУ;https://olimpiada.ru/activity/5828
5829;Олимпиада СПбГУ по международным отношениям;История;9–11 классы;9.0;11.0;Очно-заочная;Личная;7.0;Расписание не опубликовано;Расписание следующей олимпиады ожидается в октябре 2026 года;Публикация расписания: ожидается в октябре 2026 года;Частично заполнен по текущему статусу;Расписание олимпиады в этом году пока не известно;;https://olimpiada.ru/activity/5829;—;;Уровень задаётся справочником серий: data/reference;;27.09.2026;Санкт-Петербургский государственный университет;"olympiada.spbu.ru; olympiada@spbu.ru";Положение и регламент;Олимпиада Санкт-Петербургского государственного университета по международным отношениям прошла впервые в 2022/23 учебном году. Состязание включает два этапа. Отборочный этап проходит в заочном формате. Школьники, успешно выполнившие задания, приглашаются в финал.;Личная | Участник самостоятельно выполняет задания | Очно-заочная | Нужно пройти дистанционный отбор, чтобы участвовать в очном финале;Объединение: Олимпиада СПбГУ;https://olimpiada.ru/activity/5829
5830;Олимпиада СПбГУ по политологии;"История; Обществознание";9–11 классы;9.0;11.0;Очно-заочная;Личная;7.2;Расписание не опубликовано;Расписание следующей олимпиады ожидается в октябре 2026 года;Публикация расписания: ожидается в октябре 2026 года;Частично заполнен по текущему статусу;Расписание олимпиады в этом году пока не известно;;https://olimpiada.ru/activity/5830;—;;Уровень задаётся справочником серий: data/reference;;27.09.2026;Санкт-Петербургский государственный университет;"olympiada.spbu.ru; olympiada@spbu.ru";Положение и регламент;Олимпиада Санкт-Петербургского государственного университета по политологии прошла впервые в 2022/23 учебном году. Состязание включает два этапа. Отборочный этап проходит в заочном формате. Школьники, успешно выполнившие задания, приглашаются в финал.;Личная | Участник самостоятельно выполняет задания | Очно-заочная | Нужно пройти дистанционный отбор, чтобы участвовать в очном финале;Объединение: Олимпиада СПбГУ;https://olimpiada.ru/activity/5830
5831;Олимпиада СПбГУ по философии, этике и религиоведению;"История; Обществознание";9–11 классы;9.0;11.0;Очно-заочная;Личная;6.8;Расписание не опубликовано;Расписание следующей олимпиады ожидается в октябре 2026 года;Публикация расписания: ожидается в октябре 2026 года;Частично заполнен по текущему статусу;Расписание олимпиады в этом году пока не известно;;https://olimpiada.ru/activity/5831;—;;Уровень задаётся справочником серий: data/reference;;27.09.2026;Санкт-Петербургский государственный университет;"olympiada.spbu.ru; olympiada@spbu.ru";Положение и регламент;Олимпиада Санкт-Петербургского государственного университета по философии, этике и религиоведению прошла впервые в 2022/23 учебном году. Состязание включает два этапа. Отборочный этап проходит в заочном формате. Школьники, успешно выполнившие задания, приглашаются в финал.;Личная | Участник самостоятельно выполняет задания | Очно-заочная | Нужно пройти дистанционный отбор, чтобы участвовать в очном финале;Объединение: Олимпиада СПбГУ;https://olimpiada.ru/activity/5831
5835;Олимпиада Казанского федерального университета по экономике стран мира;Экономика;10–11 классы;10.0;11.0;Очно-заочная;Личная;6.3;Этап запланирован;Отборочный этап начнется 26 октября;"Отборочный этап: 26 окт—23 ноя
Заключительный этап: 13 янв—7 фев";Опубликован;"Отборочный этап
26 окт—23 ноя
Заключительный этап
13 янв—7 фев";Обновлено 14 сентября;https://olimpiada.ru/activity/5835;—;;Уровень задаётся справочником серий: data/reference;;27.09.2026;Казанский (Приволжский) федеральный университет;"malun.kpfu.ru/mpo; mpo@kpfu.ru";"Положение; Регламент";;Личная | Участник самостоятельно выполняет задания | Очно-заочная | Нужно пройти дистанционный отбор, чтобы участвовать в очном финале;Объединение: Олимпиада Казанского федерального университета;https://olimpiada.ru/activity/5835
5838;Олимпиада СПбГУ по психологии;Психология;9–11 классы;9.0;11.0;Очно-заочная;Личная;7.3;Расписание не опубликовано;Расписание следующей олимпиады ожидается в октябре 2026 года;Публикация расписания: ожидается в октябре 2026 года;Частично заполнен по текущему статусу;Расписание олимпиады в этом году пока не известно;;https://olimpiada.ru/activity/5838;—;;Уровень задаётся справочником серий: data/reference;;27.09.2026;Санкт-Петербургский государственный университет;"olympiada.spbu.ru; olympiada@spbu.ru";Положение и регламент;Олимпиада Санкт-Петербургского государственного университета по психологии прошла впервые в 2022/23 учебном году. Состязание включает два этапа. Отборочный этап проходит в заочном формате. Школьники, успешно выполнившие задания, приглашаются в финал.;Личная | Участник самостоятельно выполняет задания | Очно-заочная | Нужно пройти дистанционный отбор, чтобы участвовать в очном финале;Объединение: Олимпиада СПбГУ;https://olimpiada.ru/activity/5838
5867;Олимпиада Казанского федерального университета по нефтегазовому делу и геологии;"География; Физика; Химия";8–11 классы;8.0;11.0;Очно-заочная;Личная;6.6;Этап запланирован;Отборочный этап начнется 26 октября;"Отборочный этап: 26 окт—23 ноя
Заключительный этап: 13 янв—7 фев";Опубликован;"Отборочный этап
26 окт—23 ноя
Заключительный этап
13 янв—7 фев";Обновлено 14 сентября;https://olimpiada.ru/activity/5867;—;;Уровень задаётся справочником серий: data/reference;;27.09.2026;Казанский (Приволжский) федеральный университет;"malun.kpfu.ru/mpo; mpo@kpfu.ru";"Положение; Регламент";;Личная | Участник самостоятельно выполняет задания | Очно-заочная | Нужно пройти дистанционный отбор, чтобы участвовать в очном финале;Объединение: Олимпиада Казанского федерального университета;https://olimpiada.ru/activity/5867
6958;Олимпиада Казанского федерального университета по МХК;Искусство;9–11 классы;9.0;11.0;Очно-заочная;Личная;6.0;Этап запланирован;Отборочный этап начнется 26 октября;"Отборочный этап: 26 окт—23 ноя
Заключительный этап: 13 янв—7 фев";Опубликован;"Отборочный этап
26 окт—23 ноя
Заключительный этап
13 янв—7 фев";Обновлено 14 сентября;https://olimpiada.ru/activity/6958;—;;Уровень задаётся справочником серий: data/reference;;27.09.2026;Казанский (Приволжский) федеральный университет;"malun.kpfu.ru/mpo; mpo@kpfu.ru";"Положение; Регламент";;Личная | Участник самостоятельно выполняет задания | Очно-заочная | Нужно пройти дистанционный отбор, чтобы участвовать в очном финале;Объединение: Олимпиада Казанского федерального университета;https://olimpiada.ru/activity/6958
6959;Олимпиада Казанского федерального университета по китайскому языку;Китайский язык;9–11 классы;9.0;11.0;Очно-заочная;Личная;6.0;Этап запланирован;Отборочный этап начнется 26 октября;"Отборочный этап: 26 окт—23 ноя
Заключительный этап: 13 янв—7 фев";Опубликован;"Отборочный этап
26 окт—23 ноя
Заключительный этап
13 янв—7 фев";Обновлено 14 сентября;https://olimpiada.ru/activity/6959;—;;Уровень задаётся справочником серий: data/reference;;27.09.2026;Казанский (Приволжский) федеральный университет;"malun.kpfu.ru/mpo; mpo@kpfu.ru";"Положение; Регламент";;Личная | Участник самостоятельно выполняет задания | Очно-заочная | Нужно пройти дистанционный отбор, чтобы участвовать в очном финале;Объединение: Олимпиада Казанского федерального университета;https://olimpiada.ru/activity/6959
6960;Олимпиада Казанского федерального университета по автомобилестроению (КиберАвтотехТех);"Информатика; Математика; Физика";10–11 классы;10.0;11.0;Очно-заочная;Личная;5.9;Этап запланирован;Отборочный этап начнется 26 октября;"Отборочный этап: 26 окт—23 ноя
Заключительный этап: 13 янв—7 фев";Опубликован;"Отборочный этап
26 окт—23 ноя
Заключительный этап
13 янв—7 фев";Обновлено 14 сентября;https://olimpiada.ru/activity/6960;—;;Уровень задаётся справочником серий: data/reference;;27.09.2026;Казанский (Приволжский) федеральный университет;"malun.kpfu.ru/mpo; mpo@kpfu.ru";"Положение; Регламент";;Личная | Участник самостоятельно выполняет задания | Очно-заочная | Нужно пройти дистанционный отбор, чтобы участвовать в очном финале;Объединение: Олимпиада Казанского федерального университета;https://olimpiada.ru/activity/6960
6965;Олимпиада СПбГУ по теологии;"История; Обществознание";5–11 классы;5.0;11.0;Очно-заочная;Личная;6.0;Расписание не опубликовано;Расписание следующей олимпиады ожидается в октябре 2026 года;Публикация расписания: ожидается в октябре 2026 года;Частично заполнен по текущему статусу;Расписание олимпиады в этом году пока не известно;;https://olimpiada.ru/activity/6965;—;;Уровень задаётся справочником серий: data/reference;;27.09.2026;Санкт-Петербургский государственный университет;"olympiada.spbu.ru; olympiada@spbu.ru";Положение и регламент;Олимпиада школьников СПбГУ по теологии проводится в 2025/26 учебном году впервые. Состязание направлено на формирование устойчивого интереса школьников к истории богословско-философской мысли и ее месту в истории современной культуры России. Соревнование проходит для учеников в два этапа. Отборочный этап проводится в интерактивном режиме в сети Интернет. Победители и призеры отборочного этапа приглашаются в финал.;Личная | Участник самостоятельно выполняет задания | Очно-заочная | Нужно пройти дистанционный отбор, чтобы участвовать в очном финале;Объединение: Олимпиада СПбГУ;https://olimpiada.ru/activity/6965
