code;name;education_level;ugsn_code;ugsn_name;ege_subjects;subjects_core;subjects_related;popular;aliases;note
01.03.01;Математика;бакалавриат;01.00.00;Математика и механика;Математика|Физика|Информатика;Математика;Информатика|Физика;1;матфак|мехмат|чистая математика|математик;
01.03.02;Прикладная математика и информатика;бакалавриат;01.00.00;Математика и механика;Математика|Информатика|Физика;Математика|Информатика;Физика;1;ПМИ|прикладная математика|программист|анализ данных|data science|ИИ;
01.03.03;Механика и математическое моделирование;бакалавриат;01.00.00;Математика и механика;Математика|Информатика|Физика;Математика|Физика;Информатика;0;механика|мехмат|матмоделирование;
01.03.04;Прикладная математика;бакалавриат;01.00.00;Математика и механика;Математика|Информатика|Физика;Математика|Информатика;Физика;1;прикладная математика|прикладная матеша|матмоделирование;
01.03.05;Статистика;бакалавриат;01.00.00;Математика и механика;Математика|Информатика;Математика;Информатика|Экономика;0;статистик|аналитик данных;
01.05.01;Фундаментальные математика и механика;специалитет;01.00.00;Математика и механика;Математика|Физика|Информатика;Математика;Физика|Информатика;0;мехмат|фундаментальная математика;Специалитет, программ мало
02.03.01;Математика и компьютерные науки;бакалавриат;02.00.00;Компьютерные и информационные науки;Математика|Информатика|Физика;Математика|Информатика;Физика;1;МКН|компьютерные науки|computer science|CS;
02.03.02;Фундаментальная информатика и информационные технологии;бакалавриат;02.00.00;Компьютерные и информационные науки;Математика|Информатика|Физика;Информатика|Математика;Физика;1;ФИИТ|программист|айти|IT;
02.03.03;Математическое обеспечение и администрирование информационных систем;бакалавриат;02.00.00;Компьютерные и информационные науки;Математика|Информатика|Физика;Информатика|Математика;Физика;1;МОАИС|программист|айти|сисадмин;
03.03.01;Прикладные математика и физика;бакалавриат;03.00.00;Физика и астрономия;Математика|Физика|Информатика|Химия;Физика|Математика;Информатика|Астрономия;1;физтех|ПМФ|МФТИ|физмат;
03.03.02;Физика;бакалавриат;03.00.00;Физика и астрономия;Физика|Математика|Информатика|Химия;Физика;Математика|Астрономия|Информатика;1;физфак|физик|физика;
03.03.03;Радиофизика;бакалавриат;03.00.00;Физика и астрономия;Физика|Математика|Информатика|Химия;Физика;Математика|Информатика;0;радиофизик|радиофизика;
03.05.01;Астрономия;специалитет;03.00.00;Физика и астрономия;Физика|Математика|Информатика|Химия;Астрономия|Физика;Математика|Информатика;0;астроном|астрофизика|космос;Специалитет, программ мало
03.05.02;Фундаментальная и прикладная физика;специалитет;03.00.00;Физика и астрономия;Физика|Математика|Информатика|Химия;Физика;Математика|Астрономия|Информатика;0;физфак|физик;Специалитет
04.03.01;Химия;бакалавриат;04.00.00;Химия;Химия|Математика|Физика|Биология|Информатика;Химия;Математика|Биология|Физика;1;химфак|химик|химия;
04.03.02;Химия, физика и механика материалов;бакалавриат;04.00.00;Химия;Химия|Физика|Математика|Биология|Информатика;Химия|Физика;Математика|Информатика;0;материаловедение|химия материалов;
04.05.01;Фундаментальная и прикладная химия;специалитет;04.00.00;Химия;Химия|Математика|Физика|Биология|Информатика;Химия;Математика|Физика|Биология;0;химфак|химик;Специалитет
05.03.01;Геология;бакалавриат;05.00.00;Науки о Земле;Математика|Физика|География|Химия|Информатика;География|Физика|Математика;Химия|Экология;0;геолог|геология|геологоразведка;
05.03.02;География;бакалавриат;05.00.00;Науки о Земле;География|Математика|Биология|Информатика|Физика;География;Экология|Математика|Биология;1;геофак|географ|география;
05.03.03;Картография и геоинформатика;бакалавриат;05.00.00;Науки о Земле;География|Математика|Информатика|Физика|Биология;География|Математика;Информатика;0;ГИС|геоинформатика|картограф|картография;
05.03.04;Гидрометеорология;бакалавриат;05.00.00;Науки о Земле;География|Физика|Математика|Информатика|Биология;География|Физика;Математика|Экология|Информатика;0;метеоролог|синоптик|климатолог|гидролог;
05.03.05;Прикладная гидрометеорология;бакалавриат;05.00.00;Науки о Земле;География|Физика|Математика|Информатика|Биология;География|Физика;Математика|Экология|Информатика;0;метеоролог|синоптик|океанолог;
05.03.06;Экология и природопользование;бакалавриат;05.00.00;Науки о Земле;География|Биология|Математика|Химия|Информатика|Физика;Экология|Биология|География;Химия|Математика;1;эколог|экология|природопользование;Второй предмет ЕГЭ вуз выбирает сам: география, биология или математика
06.03.01;Биология;бакалавриат;06.00.00;Биологические науки;Биология|Химия|Математика|Информатика|Физика;Биология;Химия|Экология;1;биофак|биолог|биология;
06.03.02;Почвоведение;бакалавриат;06.00.00;Биологические науки;Биология|География|Химия|Математика|Информатика|Физика;Биология|География;Экология|Химия;0;почвовед|агрохимия;
06.05.01;Биоинженерия и биоинформатика;специалитет;06.00.00;Биологические науки;Биология|Математика|Информатика|Химия|Физика;Биология|Химия|Математика;Информатика;0;биоинформатика|биоинженер|ФББ|генная инженерия;Специалитет, программ мало
06.05.02;Фундаментальная и прикладная биология;специалитет;06.00.00;Биологические науки;Биология|Химия|Математика|Физика|Информатика;Биология;Химия|Экология;0;биолог|биофак;Специалитет
07.03.01;Архитектура;бакалавриат;07.00.00;Архитектура;Математика|Физика|Информатика|История;ИЗО|Искусство|Математика;Черчение|Физика|История;1;архитектор|архитектура|МАРХИ;Творческое испытание (рисунок, композиция, черчение)
07.03.02;Реконструкция и реставрация архитектурного наследия;бакалавриат;07.00.00;Архитектура;Математика|Физика|Информатика|История|Химия;ИЗО|Искусство|Математика;История|Черчение;0;реставратор|реставрация;Творческое испытание (рисунок, композиция)
07.03.03;Дизайн архитектурной среды;бакалавриат;07.00.00;Архитектура;Математика|Физика|Информатика|История;ИЗО|Искусство;Математика|Черчение;0;дизайн среды|дизайн интерьера|ландшафтный дизайн;Творческое испытание (рисунок, композиция)
07.03.04;Градостроительство;бакалавриат;07.00.00;Архитектура;Математика|Физика|Информатика|История|География;Математика|ИЗО|Искусство;География|Черчение;0;урбанистика|градостроитель|урбанист;Творческое испытание (рисунок, композиция)
08.03.01;Строительство;бакалавриат;08.00.00;Техника и технологии строительства;Математика|Физика|Информатика|Химия;Математика|Физика;Информатика|Черчение;1;строитель|стройка|ПГС|МГСУ|инженер-строитель;
08.05.01;Строительство уникальных зданий и сооружений;специалитет;08.00.00;Техника и технологии строительства;Математика|Физика|Информатика|Химия;Математика|Физика;Информатика|Черчение;0;высотное строительство|мосты|инженер-строитель;Специалитет
08.05.02;Строительство, эксплуатация, восстановление и техническое прикрытие автомобильных дорог, мостов и тоннелей;специалитет;08.00.00;Техника и технологии строительства;Математика|Физика|Информатика|Химия;Математика|Физика;Информатика;0;военный строитель|дорожные войска;Готовят в основном военные вузы: профотбор, медкомиссия, физподготовка
09.03.01;Информатика и вычислительная техника;бакалавриат;09.00.00;Информатика и вычислительная техника;Математика|Информатика|Физика;Информатика|Математика;Физика|Робототехника;1;ИВТ|айти|IT|программист|компьютерщик;
09.03.02;Информационные системы и технологии;бакалавриат;09.00.00;Информатика и вычислительная техника;Математика|Информатика|Физика;Информатика|Математика;Физика;1;ИСиТ|ИСТ|айти|IT|информационные системы;
09.03.03;Прикладная информатика;бакалавриат;09.00.00;Информатика и вычислительная техника;Математика|Информатика|Физика;Информатика|Математика;Экономика|Физика;1;прикладная информатика|айти|IT|бизнес-аналитик;Часто с экономическим или отраслевым профилем
09.03.04;Программная инженерия;бакалавриат;09.00.00;Информатика и вычислительная техника;Математика|Информатика|Физика;Информатика|Математика;Физика;1;программист|разработка ПО|прога|разработчик|software engineering;
09.05.01;Применение и эксплуатация автоматизированных систем специального назначения;специалитет;09.00.00;Информатика и вычислительная техника;Математика|Информатика|Физика;Информатика|Математика;Физика;0;АСУ|автоматизированные системы|военный программист;Специалитет, оборонный профиль
10.03.01;Информационная безопасность;бакалавриат;10.00.00;Информационная безопасность;Математика|Информатика|Физика;Информатика|Математика;Физика;1;ИБ|кибербезопасность|кибербез|безопасник|защита информации|хакер;
10.05.01;Компьютерная безопасность;специалитет;10.00.00;Информационная безопасность;Математика|Информатика|Физика;Математика|Информатика;Физика;1;кибербезопасность|криптография|кибербез|пентест;Специалитет, сильный математический уклон
10.05.02;Информационная безопасность телекоммуникационных систем;специалитет;10.00.00;Информационная безопасность;Математика|Информатика|Физика;Информатика|Математика;Физика;0;кибербезопасность|безопасность сетей;Специалитет
10.05.03;Информационная безопасность автоматизированных систем;специалитет;10.00.00;Информационная безопасность;Математика|Информатика|Физика;Информатика|Математика;Физика;1;кибербезопасность|кибербез|защита информации;Специалитет
10.05.04;Информационно-аналитические системы безопасности;специалитет;10.00.00;Информационная безопасность;Математика|Информатика|Физика;Информатика|Математика;Физика;0;кибербезопасность|аналитик безопасности;Специалитет
10.05.05;Безопасность информационных технологий в правоохранительной сфере;специалитет;10.00.00;Информационная безопасность;Математика|Информатика|Физика;Информатика|Математика;Физика|Право;0;киберполиция|кибербезопасность;Готовят в основном вузы МВД: профотбор, медкомиссия, физподготовка
11.03.01;Радиотехника;бакалавриат;11.00.00;Электроника, радиотехника и системы связи;Физика|Математика|Информатика|Химия;Физика|Математика;Информатика|Робототехника;0;радиотехник|радиоинженер|радиоэлектроника;
11.03.02;Инфокоммуникационные технологии и системы связи;бакалавриат;11.00.00;Электроника, радиотехника и системы связи;Математика|Информатика|Физика;Математика|Информатика;Физика;1;связь|телеком|сети связи|связист|МТУСИ;
11.03.03;Конструирование и технология электронных средств;бакалавриат;11.00.00;Электроника, радиотехника и системы связи;Физика|Математика|Информатика|Химия;Физика|Математика;Информатика;0;электроника|схемотехника|конструктор электроники;
11.03.04;Электроника и наноэлектроника;бакалавриат;11.00.00;Электроника, радиотехника и системы связи;Физика|Математика|Информатика|Химия;Физика|Математика;Информатика|Химия;1;электроника|микроэлектроника|наноэлектроника|чипы|МИЭТ;
11.05.01;Радиоэлектронные системы и комплексы;специалитет;11.00.00;Электроника, радиотехника и системы связи;Физика|Математика|Информатика|Химия;Физика|Математика;Информатика;0;радиоэлектроника|радары|радиолокация;Специалитет
11.05.02;Специальные радиотехнические системы;специалитет;11.00.00;Электроника, радиотехника и системы связи;Физика|Математика|Информатика|Химия;Физика|Математика;Информатика;0;радиотехника|радиолокация;Готовят в основном военные вузы: профотбор, медкомиссия, физподготовка
11.05.04;Инфокоммуникационные технологии и системы специальной связи;специалитет;11.00.00;Электроника, радиотехника и системы связи;Математика|Информатика|Физика;Математика|Информатика|Физика;;0;спецсвязь|сети связи|связист;Специалитет, оборонный профиль
12.03.01;Приборостроение;бакалавриат;12.00.00;Фотоника, приборостроение, оптические и биотехнические системы и технологии;Физика|Математика|Информатика|Химия;Физика|Математика;Информатика|Робототехника;0;приборостроитель|приборы|измерительная техника;
12.03.02;Оптотехника;бакалавриат;12.00.00;Фотоника, приборостроение, оптические и биотехнические системы и технологии;Физика|Математика|Информатика|Химия;Физика|Математика;Информатика|Астрономия;0;оптика|оптик|оптотехник;
12.03.03;Фотоника и оптоинформатика;бакалавриат;12.00.00;Фотоника, приборостроение, оптические и биотехнические системы и технологии;Физика|Математика|Информатика|Химия;Физика|Математика;Информатика;0;фотоника|оптика|оптоинформатика;
12.03.04;Биотехнические системы и технологии;бакалавриат;12.00.00;Фотоника, приборостроение, оптические и биотехнические системы и технологии;Математика|Физика|Информатика|Химия|Биология;Физика|Математика;Биология|Информатика;0;биомедицинская инженерия|медтехника|медицинская техника|биотех;
12.03.05;Лазерная техника и лазерные технологии;бакалавриат;12.00.00;Фотоника, приборостроение, оптические и биотехнические системы и технологии;Физика|Математика|Информатика|Химия;Физика|Математика;Информатика;0;лазеры|лазерные технологии|оптика;
12.05.01;Электронные и оптико-электронные приборы и системы специального назначения;специалитет;12.00.00;Фотоника, приборостроение, оптические и биотехнические системы и технологии;Физика|Математика|Информатика|Химия;Физика|Математика;Информатика;0;оптико-электроника|приборостроение|оборонка;Специалитет, оборонный профиль
13.03.01;Теплоэнергетика и теплотехника;бакалавриат;13.00.00;Электро- и теплоэнергетика;Физика|Математика|Информатика|Химия;Физика|Математика;Информатика|Химия;0;теплоэнергетика|теплотехник|энергетик|ТЭС;
13.03.02;Электроэнергетика и электротехника;бакалавриат;13.00.00;Электро- и теплоэнергетика;Физика|Математика|Информатика|Химия;Физика|Математика;Информатика;1;электроэнергетика|электрик|энергетик|электротехника|МЭИ;
13.03.03;Энергетическое машиностроение;бакалавриат;13.00.00;Электро- и теплоэнергетика;Физика|Математика|Информатика|Химия;Физика|Математика;Информатика|Черчение;0;турбины|двигатели|энергомашиностроение;
14.03.01;Ядерная энергетика и теплофизика;бакалавриат;14.00.00;Ядерная энергетика и технологии;Физика|Математика|Информатика|Химия;Физика|Математика;Информатика|Химия;0;атомная энергетика|ядерщик|атомщик|АЭС;
14.03.02;Ядерные физика и технологии;бакалавриат;14.00.00;Ядерная энергетика и технологии;Физика|Математика|Информатика|Химия;Физика|Математика;Информатика|Химия;1;ядерная физика|ядерщик|атомщик|МИФИ;
14.05.01;Ядерные реакторы и материалы;специалитет;14.00.00;Ядерная энергетика и технологии;Физика|Математика|Информатика|Химия;Физика|Математика;Химия|Информатика;0;ядерные реакторы|атомщик|ядерщик;Специалитет
14.05.02;Атомные станции: проектирование, эксплуатация и инжиниринг;специалитет;14.00.00;Ядерная энергетика и технологии;Физика|Математика|Информатика|Химия;Физика|Математика;Информатика;0;АЭС|атомная станция|атомщик|Росатом;Специалитет
14.05.03;Технологии разделения изотопов и ядерное топливо;специалитет;14.00.00;Ядерная энергетика и технологии;Физика|Математика|Информатика|Химия;Физика|Химия|Математика;Информатика;0;ядерное топливо|изотопы|атомщик;Специалитет
14.05.04;Электроника и автоматика физических установок;специалитет;14.00.00;Ядерная энергетика и технологии;Физика|Математика|Информатика|Химия;Физика|Математика;Информатика;0;ускорители|физические установки|МИФИ|атомщик;Специалитет
15.03.01;Машиностроение;бакалавриат;15.00.00;Машиностроение;Математика|Физика|Информатика|Химия;Физика|Математика;Информатика|Черчение|Технология;1;машиностроитель|инженер-механик|машиностроение;С 2027 физику планируют сделать обязательной
15.03.02;Технологические машины и оборудование;бакалавриат;15.00.00;Машиностроение;Математика|Физика|Информатика|Химия;Физика|Математика;Информатика|Технология;0;инженер-механик|оборудование;
15.03.03;Прикладная механика;бакалавриат;15.00.00;Машиностроение;Математика|Физика|Информатика|Химия;Физика|Математика;Информатика;0;механика|инженер-расчётчик|прочность;
15.03.04;Автоматизация технологических процессов и производств;бакалавриат;15.00.00;Машиностроение;Математика|Физика|Информатика|Химия;Математика|Физика;Информатика|Робототехника;1;автоматизация|АСУ ТП|автоматчик|КИПиА;
15.03.05;Конструкторско-технологическое обеспечение машиностроительных производств;бакалавриат;15.00.00;Машиностроение;Математика|Физика|Информатика|Химия;Физика|Математика;Информатика|Черчение;0;технолог машиностроения|конструктор|ЧПУ;
15.03.06;Мехатроника и робототехника;бакалавриат;15.00.00;Машиностроение;Математика|Физика|Информатика|Химия;Физика|Математика|Робототехника;Информатика|Технология;1;робототехника|роботы|мехатроника|робототехник;
15.05.01;Проектирование технологических машин и комплексов;специалитет;15.00.00;Машиностроение;Математика|Физика|Информатика|Химия;Физика|Математика;Информатика|Черчение;0;конструктор|инженер-проектировщик;Специалитет
15.05.02;Робототехника военного и специального назначения;специалитет;15.00.00;Машиностроение;Математика|Физика|Информатика;Физика|Математика|Робототехника;Информатика;0;роботы|робототехника|оборонка;Специалитет, оборонный профиль
16.03.01;Техническая физика;бакалавриат;16.00.00;Физико-технические науки и технологии;Физика|Математика|Информатика|Химия;Физика|Математика;Информатика;0;техническая физика|инженер-физик;
16.03.02;Высокотехнологические плазменные и энергетические установки;бакалавриат;16.00.00;Физико-технические науки и технологии;Физика|Математика|Информатика|Химия;Физика|Математика;Информатика;0;плазма|термояд|энергоустановки;
16.03.03;Холодильная, криогенная техника и системы жизнеобеспечения;бакалавриат;16.00.00;Физико-технические науки и технологии;Физика|Математика|Информатика|Химия;Физика|Математика;Информатика|Химия;0;криогеника|холодильная техника|климатические системы;
16.05.01;Специальные системы жизнеобеспечения;специалитет;16.00.00;Физико-технические науки и технологии;Физика|Математика|Информатика|Химия;Физика|Математика;Химия|Информатика;0;системы жизнеобеспечения;Готовят в основном военные вузы: профотбор, медкомиссия, физподготовка
17.03.01;Корабельное вооружение;бакалавриат;17.00.00;Оружие и системы вооружения;Математика|Физика|Информатика|Химия;Физика|Математика;Информатика;0;корабельное вооружение|оборонка;Оборонный профиль
17.05.01;Боеприпасы и взрыватели;специалитет;17.00.00;Оружие и системы вооружения;Математика|Физика|Информатика|Химия;Физика|Математика;Химия|Информатика;0;оборонка|боеприпасы;Специалитет, оборонный профиль
17.05.02;Стрелково-пушечное, артиллерийское и ракетное оружие;специалитет;17.00.00;Оружие и системы вооружения;Математика|Физика|Информатика|Химия;Физика|Математика;Информатика;0;оружейник|оборонка|артиллерия;Специалитет, оборонный профиль
17.05.03;Проектирование, производство и испытание корабельного вооружения и информационно-управляющих систем;специалитет;17.00.00;Оружие и системы вооружения;Математика|Физика|Информатика|Химия;Физика|Математика;Информатика;0;корабельное вооружение|оборонка;Специалитет, оборонный профиль
18.03.01;Химическая технология;бакалавриат;18.00.00;Химические технологии;Химия|Математика|Информатика|Физика;Химия|Математика;Физика|Информатика;1;химтех|химик-технолог|Менделеевка|РХТУ|нефтехимия;
18.03.02;Энерго- и ресурсосберегающие процессы в химической технологии, нефтехимии и биотехнологии;бакалавриат;18.00.00;Химические технологии;Химия|Математика|Информатика|Физика;Химия|Математика;Физика|Экология;0;химтех|нефтехимия|ресурсосбережение;
18.05.01;Химическая технология энергонасыщенных материалов и изделий;специалитет;18.00.00;Химические технологии;Химия|Математика|Информатика|Физика;Химия|Математика;Физика;0;взрывчатые вещества|пороха|химтех;Специалитет, оборонный профиль
18.05.02;Химическая технология материалов современной энергетики;специалитет;18.00.00;Химические технологии;Химия|Математика|Информатика|Физика;Химия|Физика|Математика;Информатика;0;ядерная химия|радиохимия|химтех;Специалитет
19.03.01;Биотехнология;бакалавриат;19.00.00;Промышленная экология и биотехнологии;Химия|Биология|Математика|Информатика|Физика;Химия|Биология;Математика|Экология;1;биотех|биотехнолог|биотехнология;
19.03.02;Продукты питания из растительного сырья;бакалавриат;19.00.00;Промышленная экология и биотехнологии;Биология|Химия|Математика|Физика;Химия|Биология;Математика|Технология;0;пищевые технологии|технолог пищевого производства|пищевик;
19.03.03;Продукты питания животного происхождения;бакалавриат;19.00.00;Промышленная экология и биотехнологии;Биология|Химия|Математика|Физика;Химия|Биология;Математика|Технология;0;пищевые технологии|технолог мясной и молочной продукции|пищевик;
19.03.04;Технология продукции и организация общественного питания;бакалавриат;19.00.00;Промышленная экология и биотехнологии;Биология|Химия|Математика|Физика;Химия|Биология;Технология|Предпринимательство|Математика;0;технолог общепита|ресторанное дело|повар|общепит;
20.03.01;Техносферная безопасность;бакалавриат;20.00.00;Техносферная безопасность и природообустройство;Физика|Математика|Химия|Информатика;Физика|Математика|ОБЗР;Химия|Экология;0;охрана труда|безопасность жизнедеятельности|БЖД|промышленная безопасность;С 2026 физика — обязательный экзамен
20.03.02;Природообустройство и водопользование;бакалавриат;20.00.00;Техносферная безопасность и природообустройство;Математика|Биология|Химия|Физика|Информатика;Экология|Математика|Биология;Химия|Физика|География;0;водопользование|мелиорация|природообустройство;
20.05.01;Пожарная безопасность;специалитет;20.00.00;Техносферная безопасность и природообустройство;Математика|Химия|Физика|Информатика;Физика|Химия|Математика;ОБЗР|Информатика;0;пожарный|МЧС|пожарная безопасность;Часто вузы МЧС: профотбор, медкомиссия, физподготовка
21.03.01;Нефтегазовое дело;бакалавриат;21.00.00;Прикладная геология, горное дело, нефтегазовое дело и геодезия;Математика|Физика|География|Химия|Информатика;Математика|Физика;Химия|Информатика;1;нефтегаз|нефтяник|газовик|Губкинский|бурение;
21.03.02;Землеустройство и кадастры;бакалавриат;21.00.00;Прикладная геология, горное дело, нефтегазовое дело и геодезия;Математика|Физика|География|Химия|Информатика;Математика|География;Информатика|Физика;0;кадастр|землеустроитель|кадастровый инженер;
21.03.03;Геодезия и дистанционное зондирование;бакалавриат;21.00.00;Прикладная геология, горное дело, нефтегазовое дело и геодезия;Математика|Физика|География|Химия|Информатика;Математика|Физика|География;Информатика|Астрономия;0;геодезист|геодезия|топограф;
21.05.01;Прикладная геодезия;специалитет;21.00.00;Прикладная геология, горное дело, нефтегазовое дело и геодезия;Математика|Физика|География|Химия|Информатика;Математика|Физика;География|Информатика;0;геодезист|маркшейдер|геодезия;Специалитет
21.05.02;Прикладная геология;специалитет;21.00.00;Прикладная геология, горное дело, нефтегазовое дело и геодезия;Математика|Физика|География|Химия|Информатика;Математика|Физика;География|Химия|Экология;0;геолог|геологоразведка|горный инженер;Специалитет
21.05.03;Технология геологической разведки;специалитет;21.00.00;Прикладная геология, горное дело, нефтегазовое дело и геодезия;Математика|Физика|География|Химия|Информатика;Математика|Физика;Информатика|География;0;геофизик|буровик|геологоразведка;Специалитет
21.05.04;Горное дело;специалитет;21.00.00;Прикладная геология, горное дело, нефтегазовое дело и геодезия;Математика|Физика|География|Химия|Информатика;Математика|Физика;Химия|Информатика;0;горный инженер|шахтёр|горное дело|Горный университет;Специалитет
21.05.05;Физические процессы горного или нефтегазового производства;специалитет;21.00.00;Прикладная геология, горное дело, нефтегазовое дело и геодезия;Математика|Физика|География|Химия|Информатика;Физика|Математика;Информатика;0;горный инженер|физика горных пород;Специалитет
21.05.06;Нефтегазовые техника и технологии;специалитет;21.00.00;Прикладная геология, горное дело, нефтегазовое дело и геодезия;Математика|Физика|География|Химия|Информатика;Математика|Физика;Химия|Информатика;0;нефтегаз|нефтяник|бурение;Специалитет
22.03.01;Материаловедение и технологии материалов;бакалавриат;22.00.00;Технологии материалов;Физика|Математика|Химия|Информатика;Физика|Химия|Математика;Информатика;1;материаловедение|материаловед|МИСИС|новые материалы;С 2026 физика — обязательный экзамен
22.03.02;Металлургия;бакалавриат;22.00.00;Технологии материалов;Математика|Физика|Информатика|Химия;Математика|Физика|Химия;Информатика;0;металлург|металлургия|МИСИС;
23.03.01;Технология транспортных процессов;бакалавриат;23.00.00;Техника и технологии наземного транспорта;Математика|Физика|Информатика|Химия;Математика|Физика;Информатика|География;0;логистика|логист|транспорт|организация перевозок;
23.03.02;Наземные транспортно-технологические комплексы;бакалавриат;23.00.00;Техника и технологии наземного транспорта;Математика|Физика|Информатика|Химия;Математика|Физика;Информатика|Технология;0;спецтехника|подъёмно-транспортные машины;
23.03.03;Эксплуатация транспортно-технологических машин и комплексов;бакалавриат;23.00.00;Техника и технологии наземного транспорта;Математика|Физика|Информатика|Химия;Математика|Физика;Информатика|Технология;0;автосервис|автомеханик|автомобили;
23.05.01;Наземные транспортно-технологические средства;специалитет;23.00.00;Техника и технологии наземного транспорта;Математика|Физика|Информатика|Химия;Математика|Физика;Информатика|Технология;0;автомобилестроение|автомобили|конструктор автомобилей;Специалитет
23.05.02;Транспортные средства специального назначения;специалитет;23.00.00;Техника и технологии наземного транспорта;Математика|Физика|Информатика|Химия;Математика|Физика;Информатика;0;спецтехника|бронетехника;Специалитет, оборонный профиль
23.05.03;Подвижной состав железных дорог;специалитет;23.00.00;Техника и технологии наземного транспорта;Математика|Физика|Информатика|Химия;Математика|Физика;Информатика;0;железнодорожник|РЖД|локомотивы|вагоны;Специалитет
23.05.04;Эксплуатация железных дорог;специалитет;23.00.00;Техника и технологии наземного транспорта;Математика|Физика|Информатика|Химия;Математика|Физика;Информатика|География;0;железнодорожник|РЖД|движение поездов;Специалитет
23.05.05;Системы обеспечения движения поездов;специалитет;23.00.00;Техника и технологии наземного транспорта;Математика|Физика|Информатика|Химия;Математика|Физика;Информатика;0;железнодорожник|РЖД|автоматика и телемеханика;Специалитет
23.05.06;Строительство железных дорог, мостов и транспортных тоннелей;специалитет;23.00.00;Техника и технологии наземного транспорта;Математика|Физика|Информатика|Химия;Математика|Физика;Информатика|Черчение;0;железнодорожник|мосты|тоннели|РЖД;Специалитет
24.03.01;Ракетные комплексы и космонавтика;бакалавриат;24.00.00;Авиационная и ракетно-космическая техника;Физика|Математика|Информатика|Химия;Физика|Математика;Информатика|Астрономия;1;космос|ракеты|ракетостроение|космонавтика|МАИ|Бауманка;С 2026 физика — обязательный экзамен
24.03.02;Системы управления движением и навигация;бакалавриат;24.00.00;Авиационная и ракетно-космическая техника;Математика|Физика|Информатика|Химия;Физика|Математика;Информатика|Астрономия;0;навигация|системы управления|автопилоты;
24.03.03;Баллистика и гидроаэродинамика;бакалавриат;24.00.00;Авиационная и ракетно-космическая техника;Математика|Физика|Информатика|Химия;Физика|Математика;Информатика;0;баллистика|аэродинамика;
24.03.04;Авиастроение;бакалавриат;24.00.00;Авиационная и ракетно-космическая техника;Математика|Физика|Информатика|Химия;Физика|Математика;Информатика|Черчение;1;авиастроение|самолёты|авиаконструктор|МАИ;
24.03.05;Двигатели летательных аппаратов;бакалавриат;24.00.00;Авиационная и ракетно-космическая техника;Математика|Физика|Информатика|Химия;Физика|Математика;Информатика;0;авиадвигатели|двигателестроение;
24.05.01;Проектирование, производство и эксплуатация ракет и ракетно-космических комплексов;специалитет;24.00.00;Авиационная и ракетно-космическая техника;Математика|Физика|Информатика|Химия;Физика|Математика;Информатика|Астрономия;0;ракетостроение|космос|ракеты;Специалитет
24.05.02;Проектирование авиационных и ракетных двигателей;специалитет;24.00.00;Авиационная и ракетно-космическая техника;Математика|Физика|Информатика|Химия;Физика|Математика;Информатика;0;двигателестроение|ракетные двигатели;Специалитет
24.05.03;Испытание летательных аппаратов;специалитет;24.00.00;Авиационная и ракетно-космическая техника;Математика|Физика|Информатика|Химия;Физика|Математика;Информатика;0;испытатель|летательные аппараты;Специалитет
24.05.04;Навигационно-баллистическое обеспечение применения космической техники;специалитет;24.00.00;Авиационная и ракетно-космическая техника;Математика|Физика|Информатика|Химия;Физика|Математика;Астрономия|Информатика;0;баллистик|космос|навигация;Специалитет
24.05.05;Интегрированные системы летательных аппаратов;специалитет;24.00.00;Авиационная и ракетно-космическая техника;Математика|Физика|Информатика|Химия;Физика|Математика;Информатика;0;авионика|бортовые системы;Специалитет
24.05.06;Системы управления летательными аппаратами;специалитет;24.00.00;Авиационная и ракетно-космическая техника;Математика|Физика|Информатика|Химия;Математика|Физика;Информатика;0;системы управления|беспилотники|БПЛА|авионика;Специалитет
24.05.07;Самолето- и вертолетостроение;специалитет;24.00.00;Авиационная и ракетно-космическая техника;Математика|Физика|Информатика|Химия;Физика|Математика;Информатика|Черчение;0;авиастроение|авиаконструктор|вертолёты|самолёты;Специалитет
25.03.01;Техническая эксплуатация летательных аппаратов и двигателей;бакалавриат;25.00.00;Аэронавигация и эксплуатация авиационной и ракетно-космической техники;Математика|Физика|Информатика;Физика|Математика;Информатика;0;авиатехник|авиамеханик|техобслуживание самолётов;
25.03.02;Техническая эксплуатация авиационных электросистем и пилотажно-навигационных комплексов;бакалавриат;25.00.00;Аэронавигация и эксплуатация авиационной и ракетно-космической техники;Математика|Физика|Информатика;Физика|Математика;Информатика;0;авиатехник|авионика;
25.03.03;Аэронавигация;бакалавриат;25.00.00;Аэронавигация и эксплуатация авиационной и ракетно-космической техники;Математика|Физика|Информатика;Математика|Физика;Информатика|География;0;авиадиспетчер|диспетчер УВД|штурман;Для ряда профилей нужна медкомиссия (ВЛЭК)
25.03.04;Эксплуатация аэропортов и обеспечение полетов воздушных судов;бакалавриат;25.00.00;Аэронавигация и эксплуатация авиационной и ракетно-космической техники;Математика|Физика|Информатика;Математика|Физика;Информатика;0;аэропорт|авиация;
25.05.01;Техническая эксплуатация и восстановление боевых летательных аппаратов и двигателей;специалитет;25.00.00;Аэронавигация и эксплуатация авиационной и ракетно-космической техники;Математика|Физика|Информатика;Физика|Математика;Информатика;0;военный авиатехник;Готовят в основном военные вузы: профотбор, медкомиссия, физподготовка
25.05.02;Техническая эксплуатация и восстановление электросистем и пилотажно-навигационных комплексов боевых летательных аппаратов;специалитет;25.00.00;Аэронавигация и эксплуатация авиационной и ракетно-космической техники;Математика|Физика|Информатика;Физика|Математика;Информатика;0;военный авиатехник|авионика;Готовят в основном военные вузы: профотбор, медкомиссия, физподготовка
25.05.03;Техническая эксплуатация транспортного радиооборудования;специалитет;25.00.00;Аэронавигация и эксплуатация авиационной и ракетно-космической техники;Математика|Физика|Информатика;Физика|Математика;Информатика;0;авиационная радиотехника|радиооборудование;Специалитет
25.05.04;Летная эксплуатация и применение авиационных комплексов;специалитет;25.00.00;Аэронавигация и эксплуатация авиационной и ракетно-космической техники;Математика|Физика|Информатика;Физика|Математика;Информатика;0;военный лётчик|пилот|лётчик;Готовят в основном военные вузы: профотбор, медкомиссия, физподготовка
25.05.05;Эксплуатация воздушных судов и организация воздушного движения;специалитет;25.00.00;Аэронавигация и эксплуатация авиационной и ракетно-космической техники;Математика|Физика|Информатика;Математика|Физика;Информатика|Английский язык;0;пилот|лётчик|гражданская авиация|авиадиспетчер;Лётная подготовка: медкомиссия (ВЛЭК) и профотбор
26.03.01;Управление водным транспортом и гидрографическое обеспечение судоходства;бакалавриат;26.00.00;Техника и технологии кораблестроения и водного транспорта;Математика|Физика|Информатика;Математика|Физика;География|Информатика;0;водный транспорт|судоходство|портовое дело;
26.03.02;Кораблестроение, океанотехника и системотехника объектов морской инфраструктуры;бакалавриат;26.00.00;Техника и технологии кораблестроения и водного транспорта;Математика|Физика|Информатика;Физика|Математика;Информатика|Черчение;0;кораблестроение|судостроение|корабел;
26.03.03;Водные пути, порты и гидротехнические сооружения;бакалавриат;26.00.00;Техника и технологии кораблестроения и водного транспорта;Математика|Физика|Информатика;Математика|Физика;Информатика|География;0;гидротехник|порты|гидротехнические сооружения;
26.03.04;Инженерно-экономическое обеспечение технологий и бизнес-процессов водного транспорта;бакалавриат;26.00.00;Техника и технологии кораблестроения и водного транспорта;Математика|Информатика|Физика|Обществознание;Математика|Экономика;Обществознание|Информатика;0;экономика транспорта|морская логистика;
26.05.01;Проектирование и постройка кораблей, судов и объектов океанотехники;специалитет;26.00.00;Техника и технологии кораблестроения и водного транспорта;Математика|Физика|Информатика;Физика|Математика;Информатика|Черчение;0;кораблестроение|судостроение|корабел;Специалитет
26.05.02;Проектирование, изготовление и ремонт энергетических установок и систем автоматизации кораблей и судов;специалитет;26.00.00;Техника и технологии кораблестроения и водного транспорта;Математика|Физика|Информатика;Физика|Математика;Информатика;0;судовые энергоустановки|судостроение;Специалитет
26.05.03;Строительство, ремонт и поисково-спасательное обеспечение надводных кораблей и подводных лодок;специалитет;26.00.00;Техника и технологии кораблестроения и водного транспорта;Математика|Физика|Информатика;Физика|Математика;Информатика;0;подводные лодки|военно-морской флот;Готовят в основном военные вузы: профотбор, медкомиссия, физподготовка
26.05.04;Применение и эксплуатация технических систем надводных кораблей и подводных лодок;специалитет;26.00.00;Техника и технологии кораблестроения и водного транспорта;Математика|Физика|Информатика;Физика|Математика;Информатика;0;военно-морской флот|подводные лодки;Готовят в основном военные вузы: профотбор, медкомиссия, физподготовка
26.05.05;Судовождение;специалитет;26.00.00;Техника и технологии кораблестроения и водного транспорта;Математика|Физика|Информатика;Математика|Физика;География|Английский язык;0;моряк|штурман|капитан|судоводитель|мореходка;Медкомиссия, плавательская практика
26.05.06;Эксплуатация судовых энергетических установок;специалитет;26.00.00;Техника и технологии кораблестроения и водного транспорта;Математика|Физика|Информатика;Физика|Математика;Информатика;0;судовой механик|моряк|мореходка;Медкомиссия, плавательская практика
26.05.07;Эксплуатация судового электрооборудования и средств автоматики;специалитет;26.00.00;Техника и технологии кораблестроения и водного транспорта;Математика|Физика|Информатика;Физика|Математика;Информатика;0;судовой электромеханик|моряк|мореходка;Медкомиссия, плавательская практика
27.03.01;Стандартизация и метрология;бакалавриат;27.00.00;Управление в технических системах;Математика|Физика|Информатика;Математика|Физика;Информатика|Химия;0;метролог|стандартизация|сертификация;
27.03.02;Управление качеством;бакалавриат;27.00.00;Управление в технических системах;Математика|Физика|Информатика;Математика;Физика|Информатика|Экономика;0;менеджер по качеству|управление качеством;
27.03.03;Системный анализ и управление;бакалавриат;27.00.00;Управление в технических системах;Математика|Информатика|Физика;Математика|Информатика;Физика|Экономика;0;системный аналитик|системный анализ;
27.03.04;Управление в технических системах;бакалавриат;27.00.00;Управление в технических системах;Математика|Физика|Информатика;Математика|Физика|Информатика;Робототехника;1;УТС|автоматика|системы управления|автоматизация;
27.03.05;Инноватика;бакалавриат;27.00.00;Управление в технических системах;Математика|Физика|Информатика;Математика|Предпринимательство;Экономика|Физика|Информатика|Технология;0;инноватика|технологическое предпринимательство|стартапы|инновации;
27.05.01;Специальные организационно-технические системы;специалитет;27.00.00;Управление в технических системах;Математика|Физика|Информатика;Математика|Физика;Информатика;0;системотехника;Готовят в основном военные вузы: профотбор, медкомиссия, физподготовка
28.03.01;Нанотехнологии и микросистемная техника;бакалавриат;28.00.00;Нанотехнологии и наноматериалы;Математика|Физика|Информатика|Химия;Физика|Математика;Химия|Информатика;0;нанотехнологии|МЭМС|микросистемы;
28.03.02;Наноинженерия;бакалавриат;28.00.00;Нанотехнологии и наноматериалы;Математика|Физика|Информатика|Химия;Физика|Математика;Химия|Информатика;0;нанотехнологии|наноинженер;
28.03.03;Наноматериалы;бакалавриат;28.00.00;Нанотехнологии и наноматериалы;Математика|Химия|Физика|Информатика;Химия|Физика|Математика;Информатика;0;наноматериалы|нанотехнологии;
29.03.01;Технология изделий легкой промышленности;бакалавриат;29.00.00;Технологии легкой промышленности;Математика|Физика|Информатика|Химия;Математика|Технология;Физика|ИЗО;0;лёгкая промышленность|технолог швейного производства|обувь;
29.03.02;Технологии и проектирование текстильных изделий;бакалавриат;29.00.00;Технологии легкой промышленности;Математика|Физика|Информатика|Химия;Математика|Технология;Химия|Физика|ИЗО;0;текстиль|технолог текстильного производства;
29.03.03;Технология полиграфического и упаковочного производства;бакалавриат;29.00.00;Технологии легкой промышленности;Математика|Физика|Информатика|Химия;Математика|Физика;Информатика|Химия|Технология;0;полиграфия|печать|упаковка|типография;
29.03.04;Технология художественной обработки материалов;бакалавриат;29.00.00;Технологии легкой промышленности;Математика|Физика|Информатика|Химия;ИЗО|Технология|Математика;Искусство|Физика;0;ювелир|ювелирное дело|художественная обработка;Часто творческое испытание (рисунок, композиция)
29.03.05;Конструирование изделий легкой промышленности;бакалавриат;29.00.00;Технологии легкой промышленности;Математика|Физика|Информатика|Химия;Математика|Технология|ИЗО;Физика|Информатика;0;конструктор одежды|дизайн одежды|модельер;В ряде вузов творческое испытание
30.05.01;Медицинская биохимия;специалитет;30.00.00;Фундаментальная медицина;Химия|Биология;Химия|Биология;Физика|Математика;0;биохимик|врач-биохимик|медицинская биохимия;
30.05.02;Медицинская биофизика;специалитет;30.00.00;Фундаментальная медицина;Биология|Химия|Физика;Биология|Химия;Физика|Математика;0;биофизик|врач-биофизик;В части вузов второй предмет — физика вместо химии
30.05.03;Медицинская кибернетика;специалитет;30.00.00;Фундаментальная медицина;Биология|Химия|Математика|Информатика;Биология|Химия;Математика|Информатика|Физика;0;медкибернетика|врач-кибернетик|медицинская информатика;Обычно химия и биология, в части вузов — математика или информатика
31.05.01;Лечебное дело;специалитет;31.00.00;Клиническая медицина;Химия|Биология;Химия|Биология;;1;врач|медицина|медик|лечфак|хирург|терапевт;
31.05.02;Педиатрия;специалитет;31.00.00;Клиническая медицина;Химия|Биология;Химия|Биология;;1;педиатр|детский врач|педфак;
31.05.03;Стоматология;специалитет;31.00.00;Клиническая медицина;Химия|Биология;Химия|Биология;;1;стоматолог|зубной врач|стомат;
31.05.04;Остеопатия;специалитет;31.00.00;Клиническая медицина;Химия|Биология;Химия|Биология;;0;остеопат|остеопатия;Набор ведут лишь несколько вузов
32.05.01;Медико-профилактическое дело;специалитет;32.00.00;Науки о здоровье и профилактическая медицина;Химия|Биология;Химия|Биология;Экология;0;эпидемиолог|гигиенист|санитарный врач|профилактическая медицина;
33.05.01;Фармация;специалитет;33.00.00;Фармация;Химия|Биология;Химия|Биология;Физика;1;фармацевт|провизор|аптека|фармфак;Профильный — химия, второй предмет чаще биология, в части вузов физика или математика
34.03.01;Сестринское дело;бакалавриат;34.00.00;Сестринское дело;Химия|Биология;Химия|Биология;;0;медсестра|медбрат|медицинская сестра;
35.03.01;Лесное дело;бакалавриат;35.00.00;Сельское, лесное и рыбное хозяйство;Биология|Математика|Химия|География;Биология|Экология;Математика|География|Химия;0;лесник|лесное хозяйство|лесоводство;Профильный предмет различается: биология или математика
35.03.02;Технология лесозаготовительных и деревоперерабатывающих производств;бакалавриат;35.00.00;Сельское, лесное и рыбное хозяйство;Математика|Физика|Информатика|Химия;Математика|Физика;Информатика|Химия|Технология;0;деревообработка|лесозаготовка|технология древесины;
35.03.03;Агрохимия и агропочвоведение;бакалавриат;35.00.00;Сельское, лесное и рыбное хозяйство;Биология|Химия|Математика;Биология|Химия;Экология|География;0;агрохимик|почвовед|агрохимия;
35.03.04;Агрономия;бакалавриат;35.00.00;Сельское, лесное и рыбное хозяйство;Биология|Химия|Математика;Биология|Химия;Экология|География;0;агроном|растениеводство|сельское хозяйство;
35.03.05;Садоводство;бакалавриат;35.00.00;Сельское, лесное и рыбное хозяйство;Биология|Химия|Математика;Биология;Химия|Экология;0;садовод|плодоводство|цветоводство;
35.03.06;Агроинженерия;бакалавриат;35.00.00;Сельское, лесное и рыбное хозяйство;Математика|Физика|Информатика;Математика|Физика;Информатика|Технология|Робототехника;0;агроинженер|сельхозтехника|механизация сельского хозяйства;
35.03.07;Технология производства и переработки сельскохозяйственной продукции;бакалавриат;35.00.00;Сельское, лесное и рыбное хозяйство;Биология|Химия|Математика;Биология|Химия;Математика|Экология;0;переработка сельхозпродукции|технолог сельхозпродукции;
35.03.08;Водные биоресурсы и аквакультура;бакалавриат;35.00.00;Сельское, лесное и рыбное хозяйство;Биология|Химия|Математика|География;Биология;Экология|Химия|География;0;ихтиолог|рыбоводство|аквакультура;
35.03.09;Промышленное рыболовство;бакалавриат;35.00.00;Сельское, лесное и рыбное хозяйство;Математика|Физика|Биология;Математика|Физика;Биология|Технология;0;рыболовство|рыбный промысел;
35.03.10;Ландшафтная архитектура;бакалавриат;35.00.00;Сельское, лесное и рыбное хозяйство;Биология|Математика|География|Литература;Биология|ИЗО;Экология|Искусство|География;0;ландшафтный дизайн|ландшафтный архитектор|озеленение;В части вузов вместо одного ЕГЭ — творческое испытание по рисунку
35.03.11;Гидромелиорация;бакалавриат;35.00.00;Сельское, лесное и рыбное хозяйство;Математика|Физика|Информатика;Математика|Физика;География|Экология;0;мелиорация|мелиоратор;
36.03.01;Ветеринарно-санитарная экспертиза;бакалавриат;36.00.00;Ветеринария и зоотехния;Биология|Химия;Биология|Химия;Экология;0;ветсанэксперт|ветеринарная экспертиза;
36.03.02;Зоотехния;бакалавриат;36.00.00;Ветеринария и зоотехния;Биология|Химия|Математика;Биология;Химия|Экология;0;зоотехник|животноводство|кинология;
36.05.01;Ветеринария;специалитет;36.00.00;Ветеринария и зоотехния;Биология|Химия;Биология|Химия;Экология;1;ветеринар|ветврач|ветеринарный врач;
37.03.01;Психология;бакалавриат;37.00.00;Психологические науки;Биология|Математика|Обществознание;Психология|Биология|Обществознание;Математика|История;1;психолог|психология;Профильный ЕГЭ различается по вузам: биология, математика или обществознание
37.03.02;Конфликтология;бакалавриат;37.00.00;Психологические науки;Обществознание|История|Иностранный язык;Обществознание|Психология;История|Право;0;конфликтолог|медиатор|переговоры;
37.05.01;Клиническая психология;специалитет;37.00.00;Психологические науки;Биология|Математика|Обществознание;Психология|Биология;Обществознание|Химия;1;клинический психолог|медицинский психолог|нейропсихология;
37.05.02;Психология служебной деятельности;специалитет;37.00.00;Психологические науки;Биология|Обществознание|История;Психология|Обществознание|Биология;История|ОБЗР;0;служебная психология|психолог силовых структур;Чаще в ведомственных вузах, есть испытание по физподготовке
38.03.01;Экономика;бакалавриат;38.00.00;Экономика и управление;Математика|Обществознание|Иностранный язык|Информатика;Математика|Экономика|Обществознание;Информатика|Английский язык|География|Предпринимательство;1;экономист|экономика|финансы|финансист|бухгалтер|банковское дело;Профильный ЕГЭ — математика
38.03.02;Менеджмент;бакалавриат;38.00.00;Экономика и управление;Математика|Обществознание|Иностранный язык|Информатика;Математика|Экономика|Обществознание;Предпринимательство|Английский язык|Информатика|География;1;менеджер|менеджмент|управление|бизнес|маркетинг|логистика;Профильный ЕГЭ — математика
38.03.03;Управление персоналом;бакалавриат;38.00.00;Экономика и управление;Математика|Обществознание|Иностранный язык;Экономика|Обществознание|Математика;Психология|Право;0;HR|эйчар|кадры|рекрутинг;
38.03.04;Государственное и муниципальное управление;бакалавриат;38.00.00;Экономика и управление;Математика|Обществознание|История|Иностранный язык;Обществознание|Экономика|Математика;Право|История;1;ГМУ|госуправление|госслужба|государственное управление;
38.03.05;Бизнес-информатика;бакалавриат;38.00.00;Экономика и управление;Математика|Информатика|Обществознание|Иностранный язык;Математика|Информатика|Экономика;Обществознание|Предпринимательство;1;бизнес-информатика|бизнес-аналитик|аналитика данных;
38.03.06;Торговое дело;бакалавриат;38.00.00;Экономика и управление;Математика|Обществознание|Иностранный язык|География;Экономика|Обществознание|Математика;Предпринимательство|География;0;торговля|коммерция|продажи|маркетплейсы;
38.03.07;Товароведение;бакалавриат;38.00.00;Экономика и управление;Математика|Обществознание|Химия|Биология;Экономика|Математика|Обществознание;Химия|Биология|Предпринимательство;0;товаровед|экспертиза товаров;В части вузов профильный предмет — химия
38.03.10;Жилищное хозяйство и коммунальная инфраструктура;бакалавриат;38.00.00;Экономика и управление;Математика|Обществознание|Физика|Информатика;Математика|Экономика;Обществознание|Физика;0;ЖКХ|жилищное хозяйство|управление недвижимостью;
38.05.01;Экономическая безопасность;специалитет;38.00.00;Экономика и управление;Математика|Обществознание|Иностранный язык|Информатика;Экономика|Математика|Обществознание;Право|Информатика;1;экономическая безопасность|финансовая безопасность|финансовый контроль;
38.05.02;Таможенное дело;специалитет;38.00.00;Экономика и управление;Обществознание|Математика|История|Иностранный язык;Обществознание|Экономика|Право;Математика|История|Английский язык|География;0;таможня|таможенник|таможенное дело;Профильный ЕГЭ различается: обществознание или математика. В ведомственных вузах есть физподготовка
39.03.01;Социология;бакалавриат;39.00.00;Социология и социальная работа;Математика|Обществознание|История|Иностранный язык;Обществознание|Математика;История|Экономика|Психология;1;социолог|социология|опросы;
39.03.02;Социальная работа;бакалавриат;39.00.00;Социология и социальная работа;История|Обществознание;Обществознание|История;Психология|Право;0;соцработник|социальный работник;
39.03.03;Организация работы с молодежью;бакалавриат;39.00.00;Социология и социальная работа;История|Обществознание;Обществознание|История;Психология|Право;0;работа с молодёжью|молодёжная политика;
40.03.01;Юриспруденция;бакалавриат;40.00.00;Юриспруденция;Обществознание|История|Иностранный язык;Обществознание|Право|История;Английский язык|Экономика;1;юрист|юриспруденция|право|юрфак|адвокат|нотариус;Профильный ЕГЭ — обществознание, в части вузов история. Олимпиады по праву засчитываются как обществознание
40.03.02;Обеспечение законности и правопорядка;бакалавриат;40.00.00;Юриспруденция;Обществознание|История;Обществознание|Право|История;Английский язык;0;правопорядок|правоохранительные органы|полиция;
40.05.01;Правовое обеспечение национальной безопасности;специалитет;40.00.00;Юриспруденция;Обществознание|История|Иностранный язык;Обществознание|Право|История;Английский язык|ОБЗР;0;национальная безопасность|юрист силовых структур;Часто ведомственный набор с физподготовкой
40.05.02;Правоохранительная деятельность;специалитет;40.00.00;Юриспруденция;Обществознание|История;Обществознание|Право|История;ОБЗР;0;полиция|следователь|МВД|правоохранительные органы;Чаще в вузах МВД и других ведомств: физподготовка и медкомиссия
40.05.03;Судебная экспертиза;специалитет;40.00.00;Юриспруденция;Обществознание|Математика|Химия|История;Обществознание|Право|Математика;Химия|Биология|Физика|История;0;судебный эксперт|криминалист|криминалистика;Профильный ЕГЭ зависит от специализации: обществознание, математика или химия
40.05.04;Судебная и прокурорская деятельность;специалитет;40.00.00;Юриспруденция;Обществознание|История;Обществознание|Право|История;Английский язык;0;прокурор|судья|прокуратура;
41.03.01;Зарубежное регионоведение;бакалавриат;41.00.00;Политические науки и регионоведение;История|Иностранный язык|Обществознание|География;История|Английский язык|Обществознание;Немецкий язык|Французский язык|Китайский язык|Испанский язык|География|Экономика;1;регионоведение|страноведение|зарубежное регионоведение;
41.03.02;Регионоведение России;бакалавриат;41.00.00;Политические науки и регионоведение;История|Обществознание|География;История|Обществознание;География|Экономика;0;регионоведение России|регионы России;
41.03.04;Политология;бакалавриат;41.00.00;Политические науки и регионоведение;История|Обществознание|Иностранный язык;Обществознание|История;Право|Экономика|Английский язык;1;политолог|политология|политика;
41.03.05;Международные отношения;бакалавриат;41.00.00;Политические науки и регионоведение;История|Иностранный язык|Обществознание;История|Обществознание|Английский язык;Немецкий язык|Французский язык|Китайский язык|Испанский язык|Экономика|Право|География;1;МО|международник|дипломат|МГИМО|международные отношения;Профильный ЕГЭ — история или иностранный язык, часто есть ДВИ по языку
41.03.06;Публичная политика и социальные науки;бакалавриат;41.00.00;Политические науки и регионоведение;Обществознание|История|Математика;Обществознание|История;Экономика|Право|Математика;0;публичная политика|социальные науки;
42.03.01;Реклама и связи с общественностью;бакалавриат;42.00.00;Средства массовой информации и информационно-библиотечное дело;Обществознание|Литература|История|Иностранный язык;Обществознание|Литература;Русский язык|Английский язык|Экономика|Искусство;1;реклама|PR|пиар|связи с общественностью|маркетинг;В части вузов есть творческое испытание
42.03.02;Журналистика;бакалавриат;42.00.00;Средства массовой информации и информационно-библиотечное дело;Литература|Обществознание|История|Иностранный язык;Литература|Русский язык;Обществознание|История|Искусство;1;журналист|журналистика|журфак|медиа|СМИ;Обязательное творческое испытание. Олимпиад по журналистике в каталоге нет — ближе всего литература и русский язык
42.03.03;Издательское дело;бакалавриат;42.00.00;Средства массовой информации и информационно-библиотечное дело;Литература|Обществознание|История|Информатика;Литература|Русский язык;Обществознание|Информатика|ИЗО;0;издательство|редактор|книгоиздание;
42.03.04;Телевидение;бакалавриат;42.00.00;Средства массовой информации и информационно-библиотечное дело;Литература|Обществознание|История;Литература|Русский язык;Искусство|Обществознание;0;телевидение|тележурналист|ТВ;Творческое испытание
42.03.05;Медиакоммуникации;бакалавриат;42.00.00;Средства массовой информации и информационно-библиотечное дело;Литература|Обществознание|История|Иностранный язык;Литература|Обществознание|Русский язык;Английский язык|Искусство|Информатика;1;медиа|медиакоммуникации|SMM|контент;В части вузов творческое испытание или ДВИ
43.03.01;Сервис;бакалавриат;43.00.00;Сервис и туризм;Обществознание|Математика|История|География;Обществознание|Экономика;Предпринимательство|Математика;0;сервис|сфера услуг;
43.03.02;Туризм;бакалавриат;43.00.00;Сервис и туризм;Обществознание|География|История|Иностранный язык;География|Обществознание|История;Английский язык|Экономика|Предпринимательство;0;туризм|турменеджер|туристический бизнес;Профильный ЕГЭ различается: география, обществознание или история
43.03.03;Гостиничное дело;бакалавриат;43.00.00;Сервис и туризм;Обществознание|Математика|История|Иностранный язык;Обществознание|Экономика;Английский язык|Предпринимательство;0;гостиничный бизнес|отельер|гостиничное дело;
44.03.01;Педагогическое образование;бакалавриат;44.00.00;Образование и педагогические науки;Обществознание|Математика|История|Биология|Литература|Иностранный язык|Физика|Химия|Информатика|География;Обществознание;Математика|Русский язык|История|Литература|Биология|Английский язык|Физика|Химия|Информатика|География|Психология;1;учитель|педагог|пед|педагогический;Профильный предмет совпадает с профилем подготовки (предметом, который будет преподавать). Обществознание — для общих педагогических профилей
44.03.02;Психолого-педагогическое образование;бакалавриат;44.00.00;Образование и педагогические науки;Биология|Обществознание|Математика;Психология|Обществознание|Биология;История|Русский язык;0;школьный психолог|психолог-педагог;
44.03.03;Специальное (дефектологическое) образование;бакалавриат;44.00.00;Образование и педагогические науки;Биология|Обществознание;Биология|Психология;Обществознание|Русский язык;0;дефектолог|логопед|сурдопедагог|дефектология;Профильный ЕГЭ — чаще биология, иногда обществознание
44.03.04;Профессиональное обучение (по отраслям);бакалавриат;44.00.00;Образование и педагогические науки;Обществознание|Математика|Физика|Информатика;Обществознание|Технология;Математика|Физика|Информатика|Экономика;0;профобучение|мастер производственного обучения;Профильный предмет зависит от отрасли
44.03.05;Педагогическое образование (с двумя профилями подготовки);бакалавриат;44.00.00;Образование и педагогические науки;Обществознание|Математика|История|Биология|Литература|Иностранный язык|Физика|Химия|Информатика|География;Обществознание;Математика|Русский язык|История|Литература|Биология|Английский язык|Физика|Химия|Информатика|География|Психология;1;учитель|педагог|пед|учитель двух предметов;Профильный предмет совпадает с одним из профилей подготовки. Обществознание — для общих педагогических профилей
44.05.01;Педагогика и психология девиантного поведения;специалитет;44.00.00;Образование и педагогические науки;Биология|Обществознание|История;Психология|Обществознание;Биология|Право;0;социальный педагог|девиантное поведение;
45.03.01;Филология;бакалавриат;45.00.00;Языкознание и литературоведение;Литература|Иностранный язык|История|Обществознание;Литература|Русский язык|Лингвистика;Английский язык|Немецкий язык|Французский язык|Латинский язык|История;1;филолог|филфак|литературовед|русский язык и литература;Для зарубежной филологии профильный ЕГЭ — иностранный язык
45.03.02;Лингвистика;бакалавриат;45.00.00;Языкознание и литературоведение;Иностранный язык|История|Обществознание|Литература;Английский язык|Немецкий язык|Французский язык|Лингвистика;Китайский язык|Испанский язык|Итальянский язык|Японский язык|Корейский язык|Арабский язык|Русский язык;1;лингвист|иняз|иностранные языки|переводчик;Профильный ЕГЭ — иностранный язык. Подходит олимпиада по любому изучаемому языку
45.03.03;Фундаментальная и прикладная лингвистика;бакалавриат;45.00.00;Языкознание и литературоведение;Математика|Иностранный язык|Литература|Информатика;Лингвистика|Математика|Русский язык;Информатика|Английский язык;1;ФиПЛ|прикладная лингвистика|компьютерная лингвистика|NLP;Во многих вузах профильный ЕГЭ — математика
45.03.04;Интеллектуальные системы в гуманитарной сфере;бакалавриат;45.00.00;Языкознание и литературоведение;Математика|Информатика|Литература;Информатика|Математика|Лингвистика;Русский язык|Английский язык;0;интеллектуальные системы|цифровые гуманитарные науки;
45.05.01;Перевод и переводоведение;специалитет;45.00.00;Языкознание и литературоведение;Иностранный язык|Литература|История|Обществознание;Английский язык|Немецкий язык|Французский язык|Лингвистика;Китайский язык|Испанский язык|Итальянский язык|Японский язык|Арабский язык|Русский язык;1;переводчик|перевод|переводоведение;Профильный ЕГЭ — иностранный язык. Подходит олимпиада по любому изучаемому языку
46.03.01;История;бакалавриат;46.00.00;История и археология;История|Обществознание|Иностранный язык;История;Обществознание|Право|Искусство|Литература;1;историк|истфак|история;
46.03.02;Документоведение и архивоведение;бакалавриат;46.00.00;История и археология;История|Обществознание|Информатика;История|Обществознание;Право|Информатика|Русский язык;0;архивист|документовед|делопроизводство;
46.03.03;Антропология и этнология;бакалавриат;46.00.00;История и археология;История|Обществознание|Биология|Иностранный язык;История;Обществознание|Биология|География;0;антрополог|этнограф|этнология;
46.03.04;Археология;бакалавриат;46.00.00;История и археология;История|Обществознание|Иностранный язык;История;Искусство|Обществознание|География;0;археолог|археология|раскопки;
47.03.01;Философия;бакалавриат;47.00.00;Философия, этика и религиоведение;Обществознание|История|Иностранный язык;Обществознание|История;Литература|Математика|Экономика;0;философ|философия;Олимпиад по философии в каталоге нет — ближе всего обществознание
47.03.02;Прикладная этика;бакалавриат;47.00.00;Философия, этика и религиоведение;Обществознание|История;Обществознание|История;Психология|Право;0;этика|прикладная этика;
47.03.03;Религиоведение;бакалавриат;47.00.00;Философия, этика и религиоведение;История|Обществознание;История|Обществознание;Литература|Искусство;0;религиовед|религиоведение|история религий;
48.03.01;Теология;бакалавриат;48.00.00;Теология;История|Обществознание|Литература;История|Обществознание;Литература|Латинский язык|Арабский язык;0;теолог|теология|богословие;В конфессиональных вузах дополнительно собеседование
49.03.01;Физическая культура;бакалавриат;49.00.00;Физическая культура и спорт;Биология|Обществознание;Физическая культура|Биология;ОБЗР|Обществознание;1;физкультура|учитель физкультуры|физрук|тренер|спорт;Дополнительное испытание по общей физической подготовке
49.03.02;Физическая культура для лиц с отклонениями в состоянии здоровья (адаптивная физическая культура);бакалавриат;49.00.00;Физическая культура и спорт;Биология|Обществознание;Физическая культура|Биология;ОБЗР|Обществознание;0;АФК|адаптивная физкультура|реабилитация;Дополнительное испытание по общей физической подготовке
49.03.03;Рекреация и спортивно-оздоровительный туризм;бакалавриат;49.00.00;Физическая культура и спорт;Биология|Обществознание|География;Физическая культура|География;Биология|ОБЗР;0;спортивный туризм|рекреация|фитнес;Дополнительное испытание по физической подготовке
49.03.04;Спорт;бакалавриат;49.00.00;Физическая культура и спорт;Биология|Обществознание;Физическая культура|Биология;ОБЗР;0;спорт|тренер по виду спорта|спортсмен;Профессиональное испытание по виду спорта
50.03.01;Искусства и гуманитарные науки;бакалавриат;50.00.00;Искусствознание;Литература|История|Обществознание|Иностранный язык;Искусство|Литература|История;ИЗО|Обществознание|Английский язык;0;искусства и гуманитарные науки|либеральное образование;
50.03.02;Изящные искусства;бакалавриат;50.00.00;Искусствознание;Литература|История|Обществознание;Искусство|ИЗО;Литература|История;0;изящные искусства|художник;Творческое испытание
50.03.03;История искусств;бакалавриат;50.00.00;Искусствознание;История|Литература|Обществознание|Иностранный язык;Искусство|История;Литература|ИЗО;0;искусствовед|история искусств|искусствоведение;Основной профиль — олимпиада по искусству (МХК)
50.03.04;Теория и история искусств;бакалавриат;50.00.00;Искусствознание;История|Литература|Обществознание|Иностранный язык;Искусство|История;Литература|ИЗО;0;искусствовед|теория искусств;Основной профиль — олимпиада по искусству (МХК)
51.03.01;Культурология;бакалавриат;51.00.00;Культуроведение и социокультурные проекты;История|Обществознание|Литература|Иностранный язык;Искусство|История|Обществознание;Литература;0;культуролог|культурология;
51.03.02;Народная художественная культура;бакалавриат;51.00.00;Культуроведение и социокультурные проекты;Литература|История|Обществознание;Искусство;Литература|История|ИЗО;0;народное творчество|фольклор;Творческое испытание
51.03.03;Социально-культурная деятельность;бакалавриат;51.00.00;Культуроведение и социокультурные проекты;История|Обществознание|Литература;Обществознание|Искусство;История|Литература;0;организатор мероприятий|ивент|культурно-досуговая деятельность;В части вузов творческое испытание
51.03.04;Музеология и охрана объектов культурного и природного наследия;бакалавриат;51.00.00;Культуроведение и социокультурные проекты;История|Обществознание|Иностранный язык;История|Искусство;Обществознание|Литература;0;музеология|музейное дело|музейщик;
51.03.05;Режиссура театрализованных представлений и праздников;бакалавриат;51.00.00;Культуроведение и социокультурные проекты;Литература|История|Обществознание;Искусство|Литература;История;0;режиссёр праздников|режиссура массовых мероприятий;Творческое испытание
51.03.06;Библиотечно-информационная деятельность;бакалавриат;51.00.00;Культуроведение и социокультурные проекты;История|Обществознание|Литература|Информатика;Литература|История;Информатика|Русский язык|Обществознание;0;библиотекарь|библиотечное дело;
51.05.01;Звукорежиссура культурно-массовых представлений и концертных программ;специалитет;51.00.00;Культуроведение и социокультурные проекты;Литература|История|Физика;Искусство;Физика|Литература;0;звукорежиссёр|звукорежиссура|саунд-продюсер;Творческое испытание (музыкальная подготовка)
52.03.01;Хореографическое искусство;бакалавриат;52.00.00;Сценические искусства и литературное творчество;Литература|История|Обществознание;Искусство;Литература|История|Физическая культура;0;хореограф|балетмейстер|танцы;Творческое испытание по хореографии
52.03.02;Хореографическое исполнительство;бакалавриат;52.00.00;Сценические искусства и литературное творчество;Литература|История|Обществознание;Искусство;Литература|История|Физическая культура;0;артист балета|балет|танцор;Творческое испытание по хореографии
52.03.03;Цирковое искусство;бакалавриат;52.00.00;Сценические искусства и литературное творчество;Литература|История;Искусство;Физическая культура|Литература;0;цирк|артист цирка;Творческое испытание
52.03.04;Технология художественного оформления спектакля;бакалавриат;52.00.00;Сценические искусства и литературное творчество;Литература|История|Математика;ИЗО|Искусство;Технология|Черчение;0;театральный художник|театральные технологии|сценический свет;Творческое испытание по рисунку
52.03.05;Театроведение;бакалавриат;52.00.00;Сценические искусства и литературное творчество;Литература|История|Обществознание;Искусство|Литература;История|Русский язык;0;театровед|театральный критик;Творческое испытание
52.03.06;Драматургия;бакалавриат;52.00.00;Сценические искусства и литературное творчество;Литература|История;Литература|Искусство;Русский язык|История;0;драматург|сценарист;Творческий конкурс
52.05.01;Актерское искусство;специалитет;52.00.00;Сценические искусства и литературное творчество;Литература|История|Обществознание;Искусство|Литература;История;0;актёр|актриса|театральный|актёрское мастерство;Решающий — творческий конкурс, олимпиады на поступление почти не влияют
52.05.02;Режиссура театра;специалитет;52.00.00;Сценические искусства и литературное творчество;Литература|История|Обществознание;Искусство|Литература;История;0;режиссёр|театральный режиссёр;Творческий конкурс
52.05.03;Сценография;специалитет;52.00.00;Сценические искусства и литературное творчество;Литература|История;ИЗО|Искусство;Литература;0;сценограф|театральный художник;Творческое испытание по рисунку и живописи
52.05.04;Литературное творчество;специалитет;52.00.00;Сценические искусства и литературное творчество;Литература|История|Обществознание;Литература|Русский язык;Искусство|История;0;писатель|поэт|литинститут|писательство;Творческий конкурс по присланным текстам
52.05.05;Актерское искусство в музыкальном театре;специалитет;52.00.00;Сценические искусства и литературное творчество;Литература|История;Искусство;Литература;0;артист мюзикла|артист-вокалист|музыкальный театр;Творческое испытание по вокалу и актёрскому мастерству
53.03.01;Музыкальное искусство эстрады;бакалавриат;53.00.00;Музыкальное искусство;Литература|История|Обществознание;Искусство;Литература|История;0;эстрада|эстрадный вокал|джаз;Профессиональное испытание по специальности
53.03.02;Музыкально-инструментальное искусство;бакалавриат;53.00.00;Музыкальное искусство;Литература|История|Обществознание;Искусство;Литература|История;0;музыкант|инструменталист|фортепиано;Профессиональное испытание по специальности
53.03.03;Вокальное искусство;бакалавриат;53.00.00;Музыкальное искусство;Литература|История|Обществознание;Искусство;Литература|История;0;вокал|певец|оперное пение;Профессиональное испытание по специальности
53.03.04;Искусство народного пения;бакалавриат;53.00.00;Музыкальное искусство;Литература|История|Обществознание;Искусство;Литература|История;0;народное пение|фольклор;Профессиональное испытание по специальности
53.03.05;Дирижирование;бакалавриат;53.00.00;Музыкальное искусство;Литература|История|Обществознание;Искусство;Литература|История;0;дирижёр|хормейстер;Профессиональное испытание по специальности
53.03.06;Музыкознание и музыкально-прикладное искусство;бакалавриат;53.00.00;Музыкальное искусство;Литература|История|Обществознание;Искусство;Литература|История;0;музыковед|музыкальная журналистика|аранжировка;Профессиональное испытание по специальности
53.05.01;Искусство концертного исполнительства;специалитет;53.00.00;Музыкальное искусство;Литература|История|Обществознание;Искусство;Литература|История;0;концертный исполнитель|солист|пианист;Профессиональное испытание по специальности
53.05.02;Художественное руководство оперно-симфоническим оркестром и академическим хором;специалитет;53.00.00;Музыкальное искусство;Литература|История|Обществознание;Искусство;Литература|История;0;дирижёр оркестра|дирижёр хора;Профессиональное испытание по специальности
53.05.03;Музыкальная звукорежиссура;специалитет;53.00.00;Музыкальное искусство;Литература|История|Обществознание;Искусство;Физика|Литература;0;звукорежиссёр|звукорежиссура|саунд-продюсер;Профессиональное испытание по специальности
53.05.04;Музыкально-театральное искусство;специалитет;53.00.00;Музыкальное искусство;Литература|История|Обществознание;Искусство;Литература|История;0;оперный певец|солист-вокалист|музыкальный театр;Профессиональное испытание по специальности
53.05.05;Музыковедение;специалитет;53.00.00;Музыкальное искусство;Литература|История|Обществознание;Искусство;Литература|История;0;музыковед|музыковедение;Профессиональное испытание по специальности
53.05.06;Композиция;специалитет;53.00.00;Музыкальное искусство;Литература|История|Обществознание;Искусство;Литература|История;0;композитор|сочинение музыки;Профессиональное испытание по специальности
53.05.07;Дирижирование военным духовым оркестром;специалитет;53.00.00;Музыкальное искусство;Литература|История|Обществознание;Искусство;Литература|История|ОБЗР;0;военный дирижёр|военный оркестр;Профессиональное испытание по специальности. Ведомственный вуз, есть физподготовка
54.03.01;Дизайн;бакалавриат;54.00.00;Изобразительное и прикладные виды искусств;Литература|История|Обществознание|Математика|Информатика;ИЗО|Искусство;Черчение|Технология|Литература|Информатика;1;дизайнер|дизайн|графический дизайн|веб-дизайн|дизайн интерьера|UX/UI;Творческие испытания по рисунку, живописи или композиции
54.03.02;Декоративно-прикладное искусство и народные промыслы;бакалавриат;54.00.00;Изобразительное и прикладные виды искусств;Литература|История|Обществознание;ИЗО|Искусство;Технология|Литература;0;ДПИ|народные промыслы|декоративно-прикладное искусство;Творческое испытание по рисунку и композиции
54.03.03;Искусство костюма и текстиля;бакалавриат;54.00.00;Изобразительное и прикладные виды искусств;Литература|История|Обществознание;ИЗО|Искусство;Технология|Литература;0;дизайн одежды|модельер|текстиль;Творческое испытание по рисунку и композиции
54.03.04;Реставрация;бакалавриат;54.00.00;Изобразительное и прикладные виды искусств;Литература|История|Химия;ИЗО|Искусство;История|Химия;0;реставратор|реставрация;Творческое испытание по рисунку и живописи
54.03.05;Традиционное прикладное искусство;бакалавриат;54.00.00;Изобразительное и прикладные виды искусств;Литература|История|Обществознание;ИЗО|Искусство;Технология|Литература;0;прикладное искусство|художественные промыслы;Творческое испытание по рисунку и композиции
54.05.01;Монументально-декоративное искусство;специалитет;54.00.00;Изобразительное и прикладные виды искусств;Литература|История|Обществознание;ИЗО|Искусство;Литература|История;0;монументалист|роспись|мозаика;Творческое испытание по рисунку, живописи и композиции
54.05.02;Живопись;специалитет;54.00.00;Изобразительное и прикладные виды искусств;Литература|История|Обществознание;ИЗО|Искусство;Литература|История;0;художник|живописец|живопись;Творческое испытание по рисунку, живописи и композиции
54.05.03;Графика;специалитет;54.00.00;Изобразительное и прикладные виды искусств;Литература|История|Обществознание;ИЗО|Искусство;Литература|История;0;график|иллюстратор|художник-аниматор;Творческое испытание по рисунку, живописи и композиции
54.05.04;Скульптура;специалитет;54.00.00;Изобразительное и прикладные виды искусств;Литература|История|Обществознание;ИЗО|Искусство;Литература|История;0;скульптор|скульптура;Творческое испытание по рисунку и скульптуре
54.05.05;Живопись и изящные искусства;специалитет;54.00.00;Изобразительное и прикладные виды искусств;Литература|История|Обществознание;ИЗО|Искусство;Литература|История;0;художник|изящные искусства;Творческое испытание по рисунку, живописи и композиции
55.05.01;Режиссура кино и телевидения;специалитет;55.00.00;Экранные искусства;Литература|История|Обществознание;Искусство|Литература;История|ИЗО;0;кинорежиссёр|режиссёр кино|режиссура|ВГИК;Творческий конкурс
55.05.02;Звукорежиссура аудиовизуальных искусств;специалитет;55.00.00;Экранные искусства;Литература|Физика|Математика;Искусство;Физика|Литература;0;звукорежиссёр|звук в кино;Творческое испытание
55.05.03;Кинооператорство;специалитет;55.00.00;Экранные искусства;Литература|История|Обществознание;Искусство|ИЗО;Литература|Физика;0;кинооператор|оператор|телеоператор;Творческое испытание
55.05.04;Продюсерство;специалитет;55.00.00;Экранные искусства;Литература|Обществознание|История;Искусство|Обществознание;Экономика|Литература|Предпринимательство;0;продюсер|кинопродюсер;Творческое испытание
55.05.05;Киноведение;специалитет;55.00.00;Экранные искусства;Литература|История;Искусство|Литература;История;0;киновед|кинокритик;Творческое испытание
58.03.01;Востоковедение и африканистика;бакалавриат;58.00.00;Востоковедение и африканистика;История|Иностранный язык|Обществознание;История|Китайский язык|Японский язык|Арабский язык;Корейский язык|Английский язык|Обществознание|Лингвистика|География;1;востоковед|востоковедение|китаист|японист|арабист|ИСАА;Подходит олимпиада по любому восточному языку. Старый код 41.03.03 закрыт с 2017 года
