slug;name;aliases;catalog_group;catalog_exclude;schedule_review;note
innopolis-open;Innopolis Open;Международная олимпиада Иннополиса|Международная олимпиада Innopolis Open;Международная олимпиада Innopolis Open;;;
belchonok;Бельчонок;Университетская олимпиада школьников «Бельчонок»;Университетская олимпиада школьников «Бельчонок»;;;
future-of-siberia;Будущее Сибири;"Открытая межвузовская олимпиада школьников ""Будущее Сибири""";Открытая межвузовская олимпиада школьников «Будущее Сибири»;;;
future-researchers;Будущие исследователи — будущее науки;"Межрегиональная олимпиада школьников ""Будущие исследователи - будущее науки""|Олимпиада «Будущие исследователи - будущее науки»";Олимпиада «Будущие исследователи - будущее науки»;;;
vguyu-law;В мир права;"Олимпиада школьников федерального государственного бюджетного образовательного учреждения высшего образования ""Всероссийский государственный университет юстиции (РПА Минюста России)"" ""В мир права""";;;;
vernadsky;Всероссийская академическая олимпиада школьников имени В.И. Вернадского;;;;;
ai-olympiad;Всероссийская олимпиада по искусственному интеллекту;Всероссийская олимпиада по искусственному интеллекту (с возможностью участия иностранных обучающихся);;;;
sechenov;Всероссийская Сеченовская олимпиада школьников;;;;;
tolstoy;Всероссийская Толстовская олимпиада школьников;Всероссийская Толстовская олимпиада;Всероссийская Толстовская олимпиада;;;
vsesib;Всесибирская открытая олимпиада школьников;;Всесибирская открытая олимпиада школьников;;;
vsosh-astronomy;ВсОШ по астрономии;;;;;
vsosh-biology;ВсОШ по биологии;;;;;
vsosh-informatics;ВсОШ по информатике;;;;;
vsosh-mathematics;ВсОШ по математике;;;;;
vsosh-social-studies;ВсОШ по обществознанию;;;;;
vsosh-physics;ВсОШ по физике;;;;;
vsosh-chemistry;ВсОШ по химии;;;;;
vsosh-ecology;ВсОШ по экологии;;;;;
vsosh-economics;ВсОШ по экономике;;;;;
vuz-academic-informatics;Вузовско-академическая олимпиада по информатике;;;;;
hse-vysshaya-proba;Высшая проба;"Всероссийская олимпиада школьников ""Высшая проба""|Олимпиада «Высшая проба»";Олимпиада «Высшая проба»;5815;;Не входят в серию: 5815 — DANO — отдельная олимпиада, на olimpiada.ru лежит в объединении «Высшей пробы».
gazprom;Газпром;"Отраслевая олимпиада школьников ""Газпром""|Олимпиада «Газпром»";;;;
herzen;Герценовская олимпиада школьников;;Герценовские олимпиады школьников;;;
spb-city-physics;Городская открытая олимпиада школьников по физике;Санкт-Петербургская олимпиада школьников по физике;;;;С 2026 года на olimpiada.ru называется «Санкт-Петербургская олимпиада школьников по физике».
granit-nauki;Гранит науки;"Олимпиада школьников ""Гранит науки""|Олимпиада «Гранит науки»";Олимпиада «Гранит науки»;;;
eurasian-linguistic;Евразийская лингвистическая олимпиада;"Международная олимпиада школьников ""Евразийская лингвистическая олимпиада""";;;;
zvezda;Звезда;"Многопрофильная инженерная олимпиада ""Звезда""";Многопрофильная инженерная олимпиада «Звезда»;;;
izumrud;Изумруд;"Международная олимпиада школьников Уральского федерального университета ""Изумруд""|Международная олимпиада УрФУ для школьников «Изумруд»";Международная олимпиада УрФУ для школьников «Изумруд»;;;
engineering-olympiad;Инженерная олимпиада школьников;;;;;
innagrika;Иннагрика;"Всероссийская олимпиада по агрогенетике ""Иннагрика""";;;;
internet-physics;Интернет-олимпиада школьников по физике;;;;;
art-of-graphics;Искусство графики;"Международная олимпиада школьников ""Искусство графики""";;;;
cognitive-technologies;Когнитивные технологии;"Открытая олимпиада школьников по программированию ""Когнитивные технологии""";;;;
culture-and-art;Культура и искусство;"Олимпиада по комплексу предметов ""Культура и искусство""";;;;
kutafin;Кутафинская олимпиада школьников по праву;;;;;
lomonosov;Ломоносов;"Олимпиада школьников ""Ломоносов""";Олимпиада школьников «Ломоносов»;;;
music-olympiad;Международная музыкальная олимпиада;;Международная музыкальная олимпиада;;;
financial-security;Международная олимпиада по финансовой безопасности;;;;;
architecture-art;Межрегиональная олимпиада «Архитектура и искусство»;"Межрегиональная олимпиада школьников ""Архитектура и искусство"" по комплексу предметов (рисунок, композиция)";;;;
verchenko;Межрегиональная олимпиада школьников имени И.Я. Верченко;;;;;
departmental;Межрегиональная олимпиада школьников на базе ведомственных образовательных организаций;;Олимпиада школьников на базе ведомственных образовательных организаций;;;
sarkisov;Межрегиональная химическая олимпиада школьников имени академика П.Д. Саркисова;Химическая олимпиада имени академика П. Д. Саркисова;;;;
mission-financier;Миссия выполнима. Твоё призвание — финансист!;"Всероссийская олимпиада школьников ""Миссия выполнима Твое призвание - финансист!""|Олимпиада «Миссия выполнима. Твое призвание – финансист!»";Олимпиада «Миссия выполнима. Твое призвание – финансист!»;;;
mosh;Московская олимпиада школьников;;Московская олимпиада школьников;;;
moscow-geology;Московская открытая олимпиада школьников по геологии;;;;;
energy-hope;Надежда энергетики;"Олимпиада школьников ""Надежда энергетики""";;;;
umov-robofest;Научно-практическая олимпиада имени Н.А. Умова (до 2026 года — «Робофест»);Робофест|Научно-практическая олимпиада школьников имени Н.А. Умова|Научно-практическая олимпиада имени Н.А. Умова;;;;До 2026 года — олимпиада «Робофест». Профиль «информатика» (olimpiada.ru/activity/5406) в этом году не проводится.
nto;НТО;"Национальная технологическая олимпиада|Всероссийская междисциплинарная олимпиада школьников 8-11 классов ""Национальная технологическая олимпиада""";;;;
defense-tech;Оборонно-техническая олимпиада;гохническая олимпиада;;;;«гохническая олимпиада» в файле льгот — искажённое при распознавании название этой олимпиады.
omo;Объединенная межвузовская олимпиада школьников;;;;;
ocean-of-knowledge;Океан знаний;Олимпиада «Океан знаний»;Олимпиада «Океан знаний»;;;
tatlin;Олимпиада имени В.Е. Татлина;Межрегиональная олимпиада школьников имени В.Е. Татлина;;;;
kurchatov;Олимпиада Курчатов;;;;;
mgimo;Олимпиада МГИМО МИД России для школьников;Олимпиада МГИМО|Олимпиада МГИМО(У) МИД России для школьников;;;;
ranepa;Олимпиада РАНХиГС;Олимпиада школьников Российской академии народного хозяйства и государственной службы при Президенте Российской Федерации;Олимпиада РАНХиГС;;;
rggu;Олимпиада РГГУ для школьников;;Олимпиада РГГУ для школьников;;;
spbu;Олимпиада СПбГУ;Олимпиада школьников Санкт-Петербургского государственного университета;Олимпиада СПбГУ;;;
informatics-programming;Олимпиада школьников по информатике и программированию;;;;;
yumsh;Олимпиада Юношеской математической школы;;;;;
kfu;Олимпиады КФУ;"Межрегиональные предметные олимпиады федерального государственного автономного образовательного учреждения высшего образования ""Казанский (Приволжский) федеральный университет""|Олимпиада Казанского федерального университета";Олимпиада Казанского федерального университета;;;
ormo;ОРМО;Открытая региональная межвузовская олимпиада школьников (ОРМО) с международным участием|Открытая региональная межвузовская олимпиада школьников;Открытая региональная межвузовская олимпиада школьников;;;
orthodox-culture;Основы православной культуры;"Общероссийская олимпиада школьников ""Основы православной культуры""";;;;
open-olympiad;Открытая олимпиада школьников;;;;;
open-programming;Открытая олимпиада школьников по программированию;;;;;
open-chemistry;Открытая химическая олимпиада;;;;;
pirogov;Пироговская олимпиада для школьников по химии и биологии;;;;;
plekhanov;Плехановская олимпиада школьников;;Плехановская олимпиада школьников;;;
pokori-vorobyovy-gory;Покори Воробьёвы горы!;"Покори Воробьевы гор!|Олимпиада школьников ""Покори Воробьевы горы!""|Олимпиада «Покори Воробьевы горы!»";Олимпиада «Покори Воробьевы горы!»;;;
mendeleev-descendants;Потомки Менделеева;"Олимпиада по химии и химической технологии ""Потомки Менделеева""";;;;
chelyabinsk-contest;Региональный конкурс школьников Челябинского университетского образовательного округа;;Региональный конкурс школьников Челябинского университетского образовательного округа;;;
rosatom;Росатом;"Отраслевая физико-математическая олимпиада школьников ""Росатом""|Физико-математическая олимпиада «Росатом»";Физико-математическая олимпиада «Росатом»;;;
spb-astronomy;Санкт-Петербургская астрономическая олимпиада;;;;;
spb-olympiad;Санкт-Петербургская олимпиада школьников;;;;;В перечне — только профиль «математика» (olimpiada.ru/activity/246). Олимпиада по физике (241) — отдельная серия «Городская открытая олимпиада школьников по физике».
sibiriada;Сибириада. Шаг в мечту;"Олимпиада по экономике в рамках международного экономического фестиваля школьников ""Сибириада Шаг в мечту""";;;;
real-science;Твой путь в настоящую науку;;;;;
technocup;ТехноКубок;"Олимпиада школьников по программированию ""ТехноКубок""";;;;
tournament-of-towns;Турнир городов;;;;;
lomonosov-tournament;Турнир имени М.В. Ломоносова;Турнир Ломоносова|Турнир имени М.В. Ломоносов|Турнир имени М.В. Ломоносог;;;;
femida;Фемида;"Межрегиональная олимпиада по праву ""ФЕМИДА""";;;;
phystech;Физтех;"Олимпиада школьников ""Физтех""";Олимпиада школьников «Физтех»;;;
finatlon;Финатлон для старшеклассников;"""Финатлон для старшеклассников"" - Всероссийская олимпиада по финансовой грамотности, устойчивому развитию и защите прав потребителей финансовых услуг";;;;
formula-of-unity;Формула Единства;"""Формула единства""/""Третье тысячелетие""|Олимпиада «Формула Единства»/«Третье тысячелетие»";Олимпиада «Формула Единства»/«Третье тысячелетие»;;;
step-into-future;Шаг в будущее;"Олимпиада школьников ""Шаг в будущее""|Олимпиада «Шаг в будущее»";Олимпиада «Шаг в будущее»;4310|4308;;"Не входят в серию: 4310 — форум научной молодёжи, а не олимпиада; 4308 — конференция, а не олимпиада."
architecture-art-south;Южно-Российская олимпиада «Архитектура и искусство»;"XIX Южно-Российская межрегиональная олимпиада школьников ""Архитектура и искусство"" по комплексу предметов (рисунок, живопись, композиция, черчение)|Южно-Российская межрегиональная олимпиада школьников «Архитектура и искусство»";;;;
junior;Юниор;"Всероссийский конкурс научных работ школьников ""Юниор""";;;;
young-talents;Юные таланты;"Многопредметная олимпиада ""Юные таланты""";Многопредметная олимпиада «Юные таланты»;;;
legal-heights;Юридические высоты!;"Всероссийская олимпиада школьников ""Юридические высоты!""";;;;
vsosh-geography;ВсОШ по географии;Всероссийская олимпиада по географии;;;;
vsosh-history;ВсОШ по истории;Всероссийская олимпиада по истории;;;;
vsosh-literature;ВсОШ по литературе;Всероссийская олимпиада по литературе;;;;
vsosh-law;ВсОШ по праву;Всероссийская олимпиада по праву;;;;
vsosh-russian;ВсОШ по русскому языку;Всероссийская олимпиада по русскому языку;;;;
vsosh-foreign-languages;ВсОШ по иностранному языку;ВсОШ по иностранным языкам;;;;В льготах вузов — один профиль «иностранный язык»: к серии привязаны карточки ВсОШ по английскому, немецкому, французскому, испанскому, итальянскому и китайскому
levsha-heirs;Наследники Левши;Олимпиада «Наследники Левши»;;;;
umnitsy;Умницы и умники;Телевизионная гуманитарная олимпиада школьников «Умницы и умники»;;;;
