slug;type;description;site
itmo;state;Национальный исследовательский университет в Санкт-Петербурге. Известен подготовкой в области информационных технологий, программирования и фотоники.;https://itmo.ru
kazan-fu;state;Один из старейших университетов России, основан в 1804 году. Классический федеральный университет с естественно-научными, инженерными, медицинскими и гуманитарными направлениями.;https://kpfu.ru
kazan-gmu;state;Медицинский университет в Казани: подготовка врачей, провизоров и специалистов в области здравоохранения.;https://kazangmu.ru
msu;state;Крупнейший классический университет России, основан в 1755 году. Готовит специалистов по точным, естественным, гуманитарным и социальным наукам.;https://msu.ru
mipt;state;Один из ведущих технических университетов страны. Фундаментальная подготовка по физике, математике и информатике с ранним участием студентов в научной работе.;https://mipt.ru
nsu;state;Классический исследовательский университет в новосибирском Академгородке. Обучение тесно связано с институтами Сибирского отделения РАН.;https://www.nsu.ru
hse;state;Исследовательский университет с сильными программами в экономике, IT, математике, социальных и гуманитарных науках. Проводит олимпиаду «Высшая проба».;https://www.hse.ru
spbu;state;Старейший университет России, основан в 1724 году. Классический университет с широким выбором естественно-научных и гуманитарных направлений. Проводит собственную олимпиаду школьников.;https://spbu.ru
sechenov;state;Один из ведущих медицинских вузов страны: лечебное дело, педиатрия, стоматология, фармация и медико-биологические направления.;https://www.sechenov.ru
innopolis;private;Университет в городе Иннополис (Татарстан), специализирующийся на информационных технологиях и робототехнике. Большинство программ ведётся на английском языке.;https://innopolis.university
bmstu;state;Один из ведущих технических университетов России: инженерная подготовка в машиностроении, приборостроении, информатике и робототехнике.;https://bmstu.ru
mephi;state;Национальный исследовательский ядерный университет: ядерная физика и технологии, информационная безопасность, IT и инженерные направления.;https://mephi.ru
mgimo;state;Университет Министерства иностранных дел России: международные отношения, дипломатия, экономика, право и иностранные языки.;https://mgimo.ru
fa;state;Университет при Правительстве Российской Федерации: экономика, финансы, налоги, анализ данных и управление.;https://www.fa.ru
spbstu;state;Один из крупнейших технических университетов России: инженерные, IT, энергетические и экономические направления.;https://www.spbstu.ru
misis;state;Технологический университет в Москве: материаловедение, металлургия, горное дело, IT и новые технологии.;https://misis.ru
rea;state;Один из старейших экономических вузов России: экономика, менеджмент, торговля, финансы и IT.;https://www.rea.ru
ranepa;state;Президентская академия: государственное управление, экономика, право, социальные и гуманитарные науки.;https://www.ranepa.ru
urfu;state;Один из крупнейших университетов страны, расположен в Екатеринбурге: инженерные, естественно-научные, экономические и гуманитарные направления.;https://urfu.ru
rudn;state;Университет с многонациональным составом студентов: медицина, инженерия, экономика, право, филология и международные отношения.;https://www.rudn.ru
msal;state;Специализированный юридический университет: подготовка юристов по всем основным отраслям права.;https://msal.ru
muctr;state;Химико-технологический университет: химия, химическая технология, биотехнологии и материаловедение.;https://www.muctr.ru
mirea;state;Технологический университет: IT, радиоэлектроника, автоматизация, кибербезопасность и химические технологии.;https://www.mirea.ru
