slug;name;full_name;city;aliases
itmo;ИТМО;Национальный исследовательский университет ИТМО;Санкт-Петербург;
kazan-fu;КФУ;Казанский (Приволжский) федеральный университет;Казань;
kazan-gmu;Казанский ГМУ;Казанский государственный медицинский университет;Казань;
msu;МГУ им. М.В. Ломоносова;Московский государственный университет имени М.В. Ломоносова;Москва;МГУ
mipt;МФТИ;Московский физико-технический институт (национальный исследовательский университет);Долгопрудный;
nsu;НГУ;Новосибирский национальный исследовательский государственный университет;Новосибирск;
hse;НИУ ВШЭ;Национальный исследовательский университет «Высшая школа экономики»;Москва;ВШЭ
spbu;СПбГУ;Санкт-Петербургский государственный университет;Санкт-Петербург;
sechenov;Сеченовский Университет;Первый Московский государственный медицинский университет имени И.М. Сеченова;Москва;Первый МГМУ им. И.М. Сеченова
innopolis;Университет Иннополис;Университет Иннополис;Иннополис;
bmstu;МГТУ им. Н.Э. Баумана;Московский государственный технический университет имени Н.Э. Баумана;Москва;МГТУ им. Баумана|МГТУ
mephi;НИЯУ МИФИ;Национальный исследовательский ядерный университет «МИФИ»;Москва;МИФИ
mgimo;МГИМО;Московский государственный институт международных отношений (университет) МИД России;Москва;МГИМО МИД России
fa;Финансовый университет;Финансовый университет при Правительстве Российской Федерации;Москва;Финансовый университет при Правительстве РФ
spbstu;СПбПУ;Санкт-Петербургский политехнический университет Петра Великого;Санкт-Петербург;СПбПУ Петра Великого
misis;МИСИС;Университет науки и технологий МИСИС;Москва;НИТУ МИСИС
rea;РЭУ им. Г.В. Плеханова;Российский экономический университет имени Г.В. Плеханова;Москва;РЭУ
ranepa;РАНХиГС;Российская академия народного хозяйства и государственной службы при Президенте Российской Федерации;Москва;Президентская академия
urfu;УрФУ им. Б.Н. Ельцина;Уральский федеральный университет имени первого Президента России Б.Н. Ельцина;Екатеринбург;УрФУ
rudn;РУДН;Российский университет дружбы народов имени Патриса Лумумбы;Москва;РУДН им. Патриса Лумумбы
msal;МГЮА им. О.Е. Кутафина;Московский государственный юридический университет имени О.Е. Кутафина (МГЮА);Москва;МГЮА|Университет имени О.Е. Кутафина
muctr;РХТУ им. Д.И. Менделеева;Российский химико-технологический университет имени Д.И. Менделеева;Москва;РХТУ
mirea;МИРЭА;МИРЭА — Российский технологический университет;Москва;РТУ МИРЭА
tpu;ТПУ;Национальный исследовательский Томский политехнический университет;Томск;Томский политехнический университет
tsu;ТГУ;Национальный исследовательский Томский государственный университет;Томск;Томский государственный университет
rsmu;РНИМУ им. Пирогова;Российский национальный исследовательский медицинский университет имени Н. И. Пирогова;Москва;РНИМУ|Пироговский Университет|РНИМУ им. Н.И. Пирогова
mai;МАИ;Московский авиационный институт (национальный исследовательский университет);Москва;Московский авиационный институт
sfu;СФУ;Сибирский федеральный университет;Красноярск;
mpei;НИУ МЭИ;Национальный исследовательский университет «МЭИ»;Москва;МЭИ
dvfu;ДВФУ;Дальневосточный федеральный университет;Владивосток;
spmi;Горный университет;Санкт-Петербургский горный университет императрицы Екатерины II;Санкт-Петербург;Санкт-Петербургский горный университет
spbgmu-pavlov;ПСПбГМУ им. Павлова;Первый Санкт-Петербургский государственный медицинский университет имени академика И. П. Павлова;Санкт-Петербург;ПСПбГМУ|ПСПбГМУ им. И.П. Павлова
mgsu;НИУ МГСУ;Национальный исследовательский Московский государственный строительный университет;Москва;МГСУ
sfedu;ЮФУ;Южный федеральный университет;Ростов-на-Дону;
unn;ННГУ им. Лобачевского;Национальный исследовательский Нижегородский государственный университет им. Н. И. Лобачевского;Нижний Новгород;ННГУ|ННГУ им. Н.И. Лобачевского
etu;СПбГЭТУ «ЛЭТИ»;Санкт-Петербургский государственный электротехнический университет «ЛЭТИ» им. В. И. Ульянова (Ленина);Санкт-Петербург;ЛЭТИ|СПбГЭТУ ЛЭТИ
vavt;ВАВТ;Всероссийская академия внешней торговли Министерства экономического развития Российской Федерации;Москва;ВАВТ Минэкономразвития России
unecon;СПбГЭУ;Санкт-Петербургский государственный экономический университет;Санкт-Петербург;
